{"type":"FeatureCollection","features":[{"type":"Feature","geometry":{"type":"Point","coordinates":[32.5333,0.5833]},"properties":{"name":"Bombo","name_en":"Bombo","name_zh":null,"name_zht":null,"name_ja":null,"name_ko":null,"name_de":null,"name_fr":null,"name_es":null,"name_pt":"Bombo","name_ru":null,"pop_max":75000,"featurecla":"Admin-1 region capital","worldcity":0}},{"type":"Feature","geometry":{"type":"Point","coordinates":[30.275,0.671]},"properties":{"name":"Fort Portal","name_en":"Fort Portal","name_zh":"波特爾堡","name_zht":"波特爾堡","name_ja":"フォート・ポータル","name_ko":"포트포털","name_de":"Fort Portal","name_fr":"Fort Portal","name_es":"Fort Portal","name_pt":"Fort Portal","name_ru":"Форт-Портал","pop_max":42670,"featurecla":"Admin-1 region capital","worldcity":0}},{"type":"Feature","geometry":{"type":"Point","coordinates":[15.799,40.642]},"properties":{"name":"Potenza","name_en":"Potenza","name_zh":"波坦察","name_zht":"波坦察","name_ja":"ポテンツァ","name_ko":null,"name_de":"Potenza","name_fr":"Potenza","name_es":"Potenza","name_pt":"Potenza","name_ru":"Потенца","pop_max":69060,"featurecla":"Admin-1 region capital","worldcity":0}},{"type":"Feature","geometry":{"type":"Point","coordinates":[14.656,41.563]},"properties":{"name":"Campobasso","name_en":"Campobasso","name_zh":"坎波巴索","name_zht":"坎波巴索","name_ja":"カンポバッソ","name_ko":null,"name_de":"Campobasso","name_fr":"Campobasso","name_es":"Campobasso","name_pt":"Campobasso","name_ru":"Кампобассо","pop_max":50762,"featurecla":"Admin-1 region capital","worldcity":0}},{"type":"Feature","geometry":{"type":"Point","coordinates":[7.315,45.737]},"properties":{"name":"Aosta","name_en":"Aosta","name_zh":"奥斯塔","name_zht":"奥斯塔","name_ja":"アオスタ","name_ko":"아오스타","name_de":"Aosta","name_fr":"Aoste","name_es":"Aosta","name_pt":"Aosta","name_ru":"Аоста","pop_max":34062,"featurecla":"Admin-1 region capital","worldcity":0}},{"type":"Feature","geometry":{"type":"Point","coordinates":[19.949,60.097]},"properties":{"name":"Mariehamn","name_en":"Mariehamn","name_zh":"玛丽港","name_zht":"玛丽港","name_ja":"マリエハムン","name_ko":"마리에함","name_de":"Mariehamn","name_fr":"Mariehamn","name_es":"Mariehamn","name_pt":"Mariehamn","name_ru":"Мариехамн","pop_max":10682,"featurecla":"Admin-0 region capital","worldcity":0}},{"type":"Feature","geometry":{"type":"Point","coordinates":[35.2062,31.9029]},"properties":{"name":"Ramallah","name_en":"Ramallah","name_zh":"拉姆安拉","name_zht":"拉姆安拉","name_ja":"ラマッラー","name_ko":"라말라","name_de":"Ramallah","name_fr":"Ramallah","name_es":"Ramala","name_pt":"Ramallah","name_ru":"Рамалла","pop_max":24599,"featurecla":"Admin-0 region capital","worldcity":0}},{"type":"Feature","geometry":{"type":"Point","coordinates":[12.4534,41.9033]},"properties":{"name":"Vatican City","name_en":"Vatican City","name_zh":"梵蒂冈","name_zht":"梵蒂冈","name_ja":null,"name_ko":"바티칸","name_de":"Vatikanstadt","name_fr":"Vatican","name_es":"Ciudad del Vaticano","name_pt":"Vaticano","name_ru":"Ватикан","pop_max":832,"featurecla":"Admin-0 capital","worldcity":1}},{"type":"Feature","geometry":{"type":"Point","coordinates":[0.3333,46.5833]},"properties":{"name":"Poitier","name_en":"Poitiers","name_zh":"普瓦捷","name_zht":"普瓦捷","name_ja":"ポワチエ","name_ko":"푸아티에","name_de":"Poitiers","name_fr":"Poitiers","name_es":"Poitiers","name_pt":"Poitiers","name_ru":"Пуатье","pop_max":85960,"featurecla":"Admin-1 region capital","worldcity":0}},{"type":"Feature","geometry":{"type":"Point","coordinates":[3.08,45.78]},"properties":{"name":"Clermont-Ferrand","name_en":"Clermont-Ferrand","name_zh":"克莱蒙费朗","name_zht":"克莱蒙费朗","name_ja":"クレルモン＝フェラン","name_ko":"클레르몽페랑","name_de":"Clermont-Ferrand","name_fr":"Clermont-Ferrand","name_es":"Clermont-Ferrand","name_pt":"Clermont-Ferrand","name_ru":"Клермон-Ферран","pop_max":233050,"featurecla":"Admin-1 region capital","worldcity":0}},{"type":"Feature","geometry":{"type":"Point","coordinates":[6.03,47.23]},"properties":{"name":"Besançon","name_en":"Besançon","name_zh":"贝桑松","name_zht":"贝桑松","name_ja":"ブザンソン","name_ko":"브장송","name_de":"Besançon","name_fr":"Besançon","name_es":"Besanzón","name_pt":"Besançon","name_ru":"Безансон","pop_max":128426,"featurecla":"Admin-1 region capital","worldcity":0}},{"type":"Feature","geometry":{"type":"Point","coordinates":[-58.8639,-62.1739]},"properties":{"name":"Artigas Base","name_en":"Artigas Base","name_zh":"阿蒂加斯站","name_zht":"阿蒂加斯站","name_ja":null,"name_ko":null,"name_de":"Base Científica Antártica Artigas","name_fr":"Base Antartique General Artigas","name_es":"Base Científica Antártica Artigas","name_pt":null,"name_ru":"Артигас","pop_max":60,"featurecla":"Scientific station","worldcity":0}},{"type":"Feature","geometry":{"type":"Point","coordinates":[32.64,-13.6296]},"properties":{"name":"Chipata","name_en":"Chipata","name_zh":"奇帕塔","name_zht":"奇帕塔","name_ja":"チパタ","name_ko":"치파타","name_de":"Chipata","name_fr":"Chipata","name_es":"Chipata","name_pt":"Chipata","name_ru":"Чипата","pop_max":85963,"featurecla":"Admin-1 region capital","worldcity":0}},{"type":"Feature","geometry":{"type":"Point","coordinates":[33.1999,0.4404]},"properties":{"name":"Jinja","name_en":"Jinja","name_zh":"金賈","name_zht":"金賈","name_ja":"ジンジャ","name_ko":"진자","name_de":"Jinja","name_fr":"Jinja","name_es":"Jinja","name_pt":"Jinja","name_ru":"Джинджа","pop_max":301619,"featurecla":"Admin-1 region capital","worldcity":0}},{"type":"Feature","geometry":{"type":"Point","coordinates":[30.9,3.0204]},"properties":{"name":"Arua","name_en":"Arua","name_zh":"阿鲁阿","name_zht":"阿鲁阿","name_ja":null,"name_ko":"아루아","name_de":"Arua","name_fr":"Arua","name_es":"Arua","name_pt":"Arua","name_ru":"Аруа","pop_max":250000,"featurecla":"Admin-1 region capital","worldcity":0}},{"type":"Feature","geometry":{"type":"Point","coordinates":[34.17,1.0904]},"properties":{"name":"Mbale","name_en":"Mbale","name_zh":"姆巴萊","name_zht":"姆巴萊","name_ja":null,"name_ko":null,"name_de":"Mbale","name_fr":"Mbale","name_es":"Mbale","name_pt":"Mbale","name_ru":"Мбале","pop_max":402368,"featurecla":"Admin-1 region capital","worldcity":0}},{"type":"Feature","geometry":{"type":"Point","coordinates":[34.64,2.5403]},"properties":{"name":"Moroto","name_en":"Moroto Town","name_zh":null,"name_zht":null,"name_ja":null,"name_ko":null,"name_de":null,"name_fr":null,"name_es":null,"name_pt":null,"name_ru":null,"pop_max":371,"featurecla":"Admin-1 region capital","worldcity":0}},{"type":"Feature","geometry":{"type":"Point","coordinates":[31.73,-0.3296]},"properties":{"name":"Masaka","name_en":"Masaka","name_zh":null,"name_zht":null,"name_ja":null,"name_ko":null,"name_de":"Masaka","name_fr":"Masaka","name_es":"Masaka","name_pt":"Masaka","name_ru":"Масака","pop_max":65373,"featurecla":"Admin-1 region capital","worldcity":0}},{"type":"Feature","geometry":{"type":"Point","coordinates":[30.65,-0.5996]},"properties":{"name":"Mbarara","name_en":"Mbarara","name_zh":"姆巴拉拉","name_zht":"姆巴拉拉","name_ja":"ムバララ","name_ko":"음바라라","name_de":"Mbarara","name_fr":"Mbarara","name_es":"Mbarara","name_pt":"Mbarara","name_ru":"Мбарара","pop_max":83700,"featurecla":"Admin-1 region capital","worldcity":0}},{"type":"Feature","geometry":{"type":"Point","coordinates":[16.64,-20.4595]},"properties":{"name":"Otjiwarongo","name_en":"Otjiwarongo","name_zh":"奧奇瓦龍戈","name_zht":"奧奇瓦龍戈","name_ja":"オチワロンゴ","name_ko":null,"name_de":"Otjiwarongo","name_fr":"Otjiwarongo","name_es":"Otjiwarongo","name_pt":"Otjiwarongo","name_ru":"Очиваронго","pop_max":24815,"featurecla":"Admin-1 region capital","worldcity":0}},{"type":"Feature","geometry":{"type":"Point","coordinates":[11.34,44.5004]},"properties":{"name":"Bologna","name_en":"Bologna","name_zh":"博洛尼亚","name_zht":"博洛尼亚","name_ja":"ボローニャ","name_ko":"볼로냐","name_de":"Bologna","name_fr":"Bologne","name_es":"Bolonia","name_pt":"Bolonha","name_ru":"Болонья","pop_max":488172,"featurecla":"Admin-1 region capital","worldcity":0}},{"type":"Feature","geometry":{"type":"Point","coordinates":[9.104,39.2224]},"properties":{"name":"Cagliari","name_en":"Cagliari","name_zh":"卡利亚里","name_zht":"卡利亚里","name_ja":"カリャリ","name_ko":"칼리아리","name_de":"Cagliari","name_fr":"Cagliari","name_es":"Cagliari","name_pt":"Cagliari","name_ru":"Кальяри","pop_max":291511,"featurecla":"Admin-1 region capital","worldcity":0}},{"type":"Feature","geometry":{"type":"Point","coordinates":[16.6,38.9004]},"properties":{"name":"Catanzaro","name_en":"Catanzaro","name_zh":"卡坦扎罗","name_zht":"卡坦扎罗","name_ja":"カタンツァーロ","name_ko":"카탄차로","name_de":"Catanzaro","name_fr":"Catanzaro","name_es":"Catanzaro","name_pt":"Catanzaro","name_ru":"Катандзаро","pop_max":95251,"featurecla":"Admin-1 region capital","worldcity":0}},{"type":"Feature","geometry":{"type":"Point","coordinates":[16.8728,41.1142]},"properties":{"name":"Bari","name_en":"Bari","name_zh":"巴里","name_zht":"巴里","name_ja":"バーリ","name_ko":"바리","name_de":"Bari","name_fr":"Bari","name_es":"Bari","name_pt":"Bari","name_ru":"Бари","pop_max":500577,"featurecla":"Admin-1 region capital","worldcity":0}},{"type":"Feature","geometry":{"type":"Point","coordinates":[13.39,42.3504]},"properties":{"name":"L'Aquila","name_en":"L'Aquila","name_zh":"拉奎拉","name_zht":"拉奎拉","name_ja":"ラクイラ","name_ko":null,"name_de":"L’Aquila","name_fr":"L'Aquila","name_es":"L'Aquila","name_pt":"Áquila","name_ru":"Л’Акуила","pop_max":68503,"featurecla":"Admin-1 region capital","worldcity":0}},{"type":"Feature","geometry":{"type":"Point","coordinates":[13.4999,43.6004]},"properties":{"name":"Ancona","name_en":"Ancona","name_zh":"安科纳","name_zht":"安科纳","name_ja":"アンコーナ","name_ko":null,"name_de":"Ancona","name_fr":"Ancône","name_es":"Ancona","name_pt":"Ancona","name_ru":"Анкона","pop_max":100507,"featurecla":"Admin-1 region capital","worldcity":0}},{"type":"Feature","geometry":{"type":"Point","coordinates":[12.39,43.1104]},"properties":{"name":"Perugia","name_en":"Perugia","name_zh":"佩鲁贾","name_zht":"佩鲁贾","name_ja":"ペルージャ","name_ko":null,"name_de":"Perugia","name_fr":"Pérouse","name_es":"Perugia","name_pt":"Perúgia","name_ru":"Перуджа","pop_max":149125,"featurecla":"Admin-1 region capital","worldcity":0}},{"type":"Feature","geometry":{"type":"Point","coordinates":[13.8,45.6504]},"properties":{"name":"Trieste","name_en":"Trieste","name_zh":"的里雅斯特","name_zht":"的里雅斯特","name_ja":"トリエステ","name_ko":"트리에스테","name_de":"Triest","name_fr":"Trieste","name_es":"Trieste","name_pt":"Trieste","name_ru":"Триест","pop_max":216035,"featurecla":"Admin-1 region capital","worldcity":0}},{"type":"Feature","geometry":{"type":"Point","coordinates":[11.12,46.0804]},"properties":{"name":"Trento","name_en":"Trento","name_zh":"特伦托","name_zht":"特伦托","name_ja":"トレント","name_ko":"트렌토","name_de":"Trient","name_fr":"Trente","name_es":"Trento","name_pt":"Trento","name_ru":"Тренто","pop_max":107808,"featurecla":"Admin-1 region capital","worldcity":0}},{"type":"Feature","geometry":{"type":"Point","coordinates":[-61.08,14.6104]},"properties":{"name":"Fort-de-France","name_en":"Fort-de-France","name_zh":"法兰西堡","name_zht":"法兰西堡","name_ja":"フォール＝ド＝フランス","name_ko":"포르드프랑스","name_de":"Fort-de-France","name_fr":"Fort-de-France","name_es":"Fuerte de Francia","name_pt":"Fort-de-France","name_ru":"Фор-де-Франс","pop_max":253995,"featurecla":"Admin-1 region capital","worldcity":0}},{"type":"Feature","geometry":{"type":"Point","coordinates":[136.7628,35.4231]},"properties":{"name":"Gifu","name_en":"Gifu","name_zh":"岐阜市","name_zht":"岐阜","name_ja":"岐阜","name_ko":"기후 시","name_de":"Gifu","name_fr":"Gifu","name_es":"Gifu","name_pt":"Gifu","name_ru":"Гифу","pop_max":412895,"featurecla":"Admin-1 region capital","worldcity":0}},{"type":"Feature","geometry":{"type":"Point","coordinates":[-54.0325,5.4976]},"properties":{"name":"Saint-Laurent-du-Maroni","name_en":"Saint-Laurent-du-Maroni","name_zh":"马罗尼河畔圣洛朗","name_zht":"马罗尼河畔圣洛朗","name_ja":"サン＝ローラン＝デュ＝マロニ","name_ko":null,"name_de":"Saint-Laurent-du-Maroni","name_fr":"Saint-Laurent-du-Maroni","name_es":"Saint-Laurent-du-Maroni","name_pt":"Saint-Laurent-du-Maroni","name_ru":"Сен-Лоран-дю-Марони","pop_max":24287,"featurecla":"Admin-1 region capital","worldcity":0}},{"type":"Feature","geometry":{"type":"Point","coordinates":[-0.35,49.1838]},"properties":{"name":"Caen","name_en":"Caen","name_zh":"卡昂","name_zht":"卡昂","name_ja":"カーン","name_ko":"캉","name_de":"Caen","name_fr":"Caen","name_es":"Caen","name_pt":"Caen","name_ru":"Кан","pop_max":190099,"featurecla":"Admin-1 region capital","worldcity":0}},{"type":"Feature","geometry":{"type":"Point","coordinates":[-1.59,47.2104]},"properties":{"name":"Nantes","name_en":"Nantes","name_zh":"南特","name_zht":"南特","name_ja":"ナント","name_ko":null,"name_de":"Nantes","name_fr":"Nantes","name_es":"Nantes","name_pt":"Nantes","name_ru":"Нант","pop_max":438537,"featurecla":"Admin-1 region capital","worldcity":0}},{"type":"Feature","geometry":{"type":"Point","coordinates":[8.7283,41.9271]},"properties":{"name":"Ajaccio","name_en":"Ajaccio","name_zh":"阿雅克肖","name_zht":"阿雅克肖","name_ja":"アジャクシオ","name_ko":"아작시오","name_de":"Ajaccio","name_fr":"Ajaccio","name_es":"Ajaccio","name_pt":"Ajaccio","name_ru":"Аяччо","pop_max":54364,"featurecla":"Admin-1 region capital","worldcity":0}},{"type":"Feature","geometry":{"type":"Point","coordinates":[3.87,43.6104]},"properties":{"name":"Montpellier","name_en":"Montpellier","name_zh":"蒙彼利埃","name_zht":"蒙彼利埃","name_ja":"モンペリエ","name_ko":"몽펠리에","name_de":"Montpellier","name_fr":"Montpellier","name_es":"Montpellier","name_pt":"Montpellier","name_ru":"Монпелье","pop_max":327254,"featurecla":"Admin-1 region capital","worldcity":0}},{"type":"Feature","geometry":{"type":"Point","coordinates":[5.03,47.3304]},"properties":{"name":"Dijon","name_en":"Dijon","name_zh":"第戎","name_zht":"第戎","name_ja":"ディジョン","name_ko":"디종","name_de":"Dijon","name_fr":"Dijon","name_es":"Dijon","name_pt":"Dijon","name_ru":"Дижон","pop_max":169946,"featurecla":"Admin-1 region capital","worldcity":0}},{"type":"Feature","geometry":{"type":"Point","coordinates":[1.9,47.9004]},"properties":{"name":"Orléans","name_en":"Orléans","name_zh":"奥尔良","name_zht":"奥尔良","name_ja":"オルレアン","name_ko":"오를레앙","name_de":"Orléans","name_fr":"Orléans","name_es":"Orleans","name_pt":"Orleães","name_ru":"Орлеан","pop_max":217301,"featurecla":"Admin-1 region capital","worldcity":0}},{"type":"Feature","geometry":{"type":"Point","coordinates":[1.08,49.4304]},"properties":{"name":"Rouen","name_en":"Rouen","name_zh":"鲁昂","name_zht":"鲁昂","name_ja":"ルーアン","name_ko":"루앙","name_de":"Rouen","name_fr":"Rouen","name_es":"Ruan","name_pt":"Ruão","name_ru":"Руан","pop_max":532559,"featurecla":"Admin-1 region capital","worldcity":0}},{"type":"Feature","geometry":{"type":"Point","coordinates":[4.03,49.2504]},"properties":{"name":"Reims","name_en":"Reims","name_zh":"兰斯","name_zht":"汉斯","name_ja":"ランス","name_ko":"랭스","name_de":"Reims","name_fr":"Reims","name_es":"Reims","name_pt":"Reims","name_ru":"Реймс","pop_max":196565,"featurecla":"Admin-1 region capital","worldcity":0}},{"type":"Feature","geometry":{"type":"Point","coordinates":[2.3,49.9004]},"properties":{"name":"Amiens","name_en":"Amiens","name_zh":"亞眠","name_zht":"亞眠","name_ja":"アミアン","name_ko":"아미앵","name_de":"Amiens","name_fr":"Amiens","name_es":"Amiens","name_pt":"Amiens","name_ru":"Амьен","pop_max":143086,"featurecla":"Admin-1 region capital","worldcity":0}},{"type":"Feature","geometry":{"type":"Point","coordinates":[6.2,48.6837]},"properties":{"name":"Nancy","name_en":"Nancy","name_zh":"南希","name_zht":"南锡","name_ja":"ナンシー","name_ko":null,"name_de":"Nancy","name_fr":"Nancy","name_es":"Nancy","name_pt":"Nancy","name_ru":"Нанси","pop_max":268976,"featurecla":"Admin-1 region capital","worldcity":0}},{"type":"Feature","geometry":{"type":"Point","coordinates":[-61.7055,16.0104]},"properties":{"name":"Basse-terre","name_en":"Basse-Terre","name_zh":"巴斯特尔","name_zht":"巴斯特尔","name_ja":"バステール","name_ko":"바스테르","name_de":"Basse-Terre","name_fr":"Basse-Terre","name_es":"Basse-Terre","name_pt":"Basse-Terre","name_ru":"Бас-Тер","pop_max":307,"featurecla":"Admin-1 region capital","worldcity":0}},{"type":"Feature","geometry":{"type":"Point","coordinates":[19.8499,45.2504]},"properties":{"name":"Novi Sad","name_en":"Novi Sad","name_zh":"诺威萨","name_zht":"诺威萨","name_ja":"ノヴィ・サド","name_ko":"노비사드","name_de":"Novi Sad","name_fr":"Novi Sad","name_es":"Novi Sad","name_pt":"Novi Sad","name_ru":"Нови-Сад","pop_max":225457,"featurecla":"Admin-0 region capital","worldcity":0}},{"type":"Feature","geometry":{"type":"Point","coordinates":[17.18,44.7804]},"properties":{"name":"Banja Luka","name_en":"Banja Luka","name_zh":"巴尼亚卢卡","name_zht":"巴尼亚卢卡","name_ja":"バニャ・ルカ","name_ko":"바냐루카","name_de":"Banja Luka","name_fr":"Banja Luka","name_es":"Bania Luka","name_pt":"Banja Luka","name_ru":"Баня-Лука","pop_max":221738,"featurecla":"Admin-0 region capital","worldcity":0}},{"type":"Feature","geometry":{"type":"Point","coordinates":[-81.33,19.2804]},"properties":{"name":"George Town","name_en":"George Town","name_zh":"喬治敦","name_zht":"喬治敦","name_ja":"ジョージタウン","name_ko":"조지타운","name_de":"George Town","name_fr":"George Town","name_es":"George Town","name_pt":"George Town","name_ru":"Джорджтаун","pop_max":4268,"featurecla":"Admin-0 region capital","worldcity":0}},{"type":"Feature","geometry":{"type":"Point","coordinates":[-71.136,21.4664]},"properties":{"name":"Grand Turk","name_en":"Cockburn Town","name_zh":"大特克島","name_zht":"科伯恩城","name_ja":null,"name_ko":"그랜드 터크","name_de":"Cockburn Town","name_fr":"Cockburn Town","name_es":"Cockburn Town","name_pt":"Cockburn Town","name_ru":"Коберн-Таун","pop_max":5801,"featurecla":"Admin-0 region capital","worldcity":0}},{"type":"Feature","geometry":{"type":"Point","coordinates":[-4.48,54.1504]},"properties":{"name":"Douglas","name_en":"Douglas","name_zh":"道格拉斯","name_zht":"道格拉斯","name_ja":"ダグラス","name_ko":"더글러스","name_de":"Douglas","name_fr":"Douglas","name_es":"Douglas","name_pt":"Douglas","name_ru":"Дуглас","pop_max":35854,"featurecla":"Admin-0 region capital","worldcity":0}},{"type":"Feature","geometry":{"type":"Point","coordinates":[12.4418,43.9361]},"properties":{"name":"San Marino","name_en":"San Marino","name_zh":"聖馬力諾","name_zht":"聖馬力諾","name_ja":"サンマリノ市","name_ko":"산마리노","name_de":"San Marino","name_fr":"Ville de Saint-Marin","name_es":"San Marino","name_pt":"San Marino","name_ru":"Сан-Марино","pop_max":29579,"featurecla":"Admin-0 capital","worldcity":0}},{"type":"Feature","geometry":{"type":"Point","coordinates":[-69.02,12.2004]},"properties":{"name":"Willemstad","name_en":"Willemstad","name_zh":"威廉斯塔德","name_zht":"威廉斯塔德","name_ja":"ウィレムスタット","name_ko":"빌렘스타트","name_de":"Willemstad","name_fr":"Willemstad","name_es":"Willemstad","name_pt":"Willemstad","name_ru":"Виллемстад","pop_max":146813,"featurecla":"Admin-0 region capital","worldcity":0}},{"type":"Feature","geometry":{"type":"Point","coordinates":[-70.029,12.5304]},"properties":{"name":"Oranjestad","name_en":"Oranjestad","name_zh":"奥拉涅斯塔德","name_zht":"奥腊涅斯塔德","name_ja":"オラニエスタッド","name_ko":"오라녜스타트","name_de":"Oranjestad","name_fr":"Oranjestad","name_es":"Oranjestad","name_pt":"Oranjestad","name_ru":"Ораньестад","pop_max":68775,"featurecla":"Admin-0 region capital","worldcity":0}},{"type":"Feature","geometry":{"type":"Point","coordinates":[9.5167,47.1337]},"properties":{"name":"Vaduz","name_en":"Vaduz","name_zh":"瓦都茲","name_zht":"瓦都茲","name_ja":"ファドゥーツ","name_ko":"파두츠","name_de":"Vaduz","name_fr":"Vaduz","name_es":"Vaduz","name_pt":"Vaduz","name_ru":"Вадуц","pop_max":36281,"featurecla":"Admin-0 capital","worldcity":0}},{"type":"Feature","geometry":{"type":"Point","coordinates":[-59.6833,-62.4995]},"properties":{"name":"Capitan Arturo Prat Station","name_en":"Captain Arturo Prat Base","name_zh":null,"name_zht":null,"name_ja":null,"name_ko":null,"name_de":"Arturo-Prat-Station","name_fr":"base navale Capitán Arturo Prat","name_es":"Base Naval Capitán Arturo Prat","name_pt":"Base Capitão Arturo Prat","name_ru":null,"pop_max":41,"featurecla":"Scientific station","worldcity":0}},{"type":"Feature","geometry":{"type":"Point","coordinates":[-56.65,-64.2329]},"properties":{"name":"Marambio Base","name_en":"Marambio Base","name_zh":"马兰比奥海军准将站","name_zht":"马兰比奥海军准将站","name_ja":null,"name_ko":null,"name_de":"Marambio-Station","name_fr":"Base Antarctique Marambio","name_es":"Base Marambio","name_pt":null,"name_ru":"Марамбио","pop_max":150,"featurecla":"Scientific station","worldcity":0}},{"type":"Feature","geometry":{"type":"Point","coordinates":[164.219,-74.6192]},"properties":{"name":"Zucchelli Station","name_en":"Zucchelli Station","name_zh":null,"name_zht":null,"name_ja":null,"name_ko":null,"name_de":"Mario-Zucchelli-Station","name_fr":"Station Mario Zucchelli","name_es":"Base Mario Zucchelli","name_pt":"Estação Zucchelli","name_ru":null,"pop_max":80,"featurecla":"Scientific station","worldcity":0}},{"type":"Feature","geometry":{"type":"Point","coordinates":[-68.1235,-67.5648]},"properties":{"name":"Rothera Station","name_en":"Rothera Research Station","name_zh":"的黎波里","name_zht":"罗瑟拉站","name_ja":"トリポリ","name_ko":"트리폴리","name_de":"Rothera-Station","name_fr":"Base Antarctique Rothera","name_es":"Base Rothera","name_pt":null,"name_ru":null,"pop_max":130,"featurecla":"Scientific station","worldcity":0}},{"type":"Feature","geometry":{"type":"Point","coordinates":[-64.0469,-64.7624]},"properties":{"name":"Palmer Station","name_en":"Palmer Station","name_zh":"的黎波里","name_zht":"帕尔默站","name_ja":"トリポリ","name_ko":"트리폴리","name_de":"Palmer-Station","name_fr":"Base Antarctique Palmer","name_es":"Base Palmer","name_pt":null,"name_ru":"Палмер","pop_max":46,"featurecla":"Scientific station","worldcity":0}},{"type":"Feature","geometry":{"type":"Point","coordinates":[-58.9077,-62.1827]},"properties":{"name":"Base Presidente Montalva","name_en":"Base Presidente Eduardo Frei Montalva","name_zh":"爱德华多·弗雷·蒙塔尔瓦总统基地","name_zht":"爱德华多·弗雷·蒙塔尔瓦总统基地","name_ja":null,"name_ko":null,"name_de":null,"name_fr":"Base Presidente Eduardo Frei Montalva","name_es":"Base Presidente Eduardo Frei Montalva","name_pt":"Base Presidente Eduardo Frei Montalva","name_ru":"Президент Эдуардо Фрей Монталва","pop_max":150,"featurecla":"Scientific station","worldcity":0}},{"type":"Feature","geometry":{"type":"Point","coordinates":[-58.6505,-62.2241]},"properties":{"name":"Carlini Base","name_en":"Carlini Station","name_zh":"卡里尼站","name_zht":"卡里尼站","name_ja":null,"name_ko":null,"name_de":"Carlini-Station","name_fr":"base antarctique Carlini","name_es":"Base Carlini","name_pt":"Jubany","name_ru":null,"pop_max":60,"featurecla":"Scientific station","worldcity":0}},{"type":"Feature","geometry":{"type":"Point","coordinates":[-58.7716,-62.2249]},"properties":{"name":"King Sejong Station","name_en":"King Sejong Station","name_zh":"的黎波里","name_zht":"世宗科學基地","name_ja":"トリポリ","name_ko":"트리폴리","name_de":"König-Sejong-Station","name_fr":"Base Antarctique du roi Sejong","name_es":"Base Rey Sejong","name_pt":null,"name_ru":null,"pop_max":90,"featurecla":"Scientific station","worldcity":0}},{"type":"Feature","geometry":{"type":"Point","coordinates":[-58.9667,-62.2163]},"properties":{"name":"Great Wall Station","name_en":"Great Wall Station","name_zh":"中国南极长城站","name_zht":"中国南极长城站","name_ja":null,"name_ko":"장성 기지","name_de":"Große-Mauer-Station","name_fr":"Base Antarctique Grande Muraille","name_es":"Base Gran Muralla","name_pt":"Estação Antártica da Grande Muralha","name_ru":"Чанчэн","pop_max":40,"featurecla":"Scientific station","worldcity":0}},{"type":"Feature","geometry":{"type":"Point","coordinates":[-58.9527,-62.195]},"properties":{"name":"Escudero Base","name_en":"Escudero Base","name_zh":"的黎波里","name_zht":null,"name_ja":"トリポリ","name_ko":"트리폴리","name_de":null,"name_fr":null,"name_es":null,"name_pt":null,"name_ru":null,"pop_max":20,"featurecla":"Scientific station","worldcity":0}},{"type":"Feature","geometry":{"type":"Point","coordinates":[-58,-61.9996]},"properties":{"name":"Elephant Island","name_en":"Elephant Island","name_zh":"的黎波里","name_zht":null,"name_ja":"トリポリ","name_ko":"트리폴리","name_de":null,"name_fr":null,"name_es":null,"name_pt":null,"name_ru":null,"pop_max":6,"featurecla":"Scientific station","worldcity":0}},{"type":"Feature","geometry":{"type":"Point","coordinates":[166.7491,-77.8469]},"properties":{"name":"Scott Base","name_en":"Scott Base","name_zh":"斯科特基地","name_zht":"斯科特基地","name_ja":null,"name_ko":null,"name_de":"Scott Base","name_fr":"Base Antarctique Scott","name_es":"Base Scott","name_pt":"Base Scott","name_ru":"Скотт-Бейс","pop_max":85,"featurecla":"Scientific station","worldcity":0}},{"type":"Feature","geometry":{"type":"Point","coordinates":[166.8694,-77.7323]},"properties":{"name":"McMurdo Station","name_en":"McMurdo Station","name_zh":"的黎波里","name_zht":"麥克默多站","name_ja":"トリポリ","name_ko":"트리폴리","name_de":"McMurdo-Station","name_fr":"Base Antarctique McMurdo","name_es":"Base McMurdo","name_pt":"Estação McMurdo","name_ru":"Мак-Мёрдо","pop_max":1000,"featurecla":"Scientific station","worldcity":0}},{"type":"Feature","geometry":{"type":"Point","coordinates":[76.3393,-69.4341]},"properties":{"name":"Zhongshan Station","name_en":"Zhongshan Station","name_zh":"中国南极中山站","name_zht":"中国南极中山站","name_ja":"中山基地","name_ko":"중샨 기지","name_de":"Zhongshan-Station","name_fr":"Base Antarctique Zhongshan","name_es":"Base Zhongshan","name_pt":null,"name_ru":"Чжуншань","pop_max":60,"featurecla":"Scientific station","worldcity":0}},{"type":"Feature","geometry":{"type":"Point","coordinates":[106.8,-78.4663]},"properties":{"name":"Vostok","name_en":"Vostok Station","name_zh":"沃斯托克站","name_zht":"沃斯托克站","name_ja":null,"name_ko":null,"name_de":"Wostok-Station","name_fr":"Base Antarctique Vostok","name_es":"Base Vostok","name_pt":"Estação Vostok","name_ru":"Восток","pop_max":25,"featurecla":"Scientific station","worldcity":0}},{"type":"Feature","geometry":{"type":"Point","coordinates":[-90.5966,-68.7556]},"properties":{"name":"Peter I Island","name_en":"Peter I Island","name_zh":"的黎波里","name_zht":null,"name_ja":"トリポリ","name_ko":"트리폴리","name_de":null,"name_fr":null,"name_es":null,"name_pt":null,"name_ru":null,"pop_max":1,"featurecla":"Scientific station","worldcity":0}},{"type":"Feature","geometry":{"type":"Point","coordinates":[93.0063,-66.5755]},"properties":{"name":"Mirny Station","name_en":"Mirny Station","name_zh":"的黎波里","name_zht":"米爾尼站","name_ja":"トリポリ","name_ko":"트리폴리","name_de":"Mirny-Station","name_fr":"Base Antarctique Mirny","name_es":"Base Mirni","name_pt":"Estação Mirny","name_ru":"Мирный","pop_max":169,"featurecla":"Scientific station","worldcity":0}},{"type":"Feature","geometry":{"type":"Point","coordinates":[62.875,-67.6145]},"properties":{"name":"Mawson Station","name_en":"Mawson Station","name_zh":"莫森站","name_zht":"莫森站","name_ja":null,"name_ko":null,"name_de":"Mawson-Station","name_fr":"Base Antarctique Mawson","name_es":"Base Mawson","name_pt":null,"name_ru":"Моусон","pop_max":60,"featurecla":"Scientific station","worldcity":0}},{"type":"Feature","geometry":{"type":"Point","coordinates":[78.1407,-68.7777]},"properties":{"name":"Davis Station","name_en":"Davis Station","name_zh":"戴维斯站","name_zht":"戴维斯站","name_ja":null,"name_ko":null,"name_de":"Davis-Station","name_fr":"base antarctique Davis","name_es":"Base Davis","name_pt":null,"name_ru":"Дейвис","pop_max":70,"featurecla":"Scientific station","worldcity":0}},{"type":"Feature","geometry":{"type":"Point","coordinates":[124.167,-74.6663]},"properties":{"name":"Concordia Research Station","name_en":"Concordia Station","name_zh":"的黎波里","name_zht":"康宏站","name_ja":"トリポリ","name_ko":"트리폴리","name_de":"Station Dome Concordia","name_fr":"base antarctique Concordia","name_es":"Base Concordia","name_pt":"Base Concordia","name_ru":"Конкордия","pop_max":30,"featurecla":"Scientific station","worldcity":0}},{"type":"Feature","geometry":{"type":"Point","coordinates":[110.5362,-66.2861]},"properties":{"name":"Casey Station","name_en":"Casey Station","name_zh":"的黎波里","name_zht":"凯西站","name_ja":"トリポリ","name_ko":"트리폴리","name_de":"Casey-Station","name_fr":"base antarctique Casey","name_es":"Base Casey","name_pt":null,"name_ru":"Кейси","pop_max":200,"featurecla":"Scientific station","worldcity":0}},{"type":"Feature","geometry":{"type":"Point","coordinates":[176.9945,-90]},"properties":{"name":"AmundseniScott South Pole Station","name_en":"Amundsen–Scott South Pole Station","name_zh":"阿蒙森-史考特南極站","name_zht":"阿蒙森-史考特南極站","name_ja":null,"name_ko":null,"name_de":"Amundsen-Scott-Südpolstation","name_fr":"Base antarctique Amundsen-Scott","name_es":"Base Amundsen-Scott","name_pt":"Estação Polo Sul Amundsen-Scott","name_ru":"Амундсен — Скотт","pop_max":200,"featurecla":"Scientific station","worldcity":0}},{"type":"Feature","geometry":{"type":"Point","coordinates":[-13.4167,-73.0496]},"properties":{"name":"Wasa Station","name_en":"Wasa Research Station","name_zh":null,"name_zht":null,"name_ja":null,"name_ko":null,"name_de":"Wasa-Station","name_fr":"Base Antarctique Wasa","name_es":"Base Wasa","name_pt":null,"name_ru":"Васа","pop_max":10,"featurecla":"Scientific station","worldcity":0}},{"type":"Feature","geometry":{"type":"Point","coordinates":[2.5333,-72.0163]},"properties":{"name":"Troll Station","name_en":"Troll","name_zh":"特羅爾站","name_zht":"特羅爾站","name_ja":null,"name_ko":null,"name_de":"Troll","name_fr":"Base Antarctique Troll","name_es":"Base Troll","name_pt":null,"name_ru":null,"pop_max":44,"featurecla":"Scientific station","worldcity":0}},{"type":"Feature","geometry":{"type":"Point","coordinates":[-11.2167,-74.5829]},"properties":{"name":"Svea Station","name_en":"Svea","name_zh":"斯維站","name_zht":"斯維站","name_ja":null,"name_ko":null,"name_de":null,"name_fr":null,"name_es":"Base Svea","name_pt":null,"name_ru":null,"pop_max":10,"featurecla":"Scientific station","worldcity":0}},{"type":"Feature","geometry":{"type":"Point","coordinates":[-11.8502,-71.3012]},"properties":{"name":"Novolazarevskaya Station","name_en":"Novolazarevskaya Station","name_zh":"的黎波里","name_zht":null,"name_ja":"トリポリ","name_ko":"트리폴리","name_de":null,"name_fr":null,"name_es":null,"name_pt":null,"name_ru":null,"pop_max":70,"featurecla":"Scientific station","worldcity":0}},{"type":"Feature","geometry":{"type":"Point","coordinates":[-7.8384,-70.8904]},"properties":{"name":"Neumayer Station III","name_en":"Neumayer-Station III","name_zh":"格奥尔格冯诺伊迈尔站","name_zht":"格奥尔格冯诺伊迈尔站","name_ja":null,"name_ko":null,"name_de":"Neumayer-Station III","name_fr":"Base Antarctique Neumayer","name_es":"Neumayer-Station III","name_pt":null,"name_ru":null,"pop_max":40,"featurecla":"Scientific station","worldcity":0}},{"type":"Feature","geometry":{"type":"Point","coordinates":[11.7305,-70.7822]},"properties":{"name":"Maitri Station","name_en":"Maitri","name_zh":"邁特里站","name_zht":"邁特里站","name_ja":null,"name_ko":null,"name_de":null,"name_fr":"base antarctique Maitri","name_es":"Base Maitri","name_pt":"Estação Maitri","name_ru":"Майтри","pop_max":65,"featurecla":"Scientific station","worldcity":0}},{"type":"Feature","geometry":{"type":"Point","coordinates":[-26.4742,-76.0923]},"properties":{"name":"Halley Station","name_en":"Halley Research Station","name_zh":"哈雷研究站","name_zht":"哈雷研究站","name_ja":null,"name_ko":null,"name_de":"Halley-Station","name_fr":"base antarctique Halley","name_es":"Base Halley","name_pt":"Estação Halley","name_ru":"Халли","pop_max":70,"featurecla":"Scientific station","worldcity":0}},{"type":"Feature","geometry":{"type":"Point","coordinates":[-34.6167,-77.8663]},"properties":{"name":"Belgrano II Base","name_en":"Belgrano II Base","name_zh":null,"name_zht":null,"name_ja":null,"name_ko":null,"name_de":null,"name_fr":"base antarctique Belgrano II","name_es":"Base Belgrano II","name_pt":"Base Belgrano II","name_ru":"Бельграно II","pop_max":100,"featurecla":"Scientific station","worldcity":0}},{"type":"Feature","geometry":{"type":"Point","coordinates":[-40.5015,-81.1791]},"properties":{"name":"Sobral Base","name_en":"Sobral Base","name_zh":null,"name_zht":null,"name_ja":null,"name_ko":null,"name_de":null,"name_fr":null,"name_es":"Base Sobral","name_pt":null,"name_ru":null,"pop_max":40,"featurecla":"Scientific station","worldcity":0}},{"type":"Feature","geometry":{"type":"Point","coordinates":[-13.4167,-75.0496]},"properties":{"name":"Aboa Station","name_en":"Aboa Station","name_zh":"的黎波里","name_zht":null,"name_ja":"トリポリ","name_ko":"트리폴리","name_de":null,"name_fr":null,"name_es":null,"name_pt":null,"name_ru":null,"pop_max":18,"featurecla":"Scientific station","worldcity":0}},{"type":"Feature","geometry":{"type":"Point","coordinates":[-67.1,-68.1163]},"properties":{"name":"San Martín Base","name_en":"San Martín Base","name_zh":"聖馬丁站","name_zht":"聖馬丁站","name_ja":null,"name_ko":null,"name_de":null,"name_fr":"Base Antarctique San Martín","name_es":"Base San Martín","name_pt":"Base San Martín","name_ru":null,"pop_max":20,"featurecla":"Scientific station","worldcity":0}},{"type":"Feature","geometry":{"type":"Point","coordinates":[-57.8896,-63.3284]},"properties":{"name":"Gen. O'Higgins Base","name_en":"Base General Bernardo O'Higgins Riquelme","name_zh":"的黎波里","name_zht":null,"name_ja":"トリポリ","name_ko":"트리폴리","name_de":null,"name_fr":"Base General Bernardo O'Higgins","name_es":"Base General Bernardo O'Higgins","name_pt":"Base General Bernardo O'Higgins","name_ru":"О`Хиггинс","pop_max":44,"featurecla":"Scientific station","worldcity":0}},{"type":"Feature","geometry":{"type":"Point","coordinates":[-57.0259,-63.3753]},"properties":{"name":"Esperanza Station","name_en":"Esperanza Base","name_zh":"的黎波里","name_zht":"埃斯佩蘭薩基地","name_ja":"トリポリ","name_ko":"트리폴리","name_de":"Esperanza-Station","name_fr":"Base Antarctique Esperanza","name_es":"Base Esperanza","name_pt":"Base Esperanza","name_ru":"Эсперанса","pop_max":250,"featurecla":"Scientific station","worldcity":0}},{"type":"Feature","geometry":{"type":"Point","coordinates":[-44.7333,-60.7329]},"properties":{"name":"Orcadas Station","name_en":"Orcadas Base","name_zh":"奥尔卡达斯站","name_zht":"奥尔卡达斯站","name_ja":null,"name_ko":null,"name_de":"Orcadas-Station","name_fr":"base antarctique Orcadas","name_es":"Base Orcadas","name_pt":"Base Orcadas","name_ru":"Оркадас","pop_max":45,"featurecla":"Scientific station","worldcity":0}},{"type":"Feature","geometry":{"type":"Point","coordinates":[-45.6007,-60.6313]},"properties":{"name":"Signy Research Station","name_en":"Signy Research Station","name_zh":"锡格兰尼岛站","name_zht":"锡格兰尼岛站","name_ja":null,"name_ko":null,"name_de":"Signy-Station","name_fr":"Base antarctique Signy","name_es":"Base Signy","name_pt":"Estação de pesquisa Signy","name_ru":null,"pop_max":8,"featurecla":"Scientific station","worldcity":0}},{"type":"Feature","geometry":{"type":"Point","coordinates":[139.9637,-66.7751]},"properties":{"name":"Dumont d'Urville Station","name_en":"Dumont d'Urville Station","name_zh":"的黎波里","name_zht":"迪蒙·迪维尔站","name_ja":"トリポリ","name_ko":"트리폴리","name_de":"Dumont-d’Urville-Station","name_fr":"Base Antarctique Dumont-d'Urville","name_es":"Estación Dumont d'Urville","name_pt":null,"name_ru":"Дюмон д’Юрвиль","pop_max":120,"featurecla":"Scientific station","worldcity":0}},{"type":"Feature","geometry":{"type":"Point","coordinates":[39.7461,-69.0304]},"properties":{"name":"Showa Station","name_en":"Showa Station","name_zh":"昭和基地","name_zht":"昭和基地","name_ja":"昭和基地","name_ko":"쇼와 기지","name_de":"Shōwa-Station","name_fr":"Base antarctique Shōwa","name_es":"Base Syowa","name_pt":"Estação Showa","name_ru":"Сёва","pop_max":60,"featurecla":"Scientific station","worldcity":0}},{"type":"Feature","geometry":{"type":"Point","coordinates":[-5.3781,36.1324]},"properties":{"name":"Gibraltar","name_en":"Gibraltar","name_zh":"直布罗陀","name_zht":"直布罗陀","name_ja":"ジブラルタル","name_ko":"지브롤터","name_de":"Gibraltar","name_fr":"Gibraltar","name_es":"Gibraltar","name_pt":"Gibraltar","name_ru":"Гибралтар","pop_max":187083,"featurecla":"Admin-0 region capital","worldcity":0}},{"type":"Feature","geometry":{"type":"Point","coordinates":[31.2,-26.4667]},"properties":{"name":"Lobamba","name_en":"Lobamba","name_zh":"洛班巴","name_zht":"洛班巴","name_ja":"ロバンバ","name_ko":"로밤바","name_de":"Lobamba","name_fr":"Lobamba","name_es":"Lobamba","name_pt":"Lobamba","name_ru":"Лобамба","pop_max":9782,"featurecla":"Admin-0 capital alt","worldcity":0}},{"type":"Feature","geometry":{"type":"Point","coordinates":[-3.2191,55.9483]},"properties":{"name":"Edinburgh","name_en":"Edinburgh","name_zh":"爱丁堡","name_zht":"爱丁堡","name_ja":"エディンバラ","name_ko":"에든버러","name_de":"Edinburgh","name_fr":"Édimbourg","name_es":"Edimburgo","name_pt":"Edimburgo","name_ru":"Эдинбург","pop_max":504966,"featurecla":"Admin-0 region capital","worldcity":0}},{"type":"Feature","geometry":{"type":"Point","coordinates":[-3.225,51.5]},"properties":{"name":"Cardiff","name_en":"Cardiff","name_zh":"加的夫","name_zht":"加的夫","name_ja":"カーディフ","name_ko":"카디프","name_de":"Cardiff","name_fr":"Cardiff","name_es":"Cardiff","name_pt":"Cardiff","name_ru":"Кардифф","pop_max":861400,"featurecla":"Admin-0 region capital","worldcity":0}},{"type":"Feature","geometry":{"type":"Point","coordinates":[15.55,78.2167]},"properties":{"name":"Longyearbyen","name_en":"Longyearbyen","name_zh":"朗伊爾城","name_zht":"朗伊爾城","name_ja":"ロングイェールビーン","name_ko":"롱위에아르뷔엔","name_de":"Longyearbyen","name_fr":"Longyearbyen","name_es":"Longyearbyen","name_pt":"Longyearbyen","name_ru":"Лонгйир","pop_max":1232,"featurecla":"Admin-0 region capital","worldcity":0}},{"type":"Feature","geometry":{"type":"Point","coordinates":[6.13,49.6117]},"properties":{"name":"Luxembourg","name_en":"Luxembourg","name_zh":"盧森堡市","name_zht":"盧森堡","name_ja":"ルクセンブルク","name_ko":"룩셈부르크","name_de":"Luxemburg","name_fr":"Luxembourg","name_es":"Luxemburgo","name_pt":"Luxemburgo","name_ru":"Люксембург","pop_max":107260,"featurecla":"Admin-0 capital","worldcity":0}},{"type":"Feature","geometry":{"type":"Point","coordinates":[7.668,45.0723]},"properties":{"name":"Turin","name_en":"Turin","name_zh":"都灵","name_zht":"都灵","name_ja":"トリノ","name_ko":"투린","name_de":"Turin","name_fr":"Turin","name_es":"Turín","name_pt":"Turim","name_ru":"Турин","pop_max":1652000,"featurecla":"Admin-1 region capital","worldcity":0}},{"type":"Feature","geometry":{"type":"Point","coordinates":[166.4443,-22.2625]},"properties":{"name":"Nouméa","name_en":"Nouméa","name_zh":"努美阿","name_zht":"努美阿","name_ja":"ヌメア","name_ko":"누메아","name_de":"Nouméa","name_fr":"Nouméa","name_es":"Numea","name_pt":"Nouméa","name_ru":"Нумеа","pop_max":93060,"featurecla":"Admin-0 region capital","worldcity":0}},{"type":"Feature","geometry":{"type":"Point","coordinates":[132.7658,33.8455]},"properties":{"name":"Matsuyama","name_en":"Matsuyama","name_zh":"的黎波里","name_zht":"松山","name_ja":"トリポリ","name_ko":"트리폴리","name_de":"Matsuyama","name_fr":"Matsuyama","name_es":"Matsuyama","name_pt":"Matsuyama","name_ru":"Мацуяма","pop_max":533541,"featurecla":"Admin-1 region capital","worldcity":0}},{"type":"Feature","geometry":{"type":"Point","coordinates":[-1.67,48.1]},"properties":{"name":"Rennes","name_en":"Rennes","name_zh":"雷恩","name_zht":"雷恩","name_ja":"レンヌ","name_ko":"렌","name_de":"Rennes","name_fr":"Rennes","name_es":"Rennes","name_pt":"Rennes","name_ru":"Ренн","pop_max":209375,"featurecla":"Admin-1 region capital","worldcity":0}},{"type":"Feature","geometry":{"type":"Point","coordinates":[1.448,43.6219]},"properties":{"name":"Toulouse","name_en":"Toulouse","name_zh":"圖盧茲","name_zht":"圖盧茲","name_ja":"トゥールーズ","name_ko":"툴루즈","name_de":"Toulouse","name_fr":"Toulouse","name_es":"Toulouse","name_pt":"Toulouse","name_ru":"Тулуза","pop_max":847000,"featurecla":"Admin-1 region capital","worldcity":0}},{"type":"Feature","geometry":{"type":"Point","coordinates":[1.25,45.83]},"properties":{"name":"Limoges","name_en":"Limoges","name_zh":"利摩日","name_zht":"利摩日","name_ja":"リモージュ","name_ko":"리모주","name_de":"Limoges","name_fr":"Limoges","name_es":"Limoges","name_pt":"Limoges","name_ru":"Лимож","pop_max":152199,"featurecla":"Admin-1 region capital","worldcity":0}},{"type":"Feature","geometry":{"type":"Point","coordinates":[3.0781,50.6519]},"properties":{"name":"Lille","name_en":"Lille","name_zh":"里尔","name_zht":"里尔","name_ja":"リール","name_ko":"릴","name_de":"Lille","name_fr":"Lille","name_es":"Lille","name_pt":"Lille","name_ru":"Лилль","pop_max":1044000,"featurecla":"Admin-1 region capital","worldcity":0}},{"type":"Feature","geometry":{"type":"Point","coordinates":[7.75,48.58]},"properties":{"name":"Strasbourg","name_en":"Strasbourg","name_zh":"斯特拉斯堡","name_zht":"斯特拉斯堡","name_ja":"ストラスブール","name_ko":"스트라스부르","name_de":"Straßburg","name_fr":"Strasbourg","name_es":"Estrasburgo","name_pt":"Estrasburgo","name_ru":"Страсбург","pop_max":439972,"featurecla":"Admin-1 region capital","worldcity":0}},{"type":"Feature","geometry":{"type":"Point","coordinates":[41.63,41.6]},"properties":{"name":"Batumi","name_en":"Batumi","name_zh":"巴统","name_zht":"巴统","name_ja":"バトゥミ","name_ko":"바투미","name_de":"Batumi","name_fr":"Batoumi","name_es":"Batumi","name_pt":"Batumi","name_ru":"Батуми","pop_max":155542,"featurecla":"Admin-0 region capital","worldcity":0}},{"type":"Feature","geometry":{"type":"Point","coordinates":[-16.88,32.65]},"properties":{"name":"Funchal","name_en":"Funchal","name_zh":"丰沙尔","name_zht":"丰沙尔","name_ja":"フンシャル","name_ko":"푼샬","name_de":"Funchal","name_fr":"Funchal","name_es":"Funchal","name_pt":"Funchal","name_ru":"Фуншал","pop_max":204767,"featurecla":"Admin-0 region capital","worldcity":0}},{"type":"Feature","geometry":{"type":"Point","coordinates":[25.35,13.63]},"properties":{"name":"El Fasher","name_en":"Al-Fashir","name_zh":"法希尔","name_zht":"法希尔","name_ja":"エルファシャー","name_ko":null,"name_de":"Al-Faschir","name_fr":"El Fasher","name_es":"El Fasher","name_pt":"Al-Fashir","name_ru":"Эль-Фашир","pop_max":252609,"featurecla":"Admin-1 region capital","worldcity":0}},{"type":"Feature","geometry":{"type":"Point","coordinates":[18.13,-26.5739]},"properties":{"name":"Keetmanshoop","name_en":"Keetmanshoop","name_zh":"基特曼斯胡普","name_zht":"基特曼斯胡普","name_ja":"ケートマンスフープ","name_ko":"케이트만스호프","name_de":"Keetmanshoop","name_fr":"Keetmanshoop","name_es":"Keetmanshoop","name_pt":"Keetmanshoop","name_ru":"Китмансхуп","pop_max":18039,"featurecla":"Admin-1 region capital","worldcity":0}},{"type":"Feature","geometry":{"type":"Point","coordinates":[14.535,-22.6689]},"properties":{"name":"Swakopmund","name_en":"Swakopmund","name_zh":"斯瓦科普蒙德","name_zht":"斯瓦科普蒙德","name_ja":"スワコプムント","name_ko":"스바코프문트","name_de":"Swakopmund","name_fr":"Swakopmund","name_es":"Swakopmund","name_pt":"Swakopmund","name_ru":"Свакопмунд","pop_max":29491,"featurecla":"Admin-1 region capital","worldcity":0}},{"type":"Feature","geometry":{"type":"Point","coordinates":[8.93,44.41]},"properties":{"name":"Genoa","name_en":"Genoa","name_zh":"热那亚","name_zht":"热那亚","name_ja":"ジェノヴァ","name_ko":"제노바","name_de":"Genua","name_fr":"Gênes","name_es":"Génova","name_pt":"Génova","name_ru":"Генуя","pop_max":647497,"featurecla":"Admin-1 region capital","worldcity":0}},{"type":"Feature","geometry":{"type":"Point","coordinates":[41.02,43.02]},"properties":{"name":"Sukhumi","name_en":"Sukhumi","name_zh":"Sukhumi Dranda Airport","name_zht":"苏呼米","name_ja":"Sukhumi Dranda Airport","name_ko":"Sukhumi Dranda Airport","name_de":"Sochumi","name_fr":"Soukhoumi","name_es":"Sujumi","name_pt":"Sukhumi","name_ru":"Сухум","pop_max":81546,"featurecla":"Admin-0 region capital","worldcity":0}},{"type":"Feature","geometry":{"type":"Point","coordinates":[158.15,6.9166]},"properties":{"name":"Palikir","name_en":"Palikir","name_zh":"帕利基尔","name_zht":"帕利基尔","name_ja":"パリキール","name_ko":"팔리키르","name_de":"Palikir","name_fr":"Palikir","name_es":"Palikir","name_pt":"Palikir","name_ru":"Паликир","pop_max":4645,"featurecla":"Admin-0 capital","worldcity":0}},{"type":"Feature","geometry":{"type":"Point","coordinates":[171.38,7.103]},"properties":{"name":"Majuro","name_en":"Majuro","name_zh":"馬久羅","name_zht":"馬久羅","name_ja":null,"name_ko":"마주로","name_de":"Majuro-Atoll","name_fr":"Majuro","name_es":"Majuro","name_pt":"Majuro","name_ru":"Маджуро","pop_max":25400,"featurecla":"Admin-0 capital","worldcity":0}},{"type":"Feature","geometry":{"type":"Point","coordinates":[144.75,13.47]},"properties":{"name":"Agana","name_en":"Hagåtña","name_zh":"阿加尼亚","name_zht":"阿加尼亚","name_ja":null,"name_ko":null,"name_de":"Hagåtña","name_fr":"Hagåtña","name_es":"Agaña","name_pt":"Hagåtña","name_ru":"Хагатна","pop_max":122411,"featurecla":"Admin-0 region capital","worldcity":0}},{"type":"Feature","geometry":{"type":"Point","coordinates":[179.2166,-8.5167]},"properties":{"name":"Funafuti","name_en":"Funafuti","name_zh":"富纳富提","name_zht":"富纳富提","name_ja":null,"name_ko":"푸나푸티","name_de":"Funafuti","name_fr":"Funafuti","name_es":"Funafuti","name_pt":"Funafuti","name_ru":"Фунафути","pop_max":4749,"featurecla":"Admin-0 capital","worldcity":0}},{"type":"Feature","geometry":{"type":"Point","coordinates":[134.6265,7.4874]},"properties":{"name":"Melekeok","name_en":"Melekeok","name_zh":"Melekeok Village","name_zht":"梅萊凱奧克","name_ja":"メレケオク村","name_ko":"Melekeok Village","name_de":"Melekeok","name_fr":"Melekeok","name_es":"Melekeok","name_pt":"Melequeoque","name_ru":"Мелекеок","pop_max":7026,"featurecla":"Admin-0 capital","worldcity":0}},{"type":"Feature","geometry":{"type":"Point","coordinates":[-9.6525,26.1192]},"properties":{"name":"Bir Lehlou","name_en":"Bir Lehlou","name_zh":"的黎波里","name_zht":"比鄂-雷楼","name_ja":"トリポリ","name_ko":"트리폴리","name_de":"Bir Lehlu","name_fr":"Bir Lehlou","name_es":"Bir Lehlu","name_pt":"Bir Lehlou","name_ru":"Бир-Лелу","pop_max":500,"featurecla":"Admin-0 capital alt","worldcity":0}},{"type":"Feature","geometry":{"type":"Point","coordinates":[7.4069,43.7396]},"properties":{"name":"Monaco","name_en":"Monaco","name_zh":"摩纳哥","name_zht":"摩纳哥","name_ja":null,"name_ko":"모나코","name_de":"Monaco","name_fr":"Monaco","name_es":"Mónaco","name_pt":"Mónaco","name_ru":"Монако","pop_max":36371,"featurecla":"Admin-0 capital","worldcity":0}},{"type":"Feature","geometry":{"type":"Point","coordinates":[173.0176,1.3382]},"properties":{"name":"Tarawa","name_en":"Tarawa","name_zh":null,"name_zht":null,"name_ja":null,"name_ko":"타라와","name_de":null,"name_fr":null,"name_es":null,"name_pt":null,"name_ru":null,"pop_max":28802,"featurecla":"Admin-0 capital","worldcity":0}},{"type":"Feature","geometry":{"type":"Point","coordinates":[43.2402,-11.7042]},"properties":{"name":"Moroni","name_en":"Moroni","name_zh":"莫洛尼","name_zht":"莫洛尼","name_ja":"モロニ","name_ko":"모로니","name_de":"Moroni","name_fr":"Moroni","name_es":"Moroni","name_pt":"Moroni","name_ru":"Морони","pop_max":128698,"featurecla":"Admin-0 capital","worldcity":0}},{"type":"Feature","geometry":{"type":"Point","coordinates":[113.545,22.203]},"properties":{"name":"Macau","name_en":"Macau","name_zh":"澳门","name_zht":"澳門","name_ja":"マカオ","name_ko":"마카오","name_de":"Macau","name_fr":"Macao","name_es":"Macao","name_pt":"Macau","name_ru":"Макао","pop_max":568700,"featurecla":"Admin-0 region capital","worldcity":0}},{"type":"Feature","geometry":{"type":"Point","coordinates":[1.5165,42.5]},"properties":{"name":"Andorra","name_en":"Andorra la Vella","name_zh":"Andorra la Vella","name_zht":"安道尔城","name_ja":"アンドラ・ラ・ヴェリャ","name_ko":"안도라라베야","name_de":"Andorra la Vella","name_fr":"Andorre-la-Vieille","name_es":"Andorra la Vieja","name_pt":"Andorra-a-Velha","name_ru":"Андорра-ла-Велья","pop_max":53998,"featurecla":"Admin-0 capital","worldcity":0}},{"type":"Feature","geometry":{"type":"Point","coordinates":[-117.302,34.1223]},"properties":{"name":"San Bernardino","name_en":"San Bernardino","name_zh":"聖貝納迪諾","name_zht":"聖貝納迪諾","name_ja":"サンバーナーディーノ_","name_ko":"샌버너디노","name_de":"San Bernardino","name_fr":"San Bernardino","name_es":"San Bernardino","name_pt":"San Bernardino","name_ru":"Сан-Бернардино","pop_max":1745000,"featurecla":"Populated place","worldcity":0}},{"type":"Feature","geometry":{"type":"Point","coordinates":[-73.2019,41.1819]},"properties":{"name":"Bridgeport","name_en":"Bridgeport","name_zh":"布里奇波特","name_zht":"布里奇波特","name_ja":"ブリッジポート","name_ko":"브리지포트","name_de":"Bridgeport","name_fr":"Bridgeport","name_es":"Bridgeport","name_pt":"Bridgeport","name_ru":"Бриджпорт","pop_max":1018000,"featurecla":"Populated place","worldcity":0}},{"type":"Feature","geometry":{"type":"Point","coordinates":[-77.6219,43.1724]},"properties":{"name":"Rochester","name_en":"Rochester","name_zh":"羅徹斯特","name_zht":"羅徹斯特","name_ja":"ロチェスター","name_ko":"로체스터","name_de":"Rochester","name_fr":"Rochester","name_es":"Rochester","name_pt":"Rochester","name_ru":"Рочестер","pop_max":755000,"featurecla":"Populated place","worldcity":0}},{"type":"Feature","geometry":{"type":"Point","coordinates":[-2.2499,53.5024]},"properties":{"name":"Manchester","name_en":"Manchester","name_zh":"曼彻斯特","name_zht":"曼彻斯特","name_ja":"マンチェスター","name_ko":"맨체스터","name_de":"Manchester","name_fr":"Manchester","name_es":"Mánchester","name_pt":"Manchester","name_ru":"Манчестер","pop_max":2230000,"featurecla":"Populated place","worldcity":0}},{"type":"Feature","geometry":{"type":"Point","coordinates":[74.1831,32.1624]},"properties":{"name":"Gujranwala","name_en":"Gujranwala","name_zh":"古杰兰瓦拉","name_zht":"古吉兰瓦拉","name_ja":null,"name_ko":null,"name_de":"Gujranwala","name_fr":"Gujranwala","name_es":"Gujranwala","name_pt":"Gujranwala","name_ru":"Гуджранвала","pop_max":1513000,"featurecla":"Populated place","worldcity":0}},{"type":"Feature","geometry":{"type":"Point","coordinates":[126.6403,37.4781]},"properties":{"name":"Incheon","name_en":"Incheon","name_zh":"仁川廣域","name_zht":"仁川廣域","name_ja":"仁川広域市","name_ko":"인천광역시","name_de":"Incheon","name_fr":"Incheon","name_es":"Incheon","name_pt":"Incheon","name_ru":"Инчхон","pop_max":2550000,"featurecla":"Populated place","worldcity":0}},{"type":"Feature","geometry":{"type":"Point","coordinates":[5.6181,6.3424]},"properties":{"name":"Benin City","name_en":"Benin City","name_zh":"贝宁城","name_zht":"贝宁城","name_ja":"ベニンシティ","name_ko":"베닌시티","name_de":"Benin-Stadt","name_fr":"Benin City","name_es":"Benin City","name_pt":"Benin City","name_ru":"Бенин-Сити","pop_max":1190000,"featurecla":"Admin-1 capital","worldcity":0}},{"type":"Feature","geometry":{"type":"Point","coordinates":[118.0781,24.4519]},"properties":{"name":"Xiamen","name_en":"Xiamen","name_zh":"厦门市","name_zht":"厦门","name_ja":"廈門市","name_ko":"샤먼 시","name_de":"Xiamen","name_fr":"Xiamen","name_es":"Xiamen","name_pt":"Xiamen","name_ru":"Сямынь","pop_max":2519000,"featurecla":"Populated place","worldcity":0}},{"type":"Feature","geometry":{"type":"Point","coordinates":[106.1281,30.7824]},"properties":{"name":"Nanchong","name_en":"Nanchong","name_zh":"南充","name_zht":"南充","name_ja":"南充市","name_ko":"난충 시","name_de":"Nanchong","name_fr":"Nanchong","name_es":"Nanchong","name_pt":"Nanchong","name_ru":"Наньчун","pop_max":2174000,"featurecla":"Populated place","worldcity":0}},{"type":"Feature","geometry":{"type":"Point","coordinates":[105.0481,29.5823]},"properties":{"name":"Neijiang","name_en":"Neijiang","name_zh":"内江市","name_zht":"内江","name_ja":"内江市","name_ko":"네이장 시","name_de":"Neijiang","name_fr":"Neijiang","name_es":"Neijiang","name_pt":"Neijiang","name_ru":"Нэйцзян","pop_max":1466000,"featurecla":"Populated place","worldcity":0}},{"type":"Feature","geometry":{"type":"Point","coordinates":[112.5281,33.0023]},"properties":{"name":"Nanyang","name_en":"Nanyang","name_zh":"南阳市","name_zht":"南阳","name_ja":"南陽市","name_ko":"난양 시","name_de":"Nanyang","name_fr":"Nanyang","name_es":"Nanyang","name_pt":"Nanyang","name_ru":"Наньян","pop_max":1944000,"featurecla":"Populated place","worldcity":0}},{"type":"Feature","geometry":{"type":"Point","coordinates":[120.828,40.7523]},"properties":{"name":"Jinxi","name_en":"Lianshan","name_zh":null,"name_zht":null,"name_ja":null,"name_ko":null,"name_de":"Lianshan","name_fr":"Lianshan","name_es":"Lianshan","name_pt":"Lianshan","name_ru":null,"pop_max":2426000,"featurecla":"Populated place","worldcity":0}},{"type":"Feature","geometry":{"type":"Point","coordinates":[121.3981,37.5324]},"properties":{"name":"Yantai","name_en":"Yantai","name_zh":"烟台市","name_zht":"烟台","name_ja":"煙台市","name_ko":"옌타이 시","name_de":"Yantai","name_fr":"Yantai","name_es":"Yantai","name_pt":"Yantai","name_ru":"Яньтай","pop_max":2116000,"featurecla":"Populated place","worldcity":0}},{"type":"Feature","geometry":{"type":"Point","coordinates":[117.5681,34.8819]},"properties":{"name":"Zaozhuang","name_en":"Zaozhuang","name_zh":"枣庄市","name_zht":"枣庄","name_ja":"棗荘市","name_ko":"짜오좡 시","name_de":"Zaozhuang","name_fr":"Zaozhuang","name_es":"Zaozhuang","name_pt":"Zaoshuang","name_ru":"Цзаочжуан","pop_max":2145000,"featurecla":"Populated place","worldcity":0}},{"type":"Feature","geometry":{"type":"Point","coordinates":[120.6181,31.3024]},"properties":{"name":"Suzhou","name_en":"Suzhou","name_zh":"苏州","name_zht":"苏州","name_ja":"蘇州市","name_ko":"쑤저우 시","name_de":"Suzhou","name_fr":"Suzhou","name_es":"Suzhou","name_pt":"Suzhou","name_ru":"Сучжоу","pop_max":1650000,"featurecla":"Populated place","worldcity":0}},{"type":"Feature","geometry":{"type":"Point","coordinates":[117.1781,34.282]},"properties":{"name":"Xuzhou","name_en":"Xuzhou","name_zh":"徐州市","name_zht":"徐州","name_ja":"徐州市","name_ko":"쉬저우 시","name_de":"Xuzhou","name_fr":"Xuzhou","name_es":"Xuzhou","name_pt":"Xuzhou","name_ru":"Сюйчжоу","pop_max":2091000,"featurecla":"Populated place","worldcity":0}},{"type":"Feature","geometry":{"type":"Point","coordinates":[120.298,31.5819]},"properties":{"name":"Wuxi","name_en":"Wuxi","name_zh":"无锡","name_zht":"无锡","name_ja":"無錫市","name_ko":"우시 시","name_de":"Wuxi","name_fr":"Wuxi","name_es":"Wuxi","name_pt":"Wuxi","name_ru":"Уси","pop_max":1749000,"featurecla":"Populated place","worldcity":0}},{"type":"Feature","geometry":{"type":"Point","coordinates":[126.5481,43.8519]},"properties":{"name":"Jilin","name_en":"Jilin City","name_zh":"吉林市","name_zht":"吉林","name_ja":"吉林市","name_ko":"지린 시","name_de":"Jilin","name_fr":"Jilin","name_es":"Ciudad de Jilin","name_pt":"Jilin","name_ru":"Гирин","pop_max":2396000,"featurecla":"Populated place","worldcity":0}},{"type":"Feature","geometry":{"type":"Point","coordinates":[76.7781,30.7219]},"properties":{"name":"Chandigarh","name_en":"Chandigarh","name_zh":"昌迪加尔","name_zht":"昌迪加尔","name_ja":"チャンディーガル","name_ko":null,"name_de":"Chandigarh","name_fr":"Chandigarh","name_es":"Chandigarh","name_pt":"Chandigarh","name_ru":"Чандигарх","pop_max":979000,"featurecla":"Admin-1 capital","worldcity":0}},{"type":"Feature","geometry":{"type":"Point","coordinates":[74.8448,32.7137]},"properties":{"name":"Jammu","name_en":"Jammu","name_zh":"贾姆穆","name_zht":"贾姆穆","name_ja":"ジャンムー","name_ko":"잠무","name_de":"Jammu","name_fr":"Jammu","name_es":"Jammu","name_pt":"Jammu","name_ru":"Джамму","pop_max":791000,"featurecla":"Populated place","worldcity":0}},{"type":"Feature","geometry":{"type":"Point","coordinates":[75.8981,17.6724]},"properties":{"name":"Sholapur","name_en":"Solapur","name_zh":"索拉普","name_zht":"索拉普","name_ja":"ソーラープル","name_ko":null,"name_de":"Solapur","name_fr":"Solapur","name_es":"Solapur","name_pt":"Sholapur","name_ru":"Солапур","pop_max":1057000,"featurecla":"Populated place","worldcity":0}},{"type":"Feature","geometry":{"type":"Point","coordinates":[75.3184,19.8976]},"properties":{"name":"Aurangabad","name_en":"Aurangabad","name_zh":"奥郎加巴德","name_zht":"奥郎加巴德","name_ja":"アウランガーバード","name_ko":null,"name_de":"Aurangabad","name_fr":"Aurangābād","name_es":"Aurangabad","name_pt":"Aurangabad","name_ru":"Аурангабад","pop_max":1113000,"featurecla":"Populated place","worldcity":0}},{"type":"Feature","geometry":{"type":"Point","coordinates":[73.778,20.0024]},"properties":{"name":"Nasik","name_en":"Nashik","name_zh":"Vani","name_zht":"纳西克","name_ja":"Vani","name_ko":"Vani","name_de":"Nashik","name_fr":"Nasik","name_es":"Nashik","name_pt":"Nashik","name_ru":"Насик","pop_max":1473000,"featurecla":"Populated place","worldcity":0}},{"type":"Feature","geometry":{"type":"Point","coordinates":[91.7666,26.144]},"properties":{"name":"Dispur","name_en":"Dispur","name_zh":"第斯普尔","name_zht":"第斯普尔","name_ja":"ディスプル","name_ko":"디스푸르","name_de":"Dispur","name_fr":"Dispur","name_es":"Dispur","name_pt":"Dispur","name_ru":"Диспур","pop_max":16140,"featurecla":"Admin-1 capital","worldcity":0}},{"type":"Feature","geometry":{"type":"Point","coordinates":[75.5671,31.3369]},"properties":{"name":"Jullundur","name_en":"Jalandhar","name_zh":"賈朗達爾","name_zht":"賈朗達爾","name_ja":"ジャランダル","name_ko":"잘란다르","name_de":"Jalandhar","name_fr":"Jalandhar","name_es":"Jalandhar","name_pt":"Jalandhar","name_ru":"Джаландхар","pop_max":855000,"featurecla":"Populated place","worldcity":0}},{"type":"Feature","geometry":{"type":"Point","coordinates":[81.8381,25.4569]},"properties":{"name":"Allahabad","name_en":"Prayag","name_zh":"安拉阿巴德","name_zht":"安拉阿巴德","name_ja":null,"name_ko":null,"name_de":"Allahabad","name_fr":"Allāhābād","name_es":"Allahabad","name_pt":"Allahabad","name_ru":"Аллахабад","pop_max":1201000,"featurecla":"Populated place","worldcity":0}},{"type":"Feature","geometry":{"type":"Point","coordinates":[78.7548,28.8437]},"properties":{"name":"Moradabad","name_en":"Muradabad","name_zh":"Morādābād","name_zht":"莫拉達巴德","name_ja":"Morādābād","name_ko":"Morādābād","name_de":"Moradabad","name_fr":"Moradabad","name_es":"Moradabad","name_pt":"Moradabad","name_ru":"Морадабад","pop_max":787000,"featurecla":"Populated place","worldcity":0}},{"type":"Feature","geometry":{"type":"Point","coordinates":[77.4064,28.6623]},"properties":{"name":"Ghaziabad","name_en":"Ghaziabad","name_zh":"加濟阿巴德","name_zht":"加濟阿巴德","name_ja":"ガーズィヤーバード","name_ko":"가지아바드","name_de":"Ghaziabad","name_fr":"Ghaziabad","name_es":"Ghaziabad","name_pt":"Ghaziabad","name_ru":"Газиабад","pop_max":1341000,"featurecla":"Populated place","worldcity":0}},{"type":"Feature","geometry":{"type":"Point","coordinates":[78.0131,27.1724]},"properties":{"name":"Agra","name_en":"Agra","name_zh":"阿格拉","name_zht":"阿格拉","name_ja":"アーグラ","name_ko":"아그라","name_de":"Agra","name_fr":"Āgrā","name_es":"Agra","name_pt":"Agra","name_ru":"Агра","pop_max":1592000,"featurecla":"Populated place","worldcity":0}},{"type":"Feature","geometry":{"type":"Point","coordinates":[78.0598,27.8942]},"properties":{"name":"Aligarh","name_en":"Aligarh","name_zh":"Alīgarh","name_zht":"阿里格尔","name_ja":"Alīgarh","name_ko":"Alīgarh","name_de":"Aligarh","name_fr":"Aligarh","name_es":"Aligarh","name_pt":"Aligarh","name_ru":"Алигарх","pop_max":805000,"featurecla":"Populated place","worldcity":0}},{"type":"Feature","geometry":{"type":"Point","coordinates":[77.6981,29.0024]},"properties":{"name":"Meerut","name_en":"Meerut","name_zh":"密拉特","name_zht":"密拉特","name_ja":"メーラト","name_ko":"메루트","name_de":"Meerut","name_fr":"Meerut","name_es":"Meerut","name_pt":"Meerut","name_ru":"Мератх","pop_max":1398000,"featurecla":"Populated place","worldcity":0}},{"type":"Feature","geometry":{"type":"Point","coordinates":[86.418,23.8023]},"properties":{"name":"Dhanbad","name_en":"Dhanbad","name_zh":"丹巴德","name_zht":"丹巴德","name_ja":"ダンバード","name_ko":null,"name_de":"Dhanbad","name_fr":"Dhanbad","name_es":"Dhanbad","name_pt":"Dhanbad","name_ru":"Дханбад","pop_max":1246000,"featurecla":"Populated place","worldcity":0}},{"type":"Feature","geometry":{"type":"Point","coordinates":[78.1781,26.2319]},"properties":{"name":"Gwalior","name_en":"Gwalior","name_zh":"瓜廖尔","name_zht":"瓜廖尔","name_ja":null,"name_ko":null,"name_de":"Gwalior","name_fr":"Gwâlior","name_es":"Gwalior","name_pt":"Gwalior","name_ru":"Гвалиор","pop_max":978000,"featurecla":"Populated place","worldcity":0}},{"type":"Feature","geometry":{"type":"Point","coordinates":[73.1781,22.312]},"properties":{"name":"Vadodara","name_en":"Vadodara","name_zh":"巴罗达","name_zht":"巴罗达","name_ja":"ヴァドダラ","name_ko":"바도다라","name_de":"Vadodara","name_fr":"Vadodara","name_es":"Vadodara","name_pt":"Vadodara","name_ru":"Вадодара","pop_max":1756000,"featurecla":"Populated place","worldcity":0}},{"type":"Feature","geometry":{"type":"Point","coordinates":[70.7981,22.312]},"properties":{"name":"Rajkot","name_en":"Rajkot","name_zh":"Rājkot","name_zht":"拉杰果德","name_ja":"ラージコット","name_ko":"Rājkot","name_de":"Rajkot","name_fr":"Rajkot","name_es":"Rajkot","name_pt":"Rajkot","name_ru":"Раджкот","pop_max":1260000,"featurecla":"Populated place","worldcity":0}},{"type":"Feature","geometry":{"type":"Point","coordinates":[-56.51,-33.41]},"properties":{"name":"Durazno","name_en":"Durazno","name_zh":"杜拉斯諾","name_zht":"杜拉斯諾","name_ja":"ドゥラスノ","name_ko":"두라스노","name_de":"Durazno","name_fr":"Durazno","name_es":"Durazno","name_pt":"Durazno","name_ru":"Дурасно","pop_max":34037,"featurecla":"Admin-1 capital","worldcity":0}},{"type":"Feature","geometry":{"type":"Point","coordinates":[-93.4108,48.6011]},"properties":{"name":"International Falls","name_en":"International Falls","name_zh":"國際瀑布城","name_zht":"國際瀑布城","name_ja":null,"name_ko":null,"name_de":"International Falls","name_fr":"International Falls","name_es":"International Falls","name_pt":"International Falls","name_ru":"Интернешнл-Фоллс","pop_max":15240,"featurecla":"Populated place","worldcity":0}},{"type":"Feature","geometry":{"type":"Point","coordinates":[-93.085,44.944]},"properties":{"name":"St. Paul","name_en":"Saint Paul","name_zh":"圣保罗","name_zht":"圣保罗","name_ja":null,"name_ko":null,"name_de":"Saint Paul","name_fr":"Saint Paul","name_es":"Saint Paul","name_pt":"Saint Paul","name_ru":"Сент-Пол","pop_max":734854,"featurecla":"Admin-1 capital","worldcity":0}},{"type":"Feature","geometry":{"type":"Point","coordinates":[-108.54,45.7883]},"properties":{"name":"Billings","name_en":"Billings","name_zh":"比靈斯","name_zht":"比靈斯","name_ja":"ビリングス","name_ko":null,"name_de":"Billings","name_fr":"Billings","name_es":"Billings","name_pt":"Billings","name_ru":"Биллингс","pop_max":104552,"featurecla":"Populated place","worldcity":0}},{"type":"Feature","geometry":{"type":"Point","coordinates":[-111.3,47.5003]},"properties":{"name":"Great Falls","name_en":"Great Falls","name_zh":"大瀑布城","name_zht":"大瀑布城","name_ja":"グレートフォールズ","name_ko":null,"name_de":"Great Falls","name_fr":"Great Falls","name_es":"Great Falls","name_pt":"Great Falls","name_ru":"Грейт-Фолс","pop_max":66558,"featurecla":"Populated place","worldcity":0}},{"type":"Feature","geometry":{"type":"Point","coordinates":[-113.9931,46.8722]},"properties":{"name":"Missoula","name_en":"Missoula","name_zh":"米蘇拉","name_zht":"米蘇拉","name_ja":"ミズーラ","name_ko":"미줄라","name_de":"Missoula","name_fr":"Missoula","name_es":"Missoula","name_pt":"Missoula","name_ru":"Миссула","pop_max":72856,"featurecla":"Populated place","worldcity":0}},{"type":"Feature","geometry":{"type":"Point","coordinates":[-101.2958,48.2325]},"properties":{"name":"Minot","name_en":"Minot","name_zh":"邁諾特","name_zht":"邁諾特","name_ja":"マイノット","name_ko":"마이놋","name_de":"Minot","name_fr":"Minot","name_es":"Minot","name_pt":"Minot","name_ru":"Майнот","pop_max":39439,"featurecla":"Populated place","worldcity":0}},{"type":"Feature","geometry":{"type":"Point","coordinates":[-96.7894,46.8772]},"properties":{"name":"Fargo","name_en":"Fargo","name_zh":"法戈","name_zht":"法戈","name_ja":"ファーゴ","name_ko":"파고","name_de":"Fargo","name_fr":"Fargo","name_es":"Fargo","name_pt":"Fargo","name_ru":"Фарго","pop_max":162842,"featurecla":"Populated place","worldcity":0}},{"type":"Feature","geometry":{"type":"Point","coordinates":[-155.09,19.7]},"properties":{"name":"Hilo","name_en":"Hilo","name_zh":"希洛","name_zht":"希洛","name_ja":"ヒロ","name_ko":"힐로","name_de":"Hilo","name_fr":"Hilo","name_es":"Hilo","name_pt":"Hilo","name_ru":"Хило","pop_max":52391,"featurecla":"Populated place","worldcity":0}},{"type":"Feature","geometry":{"type":"Point","coordinates":[-122.8994,47.038]},"properties":{"name":"Olympia","name_en":"Olympia","name_zh":"奧林匹亞","name_zht":"奧林匹亞","name_ja":"オリンピア","name_ko":"올림피아","name_de":"Olympia","name_fr":"Olympia","name_es":"Olympia","name_pt":"Olympia","name_ru":"Олимпия","pop_max":156984,"featurecla":"Admin-1 capital","worldcity":0}},{"type":"Feature","geometry":{"type":"Point","coordinates":[-117.4199,47.67]},"properties":{"name":"Spokane","name_en":"Spokane","name_zh":"斯波坎","name_zht":"斯波坎","name_ja":"スポーケン","name_ko":"스포캔","name_de":"Spokane","name_fr":"Spokane","name_es":"Spokane","name_pt":"Spokane","name_ru":"Спокан","pop_max":347705,"featurecla":"Populated place","worldcity":0}},{"type":"Feature","geometry":{"type":"Point","coordinates":[-122.64,45.6303]},"properties":{"name":"Vancouver","name_en":"Vancouver","name_zh":"溫哥華","name_zht":"溫哥華","name_ja":"バンクーバー","name_ko":"밴쿠버","name_de":"Vancouver","name_fr":"Vancouver","name_es":"Vancouver","name_pt":"Vancouver","name_ru":"Ванкувер","pop_max":525802,"featurecla":"Populated place","worldcity":0}},{"type":"Feature","geometry":{"type":"Point","coordinates":[-111.6505,35.1981]},"properties":{"name":"Flagstaff","name_en":"Flagstaff","name_zh":"弗拉格斯塔夫","name_zht":"弗拉格斯塔夫","name_ja":"フラッグスタッフ","name_ko":"플래그스태프","name_de":"Flagstaff","name_fr":"Flagstaff","name_es":"Flagstaff","name_pt":"Flagstaff","name_ru":"Флагстафф","pop_max":63993,"featurecla":"Populated place","worldcity":0}},{"type":"Feature","geometry":{"type":"Point","coordinates":[-110.8919,32.2069]},"properties":{"name":"Tucson","name_en":"Tucson","name_zh":"图森","name_zht":"图森","name_ja":"ツーソン","name_ko":"투손","name_de":"Tucson","name_fr":"Tucson","name_es":"Tucson","name_pt":"Tucson","name_ru":"Тусон","pop_max":823000,"featurecla":"Populated place","worldcity":0}},{"type":"Feature","geometry":{"type":"Point","coordinates":[-119.72,34.435]},"properties":{"name":"Santa Barbara","name_en":"Santa Barbara","name_zh":"圣巴巴拉","name_zht":"圣巴巴拉","name_ja":"サンタバーバラ","name_ko":"샌타바버라","name_de":"Santa Barbara","name_fr":"Santa Barbara","name_es":"Santa Bárbara","name_pt":"Santa Bárbara","name_ru":"Санта-Барбара","pop_max":181632,"featurecla":"Populated place","worldcity":0}},{"type":"Feature","geometry":{"type":"Point","coordinates":[-119.773,36.7477]},"properties":{"name":"Fresno","name_en":"Fresno","name_zh":"弗雷斯诺","name_zht":"弗雷斯诺","name_ja":"フレズノ","name_ko":"프레즈노","name_de":"Fresno","name_fr":"Fresno","name_es":"Fresno","name_pt":"Fresno","name_ru":"Фресно","pop_max":616353,"featurecla":"Populated place","worldcity":0}},{"type":"Feature","geometry":{"type":"Point","coordinates":[-124.1475,40.8022]},"properties":{"name":"Eureka","name_en":"Eureka","name_zh":"尤里卡","name_zht":"尤里卡","name_ja":"ユーレカ","name_ko":"유리카","name_de":"Eureka","name_fr":"Eureka","name_es":"Eureka","name_pt":"Eureka","name_ru":"Юрика","pop_max":42398,"featurecla":"Populated place","worldcity":0}},{"type":"Feature","geometry":{"type":"Point","coordinates":[-104.792,38.863]},"properties":{"name":"Colorado Springs","name_en":"Colorado Springs","name_zh":"科罗拉多斯普林斯","name_zht":"科罗拉多斯普林斯","name_ja":"コロラドスプリングス","name_ko":"콜로라도스프링스","name_de":"Colorado Springs","name_fr":"Colorado Springs","name_es":"Colorado Springs","name_pt":"Colorado Springs","name_ru":"Колорадо-Спрингс","pop_max":493654,"featurecla":"Populated place","worldcity":0}},{"type":"Feature","geometry":{"type":"Point","coordinates":[-119.82,39.53]},"properties":{"name":"Reno","name_en":"Reno","name_zh":"雷諾","name_zht":"雷諾","name_ja":"リノ","name_ko":"리노","name_de":"Reno","name_fr":"Reno","name_es":"Reno","name_pt":"Reno","name_ru":"Рино","pop_max":328585,"featurecla":"Populated place","worldcity":0}},{"type":"Feature","geometry":{"type":"Point","coordinates":[-115.762,40.8325]},"properties":{"name":"Elko","name_en":"Elko","name_zh":"埃尔科","name_zht":"埃尔科","name_ja":null,"name_ko":null,"name_de":"Elko","name_fr":"Elko","name_es":"Elko","name_pt":"Elko","name_ru":"Элко","pop_max":19252,"featurecla":"Populated place","worldcity":0}},{"type":"Feature","geometry":{"type":"Point","coordinates":[-106.6413,35.105]},"properties":{"name":"Albuquerque","name_en":"Albuquerque","name_zh":"阿布奎基","name_zht":"阿布奎基","name_ja":"アルバカーキ","name_ko":"앨버커키","name_de":"Albuquerque","name_fr":"Albuquerque","name_es":"Albuquerque","name_pt":"Albuquerque","name_ru":"Альбукерке","pop_max":898642,"featurecla":"Populated place","worldcity":0}},{"type":"Feature","geometry":{"type":"Point","coordinates":[-123.0239,44.9281]},"properties":{"name":"Salem","name_en":"Salem","name_zh":"塞勒姆","name_zht":"塞勒姆","name_ja":"セイラム","name_ko":"세일럼","name_de":"Salem","name_fr":"Salem","name_es":"Salem","name_pt":"Salem","name_ru":"Сейлем","pop_max":229010,"featurecla":"Admin-1 capital","worldcity":0}},{"type":"Feature","geometry":{"type":"Point","coordinates":[-106.3125,42.8666]},"properties":{"name":"Casper","name_en":"Casper","name_zh":"卡斯珀","name_zht":"卡斯珀","name_ja":"キャスパー","name_ko":"캐스퍼","name_de":"Casper","name_fr":"Casper","name_es":"Casper","name_pt":"Casper","name_ru":"Каспер","pop_max":60791,"featurecla":"Populated place","worldcity":0}},{"type":"Feature","geometry":{"type":"Point","coordinates":[-95.67,39.05]},"properties":{"name":"Topeka","name_en":"Topeka","name_zh":"托皮卡","name_zht":"托皮卡","name_ja":"トピカ","name_ko":"토피카","name_de":"Topeka","name_fr":"Topeka","name_es":"Topeka","name_pt":"Topeka","name_ru":"Топика","pop_max":132091,"featurecla":"Admin-1 capital","worldcity":0}},{"type":"Feature","geometry":{"type":"Point","coordinates":[-94.606,39.109]},"properties":{"name":"Kansas City","name_en":"Kansas City","name_zh":"堪薩斯城","name_zht":"堪薩斯城","name_ja":"カンザスシティ","name_ko":"캔자스시티","name_de":"Kansas City","name_fr":"Kansas City","name_es":"Kansas City","name_pt":"Kansas City","name_ru":"Канзас-Сити","pop_max":1469000,"featurecla":"Populated place","worldcity":0}},{"type":"Feature","geometry":{"type":"Point","coordinates":[-95.93,36.12]},"properties":{"name":"Tulsa","name_en":"Tulsa","name_zh":"塔爾薩","name_zht":"塔爾薩","name_ja":"タルサ","name_ko":null,"name_de":"Tulsa","name_fr":"Tulsa","name_es":"Tulsa","name_pt":"Tulsa","name_ru":"Талса","pop_max":946962,"featurecla":"Populated place","worldcity":0}},{"type":"Feature","geometry":{"type":"Point","coordinates":[-96.73,43.55]},"properties":{"name":"Sioux Falls","name_en":"Sioux Falls","name_zh":"蘇瀑","name_zht":"蘇瀑","name_ja":"スーフォールズ","name_ko":"수폴스","name_de":"Sioux Falls","name_fr":"Sioux Falls","name_es":"Sioux Falls","name_pt":"Sioux Falls","name_ru":"Су-Фолс","pop_max":155724,"featurecla":"Populated place","worldcity":0}},{"type":"Feature","geometry":{"type":"Point","coordinates":[-93.77,32.5]},"properties":{"name":"Shreveport","name_en":"Shreveport","name_zh":"什里夫波特","name_zht":"什里夫波特","name_ja":"シュリーブポート","name_ko":"슈리브포트","name_de":"Shreveport","name_fr":"Shreveport","name_es":"Shreveport","name_pt":"Shreveport","name_ru":"Шривпорт","pop_max":248053,"featurecla":"Populated place","worldcity":0}},{"type":"Feature","geometry":{"type":"Point","coordinates":[-91.1402,30.4579]},"properties":{"name":"Baton Rouge","name_en":"Baton Rouge","name_zh":"巴吞鲁日","name_zht":"巴頓魯治","name_ja":"バトンルージュ","name_ko":"배턴루지","name_de":"Baton Rouge","name_fr":"Baton Rouge","name_es":"Baton Rouge","name_pt":"Baton Rouge","name_ru":"Батон-Руж","pop_max":422072,"featurecla":"Admin-1 capital","worldcity":0}},{"type":"Feature","geometry":{"type":"Point","coordinates":[-97.34,32.74]},"properties":{"name":"Ft. Worth","name_en":"Fort Worth","name_zh":"沃思堡","name_zht":"沃思堡","name_ja":null,"name_ko":null,"name_de":"Fort Worth","name_fr":"Fort Worth","name_es":"Fort Worth","name_pt":"Fort Worth","name_ru":"Форт-Уэрт","pop_max":1440454,"featurecla":"Populated place","worldcity":0}},{"type":"Feature","geometry":{"type":"Point","coordinates":[-97.4019,27.7428]},"properties":{"name":"Corpus Christi","name_en":"Corpus Christi","name_zh":"科珀斯克里斯蒂","name_zht":"科珀斯克里斯蒂","name_ja":"コーパスクリスティ","name_ko":"코퍼스크리스티","name_de":"Corpus Christi","name_fr":"Corpus Christi","name_es":"Corpus Christi","name_pt":"Corpus Christi","name_ru":"Корпус-Кристи","pop_max":277454,"featurecla":"Populated place","worldcity":0}},{"type":"Feature","geometry":{"type":"Point","coordinates":[-97.7447,30.2689]},"properties":{"name":"Austin","name_en":"Austin","name_zh":"奧斯汀","name_zht":"奧斯汀","name_ja":"オースティン","name_ko":"오스틴","name_de":"Austin","name_fr":"Austin","name_es":"Austin","name_pt":"Austin","name_ru":"Остин","pop_max":1161000,"featurecla":"Admin-1 capital","worldcity":0}},{"type":"Feature","geometry":{"type":"Point","coordinates":[-101.83,35.23]},"properties":{"name":"Amarillo","name_en":"Amarillo","name_zh":"阿馬里洛","name_zht":"阿馬里洛","name_ja":"アマリロ","name_ko":"애머릴로","name_de":"Amarillo","name_fr":"Amarillo","name_es":"Amarillo","name_pt":"Amarillo","name_ru":"Амарилло","pop_max":181766,"featurecla":"Populated place","worldcity":0}},{"type":"Feature","geometry":{"type":"Point","coordinates":[-106.5119,31.7819]},"properties":{"name":"El Paso","name_en":"El Paso","name_zh":"艾爾帕索","name_zht":"艾爾帕索","name_ja":"エル・パソ","name_ko":"엘패소","name_de":"El Paso","name_fr":"El Paso","name_es":"El Paso","name_pt":"El Paso","name_ru":"Эль-Пасо","pop_max":753000,"featurecla":"Populated place","worldcity":0}},{"type":"Feature","geometry":{"type":"Point","coordinates":[-99.5072,27.5061]},"properties":{"name":"Laredo","name_en":"Laredo","name_zh":"拉雷多","name_zht":"拉雷多","name_ja":"ラレド","name_ko":"러레이도","name_de":"Laredo","name_fr":"Laredo","name_es":"Laredo","name_pt":"Laredo","name_ru":"Ларедо","pop_max":434768,"featurecla":"Populated place","worldcity":0}},{"type":"Feature","geometry":{"type":"Point","coordinates":[-71.13,8.4]},"properties":{"name":"Merida","name_en":"Mérida","name_zh":"梅里達市","name_zht":"梅里達","name_ja":"メリダ","name_ko":"메리다","name_de":"Mérida","name_fr":"Mérida","name_es":"Mérida","name_pt":"Mérida","name_ru":"Мерида","pop_max":345489,"featurecla":"Admin-1 capital","worldcity":0}},{"type":"Feature","geometry":{"type":"Point","coordinates":[-73.2125,44.4758]},"properties":{"name":"Burlington","name_en":"Burlington","name_zh":"伯靈頓","name_zht":"伯靈頓","name_ja":"バーリントン","name_ko":"벌링턴","name_de":"Burlington","name_fr":"Burlington","name_es":"Burlington","name_pt":"Burlington","name_ru":"Бёрлингтон","pop_max":93807,"featurecla":"Populated place","worldcity":0}},{"type":"Feature","geometry":{"type":"Point","coordinates":[-86.2792,32.3616]},"properties":{"name":"Montgomery","name_en":"Montgomery","name_zh":"蒙哥马利","name_zht":"蒙哥马利","name_ja":"モンゴメリー","name_ko":"몽고메리","name_de":"Montgomery","name_fr":"Montgomery","name_es":"Montgomery","name_pt":"Montgomery","name_ru":"Монтгомери","pop_max":198325,"featurecla":"Admin-1 capital","worldcity":0}},{"type":"Feature","geometry":{"type":"Point","coordinates":[-84.28,30.45]},"properties":{"name":"Tallahassee","name_en":"Tallahassee","name_zh":"塔拉赫西","name_zht":"塔拉哈西","name_ja":"タラハシー","name_ko":"탤러해시","name_de":"Tallahassee","name_fr":"Tallahassee","name_es":"Tallahassee","name_pt":"Tallahassee","name_ru":"Таллахасси","pop_max":221222,"featurecla":"Admin-1 capital","worldcity":0}},{"type":"Feature","geometry":{"type":"Point","coordinates":[-81.382,28.5119]},"properties":{"name":"Orlando","name_en":"Orlando","name_zh":"奥兰多","name_zht":"奥兰多","name_ja":"オーランド","name_ko":"올랜도","name_de":"Orlando","name_fr":"Orlando","name_es":"Orlando","name_pt":"Orlando","name_ru":"Орландо","pop_max":1350000,"featurecla":"Populated place","worldcity":0}},{"type":"Feature","geometry":{"type":"Point","coordinates":[-81.6719,30.332]},"properties":{"name":"Jacksonville","name_en":"Jacksonville","name_zh":"杰克逊维尔","name_zht":"杰克逊维尔","name_ja":"ジャクソンビル","name_ko":"잭슨빌","name_de":"Jacksonville","name_fr":"Jacksonville","name_es":"Jacksonville","name_pt":"Jacksonville","name_ru":"Джэксонвилл","pop_max":988000,"featurecla":"Populated place","worldcity":0}},{"type":"Feature","geometry":{"type":"Point","coordinates":[-81.11,32.0211]},"properties":{"name":"Savannah","name_en":"Savannah","name_zh":"薩凡納","name_zht":"薩凡納","name_ja":"サバンナ","name_ko":"서배너","name_de":"Savannah","name_fr":"Savannah","name_es":"Savannah","name_pt":"Savannah","name_ru":"Саванна","pop_max":180187,"featurecla":"Populated place","worldcity":0}},{"type":"Feature","geometry":{"type":"Point","coordinates":[-80.9,34.04]},"properties":{"name":"Columbia","name_en":"Columbia","name_zh":"哥伦比亚","name_zht":"哥伦比亚","name_ja":"コロンビア","name_ko":"컬럼비아","name_de":"Columbia","name_fr":"Columbia","name_es":"Columbia","name_pt":"Colúmbia","name_ru":"Колумбия","pop_max":398093,"featurecla":"Admin-1 capital","worldcity":0}},{"type":"Feature","geometry":{"type":"Point","coordinates":[-86.172,39.7519]},"properties":{"name":"Indianapolis","name_en":"Indianapolis","name_zh":"印第安納波利斯","name_zht":"印第安納波利斯","name_ja":"インディアナポリス","name_ko":"인디애나폴리스","name_de":"Indianapolis","name_fr":"Indianapolis","name_es":"Indianápolis","name_pt":"Indianápolis","name_ru":"Индианаполис","pop_max":1436000,"featurecla":"Admin-1 capital","worldcity":0}},{"type":"Feature","geometry":{"type":"Point","coordinates":[-77.945,34.2255]},"properties":{"name":"Wilmington","name_en":"Wilmington","name_zh":"威尔明顿","name_zht":"威尔明顿","name_ja":"ウィルミントン","name_ko":"윌밍턴","name_de":"Wilmington","name_fr":"Wilmington","name_es":"Wilmington","name_pt":"Wilmington","name_ru":"Уилмингтон","pop_max":161560,"featurecla":"Populated place","worldcity":0}},{"type":"Feature","geometry":{"type":"Point","coordinates":[-83.92,35.97]},"properties":{"name":"Knoxville","name_en":"Knoxville","name_zh":"諾克斯維爾","name_zht":"諾克斯維爾","name_ja":"ノックスビル","name_ko":"녹스빌","name_de":"Knoxville","name_fr":"Knoxville","name_es":"Knoxville","name_pt":"Knoxville","name_ru":"Ноксвилл","pop_max":655400,"featurecla":"Populated place","worldcity":0}},{"type":"Feature","geometry":{"type":"Point","coordinates":[-77.4519,37.552]},"properties":{"name":"Richmond","name_en":"Richmond","name_zh":"里士满","name_zht":"里士满","name_ja":"リッチモンド","name_ko":"리치먼드","name_de":"Richmond","name_fr":"Richmond","name_es":"Richmond","name_pt":"Richmond","name_ru":"Ричмонд","pop_max":912000,"featurecla":"Admin-1 capital","worldcity":0}},{"type":"Feature","geometry":{"type":"Point","coordinates":[-81.6327,38.3497]},"properties":{"name":"Charleston","name_en":"Charleston","name_zh":"查尔斯顿","name_zht":"查尔斯顿","name_ja":"チャールストン","name_ko":"찰스턴","name_de":"Charleston","name_fr":"Charleston","name_es":"Charleston","name_pt":"Charleston","name_ru":"Чарлстон","pop_max":123799,"featurecla":"Admin-1 capital","worldcity":0}},{"type":"Feature","geometry":{"type":"Point","coordinates":[-76.6219,39.3019]},"properties":{"name":"Baltimore","name_en":"Baltimore","name_zh":"巴爾的摩","name_zht":"巴爾的摩","name_ja":"ボルチモア","name_ko":"볼티모어","name_de":"Baltimore","name_fr":"Baltimore","name_es":"Baltimore","name_pt":"Baltimore","name_ru":"Балтимор","pop_max":2255000,"featurecla":"Populated place","worldcity":0}},{"type":"Feature","geometry":{"type":"Point","coordinates":[-76.15,43.05]},"properties":{"name":"Syracuse","name_en":"Syracuse","name_zh":"锡拉丘兹","name_zht":"锡拉丘兹","name_ja":"シラキューズ","name_ko":"시러큐스","name_de":"Syracuse","name_fr":"Syracuse","name_es":"Siracusa","name_pt":"Syracuse","name_ru":"Сиракьюс","pop_max":662577,"featurecla":"Populated place","worldcity":0}},{"type":"Feature","geometry":{"type":"Point","coordinates":[-67.6236,5.6639]},"properties":{"name":"Puerto Ayacucho","name_en":"Puerto Ayacucho","name_zh":"阿亞庫喬港","name_zht":"阿亞庫喬港","name_ja":"プエルト・アヤクーチョ","name_ko":"푸에르토아야쿠초","name_de":"Puerto Ayacucho","name_fr":"Puerto Ayacucho","name_es":"Puerto Ayacucho","name_pt":"Puerto Ayacucho","name_ru":"Пуэрто-Аякучо","pop_max":52526,"featurecla":"Admin-1 capital","worldcity":0}},{"type":"Feature","geometry":{"type":"Point","coordinates":[-61.517,10.652]},"properties":{"name":"Port-of-Spain","name_en":"Port of Spain","name_zh":"西班牙港","name_zht":"西班牙港","name_ja":null,"name_ko":null,"name_de":"Port of Spain","name_fr":"Port-d'Espagne","name_es":"Puerto España","name_pt":"Port of Spain","name_ru":"Порт-оф-Спейн","pop_max":294934,"featurecla":"Admin-0 capital","worldcity":0}},{"type":"Feature","geometry":{"type":"Point","coordinates":[-69.78,44.3106]},"properties":{"name":"Augusta","name_en":"Augusta","name_zh":"奥古斯塔","name_zht":"奥古斯塔","name_ja":"オーガスタ","name_ko":"오거스타","name_de":"Augusta","name_fr":"Augusta","name_es":"Augusta","name_pt":"Augusta","name_ru":"Огаста","pop_max":24042,"featurecla":"Admin-1 capital","worldcity":0}},{"type":"Feature","geometry":{"type":"Point","coordinates":[-84.3453,46.4953]},"properties":{"name":"Sault Ste. Marie","name_en":"Sault Ste. Marie","name_zh":"蘇聖瑪麗","name_zht":"蘇聖瑪麗","name_ja":"スーセントマリー","name_ko":"수세인트마리","name_de":"Sault Ste. Marie","name_fr":"Sault Ste. Marie","name_es":"Sault Ste. Marie","name_pt":"Sault Ste. Marie","name_ru":"Су-Сент-Мари","pop_max":83805,"featurecla":"Populated place","worldcity":0}},{"type":"Feature","geometry":{"type":"Point","coordinates":[1.12,7.53]},"properties":{"name":"Atakpamé","name_en":"Atakpamé","name_zh":"阿塔帕梅","name_zht":"阿塔帕梅","name_ja":"アタクパメ","name_ko":"아타크파메","name_de":"Atakpamé","name_fr":"Atakpamé","name_es":"Atakpamé","name_pt":"Atakpamé","name_ru":"Атакпаме","pop_max":80683,"featurecla":"Populated place","worldcity":0}},{"type":"Feature","geometry":{"type":"Point","coordinates":[10.625,35.83]},"properties":{"name":"Sousse","name_en":"Sousse","name_zh":"苏塞","name_zht":"苏塞","name_ja":"スース","name_ko":"수스","name_de":"Sousse","name_fr":"Sousse","name_es":"Susa","name_pt":"Sousse","name_ru":"Сус","pop_max":327004,"featurecla":"Admin-1 capital","worldcity":0}},{"type":"Feature","geometry":{"type":"Point","coordinates":[44.0375,13.6064]},"properties":{"name":"Taizz","name_en":"Ta'izz","name_zh":"塔伊茲","name_zht":"塔伊茲","name_ja":null,"name_ko":null,"name_de":"Taizz","name_fr":"Ta'izz","name_es":"Taiz","name_pt":"Ta'izz","name_ru":"Таиз","pop_max":751000,"featurecla":"Admin-1 capital","worldcity":0}},{"type":"Feature","geometry":{"type":"Point","coordinates":[-135.3275,57.0604]},"properties":{"name":"Sitka","name_en":"Sitka","name_zh":"錫特卡","name_zht":"錫特卡","name_ja":"シトカ","name_ko":"싯카","name_de":"Sitka","name_fr":"Sitka","name_es":"Sitka","name_pt":"Sitka","name_ru":"Ситка","pop_max":8931,"featurecla":"Populated place","worldcity":0}},{"type":"Feature","geometry":{"type":"Point","coordinates":[24.03,49.835]},"properties":{"name":"Lvov","name_en":"Lviv","name_zh":"利維夫機場","name_zht":"利沃夫","name_ja":"リヴィウ国際空港","name_ko":"르비우 다닐로 로마노비치 국제공항","name_de":"Lwiw","name_fr":"Lviv","name_es":"Leópolis","name_pt":"Lviv","name_ru":"Львов","pop_max":803880,"featurecla":"Admin-1 capital","worldcity":0}},{"type":"Feature","geometry":{"type":"Point","coordinates":[30.7081,46.492]},"properties":{"name":"Odessa","name_en":"Odessa","name_zh":"敖德薩","name_zht":"敖德薩","name_ja":"オデッサ","name_ko":"오데사","name_de":"Odessa","name_fr":"Odessa","name_es":"Odesa","name_pt":"Odessa","name_ru":"Одесса","pop_max":991000,"featurecla":"Admin-1 capital","worldcity":0}},{"type":"Feature","geometry":{"type":"Point","coordinates":[28.6622,50.2456]},"properties":{"name":"Zhytomyr","name_en":"Zhytomyr","name_zh":"日托米尔","name_zht":"日托米尔","name_ja":"ジトームィル","name_ko":"지토미르","name_de":"Schytomyr","name_fr":"Jytomyr","name_es":"Zhytomyr","name_pt":"Jitomir","name_ru":"Житомир","pop_max":282192,"featurecla":"Admin-1 capital","worldcity":0}},{"type":"Feature","geometry":{"type":"Point","coordinates":[34.9981,48.4819]},"properties":{"name":"Dnipro","name_en":"Dnipro","name_zh":"聶伯城","name_zht":"第聂伯罗","name_ja":"ドニプロペトロウシク","name_ko":"드니프로페트로우시크","name_de":"Dnipro","name_fr":"Dnipro","name_es":"Dnipro","name_pt":"Dnipropetrovsk","name_ru":"Днепр","pop_max":1050000,"featurecla":"Admin-1 capital","worldcity":0}},{"type":"Feature","geometry":{"type":"Point","coordinates":[37.828,48.0019]},"properties":{"name":"Donetsk","name_en":"Donetsk","name_zh":"頓涅茨克","name_zht":"頓涅茨克","name_ja":"ドネツィク","name_ko":"도네츠크","name_de":"Donezk","name_fr":"Donetsk","name_es":"Donetsk","name_pt":"Donetsk","name_ru":"Донецк","pop_max":988000,"featurecla":"Admin-1 capital","worldcity":0}},{"type":"Feature","geometry":{"type":"Point","coordinates":[36.2481,50.0019]},"properties":{"name":"Kharkiv","name_en":"Kharkiv","name_zh":"哈爾科夫","name_zht":"哈爾科夫","name_ja":"ハリコフ","name_ko":"하르키우","name_de":"Charkow","name_fr":"Kharkiv","name_es":"Járkov","name_pt":"Carcóvia","name_ru":"Харьков","pop_max":1461000,"featurecla":"Admin-1 capital","worldcity":0}},{"type":"Feature","geometry":{"type":"Point","coordinates":[52.9697,40.023]},"properties":{"name":"Türkmenbaşy","name_en":"Türkmenbaşy","name_zh":"土庫曼巴希","name_zht":"土庫曼巴希","name_ja":"トルクメンバシ","name_ko":"투르크멘바시","name_de":"Türkmenbaşy","name_fr":"Türkmenbaşy","name_es":"Turkmenbashi","name_pt":"Turkmenbachi","name_ru":"Туркменбашы","pop_max":68292,"featurecla":"Admin-1 capital","worldcity":0}},{"type":"Feature","geometry":{"type":"Point","coordinates":[64.43,39.78]},"properties":{"name":"Bukhara","name_en":"Bukhara","name_zh":"布哈拉","name_zht":"布哈拉","name_ja":"ブハラ","name_ko":"부하라","name_de":"Buchara","name_fr":"Boukhara","name_es":"Bujará","name_pt":"Bucara","name_ru":"Бухара","pop_max":319476,"featurecla":"Admin-1 capital","worldcity":0}},{"type":"Feature","geometry":{"type":"Point","coordinates":[59.615,42.47]},"properties":{"name":"Nukus","name_en":"Nukus","name_zh":"努库斯","name_zht":"努库斯","name_ja":"ヌクス","name_ko":"누쿠스","name_de":"Nukus","name_fr":"Noukous","name_es":"Nukus","name_pt":"Nukus","name_ru":"Нукус","pop_max":230006,"featurecla":"Admin-1 capital","worldcity":0}},{"type":"Feature","geometry":{"type":"Point","coordinates":[63.58,39.11]},"properties":{"name":"Türkmenabat","name_en":"Türkmenabat","name_zh":"土庫曼納巴德","name_zht":"土庫曼納巴德","name_ja":"テュルクメナバート","name_ko":"투르크메나바트","name_de":"Türkmenabat","name_fr":"Türkmenabat","name_es":"Türkmenabat","name_pt":"Türkmenabat","name_ru":"Туркменабат","pop_max":234817,"featurecla":"Admin-1 capital","worldcity":0}},{"type":"Feature","geometry":{"type":"Point","coordinates":[61.8333,37.6]},"properties":{"name":"Mary","name_en":"Mary","name_zh":"马雷","name_zht":"马雷","name_ja":"マル","name_ko":"마리","name_de":"Mary","name_fr":"Mary","name_es":"Mary","name_pt":"Mary","name_ru":"Мары","pop_max":178708,"featurecla":"Admin-1 capital","worldcity":0}},{"type":"Feature","geometry":{"type":"Point","coordinates":[72.34,40.79]},"properties":{"name":"Andijon","name_en":"Andijan","name_zh":"安集延","name_zht":"安集延","name_ja":"アンディジャン","name_ko":"안디잔","name_de":"Andijon","name_fr":"Andijan","name_es":"Andiján","name_pt":"Andijon","name_ru":"Андижан","pop_max":650000,"featurecla":"Admin-1 capital","worldcity":0}},{"type":"Feature","geometry":{"type":"Point","coordinates":[106.6781,20.832]},"properties":{"name":"Haiphong","name_en":"Haiphong","name_zh":"海防市","name_zht":"海防","name_ja":"ハイフォン","name_ko":null,"name_de":"Hải Phòng","name_fr":"Hải Phòng","name_es":"Hải Phòng","name_pt":"Haiphong","name_ru":"Хайфон","pop_max":1969000,"featurecla":"Populated place","worldcity":0}},{"type":"Feature","geometry":{"type":"Point","coordinates":[108.25,16.06]},"properties":{"name":"Da Nang","name_en":"Da Nang","name_zh":"峴港","name_zht":"岘港","name_ja":"ダナン","name_ko":"다낭","name_de":"Đà Nẵng","name_fr":"Đà Nẵng","name_es":"Đà Nẵng","name_pt":"Da Nang","name_ru":"Дананг","pop_max":1000000,"featurecla":"Admin-1 capital","worldcity":0}},{"type":"Feature","geometry":{"type":"Point","coordinates":[28.45,-14.44]},"properties":{"name":"Kabwe","name_en":"Kabwe","name_zh":"卡布韦","name_zht":"卡布韦","name_ja":"カブウェ","name_ko":"카브웨","name_de":"Kabwe","name_fr":"Kabwe","name_es":"Kabwe","name_pt":"Kabwe","name_ru":"Кабве","pop_max":188979,"featurecla":"Admin-1 capital","worldcity":0}},{"type":"Feature","geometry":{"type":"Point","coordinates":[28.26,-12.55]},"properties":{"name":"Mufulira","name_en":"Mufulira","name_zh":"穆富利拉","name_zht":"穆富利拉","name_ja":null,"name_ko":null,"name_de":"Mufulira","name_fr":"Mufulira","name_es":"Mufulira","name_pt":"Mufulira","name_ru":"Муфулира","pop_max":153624,"featurecla":"Populated place","worldcity":0}},{"type":"Feature","geometry":{"type":"Point","coordinates":[28.22,-12.81]},"properties":{"name":"Kitwe","name_en":"Kitwe","name_zh":"基特韦","name_zht":"基特韦","name_ja":"キトウェ","name_ko":"키트웨","name_de":"Kitwe","name_fr":"Kitwe","name_es":"Kitwe","name_pt":"Kitwe","name_ru":"Китве-Нкана","pop_max":404901,"featurecla":"Populated place","worldcity":0}},{"type":"Feature","geometry":{"type":"Point","coordinates":[25.86,-17.86]},"properties":{"name":"Livingstone","name_en":"Livingstone","name_zh":"利文斯顿","name_zht":"利文斯顿","name_ja":null,"name_ko":"리빙스턴","name_de":"Livingstone","name_fr":"Livingstone","name_es":"Livingstone","name_pt":"Livingstone","name_ru":"Ливингстон","pop_max":165480,"featurecla":"Admin-1 capital","worldcity":0}},{"type":"Feature","geometry":{"type":"Point","coordinates":[31.1,-18]},"properties":{"name":"Chitungwiza","name_en":"Chitungwiza","name_zh":"奇通圭扎","name_zht":"奇通圭扎","name_ja":null,"name_ko":null,"name_de":"Chitungwiza","name_fr":"Chitungwiza","name_es":"Chitungwiza","name_pt":"Chitungwiza","name_ru":"Читунгвиза","pop_max":340360,"featurecla":"Populated place","worldcity":0}},{"type":"Feature","geometry":{"type":"Point","coordinates":[9.708,4.0624]},"properties":{"name":"Douala","name_en":"Douala","name_zh":"杜阿拉","name_zht":"杜阿拉","name_ja":"ドゥアラ","name_ko":"두알라","name_de":"Duala","name_fr":"Douala","name_es":"Duala","name_pt":"Duala","name_ru":"Дуала","pop_max":1906000,"featurecla":"Populated place","worldcity":0}},{"type":"Feature","geometry":{"type":"Point","coordinates":[-1.9219,52.4769]},"properties":{"name":"Birmingham","name_en":"Birmingham","name_zh":"伯明翰","name_zht":"伯明翰","name_ja":"バーミンガム","name_ko":"버밍엄","name_de":"Birmingham","name_fr":"Birmingham","name_es":"Birmingham","name_pt":"Birmingham","name_ru":"Бирмингем","pop_max":2285000,"featurecla":"Populated place","worldcity":0}},{"type":"Feature","geometry":{"type":"Point","coordinates":[-5.96,54.6]},"properties":{"name":"Belfast","name_en":"Belfast","name_zh":"贝尔法斯特","name_zht":"贝尔法斯特","name_ja":"ベルファスト","name_ko":"밸파스트","name_de":"Belfast","name_fr":"Belfast","name_es":"Belfast","name_pt":"Belfast","name_ru":"Белфаст","pop_max":450406,"featurecla":"Admin-0 region capital","worldcity":0}},{"type":"Feature","geometry":{"type":"Point","coordinates":[27.1498,38.4381]},"properties":{"name":"İzmir","name_en":"İzmir","name_zh":"伊兹密尔","name_zht":"伊兹密尔","name_ja":"イズミル","name_ko":null,"name_de":"Izmir","name_fr":"Izmir","name_es":"Esmirna","name_pt":"Esmirna","name_ru":"Измир","pop_max":2587000,"featurecla":"Admin-1 capital","worldcity":0}},{"type":"Feature","geometry":{"type":"Point","coordinates":[29.0681,40.2019]},"properties":{"name":"Bursa","name_en":"Bursa","name_zh":"布尔萨","name_zht":"布尔萨","name_ja":"ブルサ","name_ko":"부르사","name_de":"Bursa","name_fr":"Bursa","name_es":"Bursa","name_pt":"Bursa","name_ru":"Бурса","pop_max":1492000,"featurecla":"Admin-1 capital","worldcity":0}},{"type":"Feature","geometry":{"type":"Point","coordinates":[36.3437,41.28]},"properties":{"name":"Samsun","name_en":"Samsun","name_zh":"薩姆松","name_zht":"薩姆松","name_ja":"サムスン","name_ko":"삼순","name_de":"Samsun","name_fr":"Samsun","name_es":"Samsun","name_pt":"Samsun","name_ru":"Самсун","pop_max":609339,"featurecla":"Admin-1 capital","worldcity":0}},{"type":"Feature","geometry":{"type":"Point","coordinates":[32.4731,37.877]},"properties":{"name":"Konya","name_en":"Konya","name_zh":"科尼亞","name_zht":"科尼亞","name_ja":"コンヤ","name_ko":"코니아","name_de":"Konya","name_fr":"Konya","name_es":"Konya","name_pt":"Konya","name_ru":"Конья","pop_max":919000,"featurecla":"Admin-1 capital","worldcity":0}},{"type":"Feature","geometry":{"type":"Point","coordinates":[35.3181,36.9969]},"properties":{"name":"Adana","name_en":"Adana","name_zh":"阿达纳","name_zht":"阿达纳","name_ja":"アダナ","name_ko":"아다나","name_de":"Adana","name_fr":"Adana","name_es":"Adana","name_pt":"Adana","name_ru":"Адана","pop_max":1293000,"featurecla":"Admin-1 capital","worldcity":0}},{"type":"Feature","geometry":{"type":"Point","coordinates":[32.28,2.78]},"properties":{"name":"Gulu","name_en":"Gulu","name_zh":"古盧","name_zht":"古盧","name_ja":"グル","name_ko":"굴루","name_de":"Gulu","name_fr":"Gulu","name_es":"Gulu","name_pt":"Gulu","name_ru":"Гулу","pop_max":146858,"featurecla":"Admin-1 region capital","worldcity":0}},{"type":"Feature","geometry":{"type":"Point","coordinates":[30.0586,-1.9516]},"properties":{"name":"Kigali","name_en":"Kigali","name_zh":"吉佳利","name_zht":"吉佳利","name_ja":"キガリ","name_ko":"키갈리","name_de":"Kigali","name_fr":"Kigali","name_es":"Kigali","name_pt":"Kigali","name_ru":"Кигали","pop_max":860000,"featurecla":"Admin-0 capital","worldcity":0}},{"type":"Feature","geometry":{"type":"Point","coordinates":[-54.2333,3.85]},"properties":{"name":"Cottica","name_en":"Cottica","name_zh":null,"name_zht":null,"name_ja":null,"name_ko":null,"name_de":null,"name_fr":"Cottica","name_es":"Cottica","name_pt":"Cottica","name_ru":null,"pop_max":29210,"featurecla":"Populated place","worldcity":0}},{"type":"Feature","geometry":{"type":"Point","coordinates":[-4.77,37.88]},"properties":{"name":"Córdoba","name_en":"Córdoba","name_zh":"科爾多瓦","name_zht":"科爾多瓦","name_ja":"コルドバ","name_ko":"코르도바","name_de":"Córdoba","name_fr":"Cordoue","name_es":"Córdoba","name_pt":"Córdova","name_ru":"Кордова","pop_max":321376,"featurecla":"Populated place","worldcity":0}},{"type":"Feature","geometry":{"type":"Point","coordinates":[7.0964,13.4916]},"properties":{"name":"Maradi","name_en":"Maradi","name_zh":null,"name_zht":null,"name_ja":"マラディ","name_ko":"마라디","name_de":"Maradi","name_fr":"Maradi","name_es":"Maradi","name_pt":"Maradi","name_ru":"Маради","pop_max":232555,"featurecla":"Admin-1 capital","worldcity":0}},{"type":"Feature","geometry":{"type":"Point","coordinates":[5.2599,14.9]},"properties":{"name":"Tahoua","name_en":"Tahoua","name_zh":"塔瓦","name_zht":"塔瓦","name_ja":"タウア","name_ko":"타우아","name_de":"Tahoua","name_fr":"Tahoua","name_es":"Tahoua","name_pt":"Tahoua","name_ru":"Тахуа","pop_max":115956,"featurecla":"Admin-1 capital","worldcity":0}},{"type":"Feature","geometry":{"type":"Point","coordinates":[28.61,44.2027]},"properties":{"name":"Constanța","name_en":"Constanța","name_zh":"康斯坦察","name_zht":"康斯坦察","name_ja":"コンスタンツァ","name_ko":"콘스탄차","name_de":"Konstanza","name_fr":"Constanța","name_es":"Constanza","name_pt":"Constança","name_ru":"Констанца","pop_max":303399,"featurecla":"Admin-1 capital","worldcity":0}},{"type":"Feature","geometry":{"type":"Point","coordinates":[22.1584,65.5966]},"properties":{"name":"Luleå","name_en":"Luleå","name_zh":"呂勒奧","name_zht":"呂勒奧","name_ja":"ルレオ","name_ko":"룰레오","name_de":"Luleå","name_fr":"Luleå","name_es":"Luleå","name_pt":"Luleå","name_ru":"Лулео","pop_max":48638,"featurecla":"Admin-1 capital","worldcity":0}},{"type":"Feature","geometry":{"type":"Point","coordinates":[17.3167,62.4001]},"properties":{"name":"Sundsvall","name_en":"Sundsvall","name_zh":"松茲瓦爾","name_zht":"松茲瓦爾","name_ja":"スンツヴァル","name_ko":"순스발","name_de":"Sundsvall","name_fr":"Sundsvall","name_es":"Sundsvall","name_pt":"Sundsvall","name_ru":"Сундсвалль","pop_max":73389,"featurecla":"Populated place","worldcity":0}},{"type":"Feature","geometry":{"type":"Point","coordinates":[27.5749,47.1683]},"properties":{"name":"Iași","name_en":"Iași","name_zh":"雅西","name_zht":"雅西","name_ja":"ヤシ","name_ko":"이아시","name_de":"Iași","name_fr":"Iași","name_es":"Iași","name_pt":"Iași","name_ru":"Яссы","pop_max":325914,"featurecla":"Admin-1 capital","worldcity":0}},{"type":"Feature","geometry":{"type":"Point","coordinates":[99.3401,9.1501]},"properties":{"name":"Surat Thani","name_en":"Surat Thani","name_zh":"素叻他尼","name_zht":"素叻他尼","name_ja":"スラートターニー","name_ko":"수랏타니","name_de":"Surat Thani","name_fr":"Surat Thani","name_es":"Surat Thani","name_pt":"Surat Thani","name_ru":"Сураттхани","pop_max":157627,"featurecla":"Admin-1 capital","worldcity":0}},{"type":"Feature","geometry":{"type":"Point","coordinates":[98.98,18.8]},"properties":{"name":"Chiang Mai","name_en":"Chiang Mai","name_zh":"清迈","name_zht":"清邁","name_ja":"チエンマイ","name_ko":"치앙마이","name_de":"Chiang Mai","name_fr":"Chiang Mai","name_es":"Chiang Mai","name_pt":"Chiang Mai","name_ru":"Чиангмай","pop_max":397211,"featurecla":"Admin-1 capital","worldcity":0}},{"type":"Feature","geometry":{"type":"Point","coordinates":[102.1,15]},"properties":{"name":"Nakhon Ratchasima","name_en":"Nakhon Ratchasima","name_zh":"呵叻","name_zht":"呵叻","name_ja":"ナコーンラーチャシーマー","name_ko":"나콘랏차시마","name_de":"Nakhon Ratchasima","name_fr":"Nakhon Ratchasima","name_es":"Khorat","name_pt":"Nakhon Ratchasima","name_ru":"Накхонратчасима","pop_max":334984,"featurecla":"Admin-1 capital","worldcity":0}},{"type":"Feature","geometry":{"type":"Point","coordinates":[31.1333,-26.3167]},"properties":{"name":"Mbabane","name_en":"Mbabane","name_zh":"墨巴本","name_zht":"墨巴本","name_ja":"ムババーネ","name_ko":"음바바네","name_de":"Mbabane","name_fr":"Mbabane","name_es":"Mbabane","name_pt":"Mbabane","name_ru":"Мбабане","pop_max":90138,"featurecla":"Admin-0 capital","worldcity":0}},{"type":"Feature","geometry":{"type":"Point","coordinates":[-80.63,-5.21]},"properties":{"name":"Piura","name_en":"Piura","name_zh":"皮乌拉","name_zht":"皮乌拉","name_ja":"ピウラ","name_ko":"피우라","name_de":"Piura","name_fr":"Piura","name_es":"Piura","name_pt":"Piura","name_ru":"Пьюра","pop_max":396932,"featurecla":"Admin-1 capital","worldcity":0}},{"type":"Feature","geometry":{"type":"Point","coordinates":[-71.532,-16.418]},"properties":{"name":"Arequipa","name_en":"Arequipa","name_zh":"阿雷基帕","name_zht":"阿雷基帕","name_ja":"アレキパ","name_ko":"아레키파","name_de":"Arequipa","name_fr":"Arequipa","name_es":"Arequipa","name_pt":"Arequipa","name_ru":"Арекипа","pop_max":815000,"featurecla":"Admin-1 capital","worldcity":0}},{"type":"Feature","geometry":{"type":"Point","coordinates":[-78.57,-9.07]},"properties":{"name":"Chimbote","name_en":"Chimbote","name_zh":"钦博特","name_zht":"钦博特","name_ja":"チンボテ","name_ko":"침보테","name_de":"Chimbote","name_fr":"Chimbote","name_es":"Chimbote","name_pt":"Chimbote","name_ru":"Чимботе","pop_max":349846,"featurecla":"Populated place","worldcity":0}},{"type":"Feature","geometry":{"type":"Point","coordinates":[-74.535,-8.3689]},"properties":{"name":"Pucallpa","name_en":"Pucallpa","name_zh":"普卡尔帕","name_zht":"普兰尔帕","name_ja":"プカルバ","name_ko":"푸카이파","name_de":"Pucallpa","name_fr":"Pucallpa","name_es":"Pucallpa","name_pt":"Pucallpa","name_ru":"Пукальпа","pop_max":310750,"featurecla":"Admin-1 capital","worldcity":0}},{"type":"Feature","geometry":{"type":"Point","coordinates":[-73.25,-3.75]},"properties":{"name":"Iquitos","name_en":"Iquitos","name_zh":"伊基托斯","name_zht":"伊基托斯","name_ja":"イキトス","name_ko":"이키토스","name_de":"Iquitos","name_fr":"Iquitos","name_es":"Iquitos","name_pt":"Iquitos","name_ru":"Икитос","pop_max":458729,"featurecla":"Admin-1 capital","worldcity":0}},{"type":"Feature","geometry":{"type":"Point","coordinates":[-75.2,-12.08]},"properties":{"name":"Huancayo","name_en":"Huancayo","name_zh":"万卡约","name_zht":"万卡约","name_ja":"ワンカヨ","name_ko":"우앙카요","name_de":"Huancayo","name_fr":"Huancayo","name_es":"Huancayo","name_pt":"Huancayo","name_ru":"Уанкайо","pop_max":412733,"featurecla":"Admin-1 capital","worldcity":0}},{"type":"Feature","geometry":{"type":"Point","coordinates":[-54.6161,-25.5167]},"properties":{"name":"Ciudad del Este","name_en":"Ciudad del Este","name_zh":"的黎波里","name_zht":"東方","name_ja":"トリポリ","name_ko":"트리폴리","name_de":"Ciudad del Este","name_fr":"Ciudad del Este","name_es":"Ciudad del Este","name_pt":"Ciudad del Este","name_ru":"Сьюдад-дель-Эсте","pop_max":320872,"featurecla":"Admin-1 capital","worldcity":0}},{"type":"Feature","geometry":{"type":"Point","coordinates":[-25.6666,37.7483]},"properties":{"name":"Ponta Delgada","name_en":"Ponta Delgada","name_zh":"蓬塔德爾加達","name_zht":"蓬塔德爾加達","name_ja":"ポンタ・デルガダ","name_ko":"폰타델가다","name_de":"Ponta Delgada","name_fr":"Ponta Delgada","name_es":"Ponta Delgada","name_pt":"Ponta Delgada","name_ru":"Понта-Делгада","pop_max":61526,"featurecla":"Admin-0 region capital","worldcity":0}},{"type":"Feature","geometry":{"type":"Point","coordinates":[-8.73,42.22]},"properties":{"name":"Vigo","name_en":"Vigo","name_zh":"維戈","name_zht":"維戈","name_ja":"ビーゴ","name_ko":"비고","name_de":"Vigo","name_fr":"Vigo","name_es":"Vigo","name_pt":"Vigo","name_ru":"Виго","pop_max":378952,"featurecla":"Populated place","worldcity":0}},{"type":"Feature","geometry":{"type":"Point","coordinates":[-2.93,43.25]},"properties":{"name":"Bilbao","name_en":"Bilbao","name_zh":"毕尔巴鄂","name_zht":"毕尔巴鄂","name_ja":"ビルバオ","name_ko":"빌바오","name_de":"Bilbao","name_fr":"Bilbao","name_es":"Bilbao","name_pt":"Bilbau","name_ru":"Бильбао","pop_max":875552,"featurecla":"Populated place","worldcity":0}},{"type":"Feature","geometry":{"type":"Point","coordinates":[-16.1,14.15]},"properties":{"name":"Kaolack","name_en":"Kaolack","name_zh":"考拉克","name_zht":"考拉克","name_ja":"カオラック","name_ko":null,"name_de":"Kaolack","name_fr":"Kaolack","name_es":"Kaolack","name_pt":"Kaolack","name_ru":"Каолак","pop_max":277812,"featurecla":"Admin-1 capital","worldcity":0}},{"type":"Feature","geometry":{"type":"Point","coordinates":[-13.5,16.15]},"properties":{"name":"Kaédi","name_en":"Kaédi","name_zh":"卡埃迪","name_zht":"卡埃迪","name_ja":"カエディ","name_ko":"카에디","name_de":"Kaédi","name_fr":"Kaédi","name_es":"Kaédi","name_pt":null,"name_ru":"Каэди","pop_max":21656,"featurecla":"Admin-1 capital","worldcity":0}},{"type":"Feature","geometry":{"type":"Point","coordinates":[22.44,13.45]},"properties":{"name":"Geneina","name_en":"Geneina","name_zh":"Al-Junaynah","name_zht":"朱奈納","name_ja":"アルジュナイナ","name_ko":"Al-Junaynah","name_de":"Al-Dschunaina","name_fr":"Al-Genaïna","name_es":"Geneina","name_pt":"Geneina","name_ru":"Эль-Генейна","pop_max":162981,"featurecla":"Populated place","worldcity":0}},{"type":"Feature","geometry":{"type":"Point","coordinates":[39.5781,24.5019]},"properties":{"name":"Medina","name_en":"Medina","name_zh":"麦地那","name_zht":"麦地那","name_ja":null,"name_ko":null,"name_de":"Medina","name_fr":"Médine","name_es":"Medina","name_pt":"Medina","name_ru":"Медина","pop_max":1010000,"featurecla":"Admin-1 capital","worldcity":0}},{"type":"Feature","geometry":{"type":"Point","coordinates":[36.555,28.3838]},"properties":{"name":"Tabuk","name_en":"Tabuk","name_zh":"塔布克","name_zht":"塔布克","name_ja":"タブーク","name_ko":"타부크","name_de":"Tabuk","name_fr":"Tabuk","name_es":"Tabuk","name_pt":"Tabuk","name_ru":"Табук","pop_max":547957,"featurecla":"Admin-1 capital","worldcity":0}},{"type":"Feature","geometry":{"type":"Point","coordinates":[31.58,4.83]},"properties":{"name":"Juba","name_en":"Juba","name_zh":"朱巴","name_zht":"朱巴","name_ja":null,"name_ko":"주바","name_de":"Juba","name_fr":"Djouba","name_es":"Yuba","name_pt":"Juba","name_ru":"Джуба","pop_max":111975,"featurecla":"Admin-0 capital","worldcity":0}},{"type":"Feature","geometry":{"type":"Point","coordinates":[31.656,9.5369]},"properties":{"name":"Malakal","name_en":"Malakal","name_zh":"馬拉卡爾","name_zht":"馬拉卡爾","name_ja":"マラカル","name_ko":"말라칼","name_de":"Malakal","name_fr":"Malakal","name_es":"Malakal","name_pt":"Malakal","name_ru":"Малакаль","pop_max":160765,"featurecla":"Admin-1 region capital","worldcity":0}},{"type":"Feature","geometry":{"type":"Point","coordinates":[32.48,15.6167]},"properties":{"name":"Omdurman","name_en":"Omdurman","name_zh":"恩图曼","name_zht":"恩图曼","name_ja":"オムドゥルマン","name_ko":"옴두르만","name_de":"Omdurman","name_fr":"Omdourman","name_es":"Omdurmán","name_pt":"Omdurman","name_ru":"Омдурман","pop_max":2395159,"featurecla":"Admin-1 capital","worldcity":0}},{"type":"Feature","geometry":{"type":"Point","coordinates":[30.2167,13.1833]},"properties":{"name":"El Obeid","name_en":"Al-Ubayyid","name_zh":"欧拜伊德","name_zht":"欧拜伊德","name_ja":"エルオベイド","name_ko":null,"name_de":"Al-Ubayyid","name_fr":"El Obeid","name_es":"El Obeid","name_pt":"Al-Ubayyid","name_ru":"Эль-Обейд","pop_max":393311,"featurecla":"Populated place","worldcity":0}},{"type":"Feature","geometry":{"type":"Point","coordinates":[4.27,52.08]},"properties":{"name":"The Hague","name_en":"The Hague","name_zh":"海牙","name_zht":"海牙","name_ja":"デン・ハーグ","name_ko":"헤이그","name_de":"Den Haag","name_fr":"La Haye","name_es":"La Haya","name_pt":"Haia","name_ru":"Гаага","pop_max":1406000,"featurecla":"Admin-0 capital alt","worldcity":0}},{"type":"Feature","geometry":{"type":"Point","coordinates":[8,58.1666]},"properties":{"name":"Kristiansand","name_en":"Kristiansand","name_zh":"克里斯蒂安桑","name_zht":"克里斯蒂安桑","name_ja":"クリスティアンサンド","name_ko":null,"name_de":"Kristiansand","name_fr":"Kristiansand","name_es":"Kristiansand","name_pt":"Kristiansand","name_ru":"Кристиансанн","pop_max":63814,"featurecla":"Admin-1 capital","worldcity":0}},{"type":"Feature","geometry":{"type":"Point","coordinates":[14.515,46.0553]},"properties":{"name":"Ljubljana","name_en":"Ljubljana","name_zh":"卢布尔雅那","name_zht":"卢布尔雅那","name_ja":"リュブリャナ","name_ko":"류블랴나","name_de":"Ljubljana","name_fr":"Ljubljana","name_es":"Liubliana","name_pt":"Liubliana","name_ru":"Любляна","pop_max":314807,"featurecla":"Admin-0 capital","worldcity":0}},{"type":"Feature","geometry":{"type":"Point","coordinates":[17.117,48.15]},"properties":{"name":"Bratislava","name_en":"Bratislava","name_zh":"布拉迪斯拉发","name_zht":"布拉迪斯拉发","name_ja":"ブラチスラヴァ","name_ko":"브라티슬라바","name_de":"Bratislava","name_fr":"Bratislava","name_es":"Bratislava","name_pt":"Bratislava","name_ru":"Братислава","pop_max":423737,"featurecla":"Admin-0 capital","worldcity":0}},{"type":"Feature","geometry":{"type":"Point","coordinates":[23.688,70.6613]},"properties":{"name":"Hammerfest","name_en":"Hammerfest","name_zh":"亨墨菲斯","name_zht":null,"name_ja":"ハンメルフェスト","name_ko":null,"name_de":"Hammerfest","name_fr":"Hammerfest","name_es":"Hammerfest","name_pt":"Hammerfest","name_ru":"Хаммерфест","pop_max":10000,"featurecla":"Populated place","worldcity":0}},{"type":"Feature","geometry":{"type":"Point","coordinates":[51.533,25.2866]},"properties":{"name":"Doha","name_en":"Doha","name_zh":"多哈","name_zht":"多哈","name_ja":"ドーハ","name_ko":"도하","name_de":"Doha","name_fr":"Doha","name_es":"Doha","name_pt":"Doha","name_ru":"Доха","pop_max":1450000,"featurecla":"Admin-0 capital","worldcity":0}},{"type":"Feature","geometry":{"type":"Point","coordinates":[67.023,30.2219]},"properties":{"name":"Quetta","name_en":"Quetta","name_zh":"奎達","name_zht":"奎達","name_ja":"クエッタ","name_ko":"퀘타","name_de":"Quetta","name_fr":"Quetta","name_es":"Quetta","name_pt":"Quetta","name_ru":"Кветта","pop_max":768000,"featurecla":"Admin-1 capital","worldcity":0}},{"type":"Feature","geometry":{"type":"Point","coordinates":[68.2068,27.5618]},"properties":{"name":"Larkana","name_en":"Larkana","name_zh":"拉爾卡納","name_zht":"拉爾卡納","name_ja":null,"name_ko":null,"name_de":"Larkana","name_fr":"Larkana","name_es":"Larkana","name_pt":"Larkana","name_ru":"Ларкана","pop_max":364033,"featurecla":"Populated place","worldcity":0}},{"type":"Feature","geometry":{"type":"Point","coordinates":[17.8833,-29.6667]},"properties":{"name":"Springbok","name_en":"Springbok","name_zh":"斯普林博克","name_zht":"斯普林博克","name_ja":"スプリングボック","name_ko":null,"name_de":"Springbok","name_fr":"Springbok","name_es":"Springbok","name_pt":null,"name_ru":"Спрингбок","pop_max":10438,"featurecla":"Populated place","worldcity":0}},{"type":"Feature","geometry":{"type":"Point","coordinates":[21.23,-28.46]},"properties":{"name":"Upington","name_en":"Upington","name_zh":"烏平通","name_zht":"烏平通","name_ja":null,"name_ko":"어핑턴","name_de":"Upington","name_fr":"Upington","name_es":"Upington","name_pt":"Upington","name_ru":"Апингтон","pop_max":71373,"featurecla":"Populated place","worldcity":0}},{"type":"Feature","geometry":{"type":"Point","coordinates":[19.4399,-33.64]},"properties":{"name":"Worcester","name_en":"Worcester","name_zh":"伍斯特","name_zht":"伍斯特","name_ja":"ウースター","name_ko":null,"name_de":"Worcester","name_fr":"Worcester","name_es":"Worcester","name_pt":"Worcester","name_ru":"Вустер","pop_max":127597,"featurecla":"Populated place","worldcity":0}},{"type":"Feature","geometry":{"type":"Point","coordinates":[22.45,-33.95]},"properties":{"name":"George","name_en":"George","name_zh":"喬治","name_zht":"喬治","name_ja":"ジョージ","name_ko":"조지","name_de":"George","name_fr":"George","name_es":"George","name_pt":"George","name_ru":"Джордж","pop_max":174582,"featurecla":"Populated place","worldcity":0}},{"type":"Feature","geometry":{"type":"Point","coordinates":[33.58,-16.17]},"properties":{"name":"Tete","name_en":"Tete","name_zh":"太特","name_zht":"太特","name_ja":"テテ","name_ko":"테트","name_de":"Tete","name_fr":"Tete","name_es":"Tete","name_pt":"Tete","name_ru":"Тете","pop_max":129316,"featurecla":"Admin-1 capital","worldcity":0}},{"type":"Feature","geometry":{"type":"Point","coordinates":[40.5323,-12.983]},"properties":{"name":"Pemba","name_en":"Pemba","name_zh":"彭巴","name_zht":"彭巴","name_ja":"ペンバ","name_ko":"펨바","name_de":"Pemba","name_fr":"Pemba","name_es":"Pemba","name_pt":"Pemba","name_ru":"Пемба","pop_max":110643,"featurecla":"Admin-1 capital","worldcity":0}},{"type":"Feature","geometry":{"type":"Point","coordinates":[39.293,-15.136]},"properties":{"name":"Nampula","name_en":"Nampula","name_zh":"楠普拉","name_zht":"楠普拉","name_ja":"ナンプラ","name_ko":"남풀라","name_de":"Nampula","name_fr":"Nampula","name_es":"Nampula","name_pt":"Nampula","name_ru":"Нампула","pop_max":388526,"featurecla":"Admin-1 capital","worldcity":0}},{"type":"Feature","geometry":{"type":"Point","coordinates":[26.73,-27.97]},"properties":{"name":"Welkom","name_en":"Welkom","name_zh":"韋爾科姆","name_zht":"韋爾科姆","name_ja":"ウェルコム","name_ko":null,"name_de":"Welkom","name_fr":"Welkom","name_es":"Welkom","name_pt":"Welkom","name_ru":"Велком","pop_max":431944,"featurecla":"Populated place","worldcity":0}},{"type":"Feature","geometry":{"type":"Point","coordinates":[33.64,-25.04]},"properties":{"name":"Xai-Xai","name_en":"Xai-Xai","name_zh":"賽賽","name_zht":"賽賽","name_ja":"シャイシャイ","name_ko":"샤이샤이","name_de":"Xai-Xai","name_fr":"Xai-Xai","name_es":"Xai-Xai","name_pt":"Xai-Xai","name_ru":"Шаи-Шаи","pop_max":128805,"featurecla":"Admin-1 capital","worldcity":0}},{"type":"Feature","geometry":{"type":"Point","coordinates":[145.3855,-6.0833]},"properties":{"name":"Goroka","name_en":"Goroka","name_zh":"戈羅卡","name_zht":"戈羅卡","name_ja":"ゴロカ","name_ko":null,"name_de":"Goroka","name_fr":"Goroka","name_es":"Goroka","name_pt":"Goroka","name_ru":"Горока","pop_max":39699,"featurecla":"Admin-1 capital","worldcity":0}},{"type":"Feature","geometry":{"type":"Point","coordinates":[144.2168,-5.8632]},"properties":{"name":"Mt. Hagen","name_en":"Mount Hagen","name_zh":"芒特哈根","name_zht":"芒特哈根","name_ja":null,"name_ko":null,"name_de":"Mount Hagen","name_fr":"Mount Hagen","name_es":"Mount Hagen","name_pt":"Mount Hagen","name_ru":"Маунт-Хаген","pop_max":59064,"featurecla":"Admin-1 capital","worldcity":0}},{"type":"Feature","geometry":{"type":"Point","coordinates":[152.1434,-4.2055]},"properties":{"name":"Rabaul","name_en":"Rabaul","name_zh":"拉包爾","name_zht":"拉包爾","name_ja":"ラバウル","name_ko":"라바울","name_de":"Rabaul","name_fr":"Rabaul","name_es":"Rabaul","name_pt":"Rabaul","name_ru":"Рабаул","pop_max":8074,"featurecla":"Admin-1 capital","worldcity":0}},{"type":"Feature","geometry":{"type":"Point","coordinates":[146.99,-6.733]},"properties":{"name":"Lae","name_en":"Lae","name_zh":"莱城","name_zht":"莱城","name_ja":"ラエ","name_ko":"라에","name_de":"Lae","name_fr":"Lae","name_es":"Lae","name_pt":"Lae","name_ru":"Лаэ","pop_max":131052,"featurecla":"Admin-1 capital","worldcity":0}},{"type":"Feature","geometry":{"type":"Point","coordinates":[-82.4333,8.4333]},"properties":{"name":"David","name_en":"David","name_zh":"戴维","name_zht":"戴维","name_ja":"ダビッド","name_ko":"다비드","name_de":"David","name_fr":"David","name_es":"San José de David","name_pt":"David","name_ru":"Давид","pop_max":110037,"featurecla":"Admin-1 capital","worldcity":0}},{"type":"Feature","geometry":{"type":"Point","coordinates":[-1.91,34.69]},"properties":{"name":"Oujda","name_en":"Oujda","name_zh":"乌季达","name_zht":"乌季达","name_ja":"ウジダ","name_ko":"우지다","name_de":"Oujda","name_fr":"Oujda","name_es":"Uchda","name_pt":"Oujda","name_ru":"Уджда","pop_max":409391,"featurecla":"Admin-1 capital","worldcity":0}},{"type":"Feature","geometry":{"type":"Point","coordinates":[-9.24,32.32]},"properties":{"name":"Safi","name_en":"Safi","name_zh":"薩非","name_zht":"薩非","name_ja":"サフィ","name_ko":"사피","name_de":"Safi","name_fr":"Safi","name_es":"Safí","name_pt":"Safim","name_ru":"Сафи","pop_max":353476,"featurecla":"Populated place","worldcity":0}},{"type":"Feature","geometry":{"type":"Point","coordinates":[19.2663,42.466]},"properties":{"name":"Podgorica","name_en":"Podgorica","name_zh":"波德戈里察","name_zht":"波德戈里察","name_ja":"ポドゴリツァ","name_ko":"포드고리차","name_de":"Podgorica","name_fr":"Podgorica","name_es":"Podgorica","name_pt":"Podgorica","name_ru":"Подгорица","pop_max":145850,"featurecla":"Admin-0 capital","worldcity":0}},{"type":"Feature","geometry":{"type":"Point","coordinates":[36.89,-17.88]},"properties":{"name":"Quelimane","name_en":"Quelimane","name_zh":"克利馬內","name_zht":"克利馬內","name_ja":"ケリマネ","name_ko":"켈리마느","name_de":"Quelimane","name_fr":"Quelimane","name_es":"Quelimane","name_pt":"Quelimane","name_ru":"Келимане","pop_max":188964,"featurecla":"Admin-1 capital","worldcity":0}},{"type":"Feature","geometry":{"type":"Point","coordinates":[27.87,-32.97]},"properties":{"name":"East London","name_en":"East London","name_zh":"的黎波里","name_zht":"東倫敦","name_ja":"トリポリ","name_ko":"트리폴리","name_de":"East London","name_fr":"East London","name_es":"East London","name_pt":"East London","name_ru":"Ист-Лондон","pop_max":338627,"featurecla":"Populated place","worldcity":0}},{"type":"Feature","geometry":{"type":"Point","coordinates":[25.01,-31.5]},"properties":{"name":"Middelburg","name_en":"Middelburg","name_zh":null,"name_zht":null,"name_ja":null,"name_ko":null,"name_de":"Middelburg","name_fr":"Middelburg","name_es":null,"name_pt":"Middelburg","name_ru":null,"pop_max":18164,"featurecla":"Populated place","worldcity":0}},{"type":"Feature","geometry":{"type":"Point","coordinates":[43.6179,43.4981]},"properties":{"name":"Naltchik","name_en":"Nalchik","name_zh":"納爾奇克","name_zht":"納爾奇克","name_ja":null,"name_ko":null,"name_de":"Naltschik","name_fr":"Naltchik","name_es":"Nálchik","name_pt":"Nalchik","name_ru":"Нальчик","pop_max":307866,"featurecla":"Admin-1 capital","worldcity":0}},{"type":"Feature","geometry":{"type":"Point","coordinates":[41.98,45.05]},"properties":{"name":"Stavropol","name_en":"Stavropol","name_zh":"斯塔夫罗波尔","name_zht":"斯塔夫罗波尔","name_ja":"スタヴロポリ","name_ko":null,"name_de":"Stawropol","name_fr":"Stavropol","name_es":"Stávropol","name_pt":"Stavropol","name_ru":"Ставрополь","pop_max":363064,"featurecla":"Admin-1 capital","worldcity":0}},{"type":"Feature","geometry":{"type":"Point","coordinates":[177.7,64.7333]},"properties":{"name":"Ugolnye Kopi","name_en":"Ugolnye Kopi","name_zh":null,"name_zht":null,"name_ja":null,"name_ko":null,"name_de":"Ugolnyje Kopi","name_fr":null,"name_es":null,"name_pt":"Ugolnye Kopi","name_ru":"Угольные Копи","pop_max":3367,"featurecla":"Populated place","worldcity":0}},{"type":"Feature","geometry":{"type":"Point","coordinates":[20.4973,54.7]},"properties":{"name":"Kaliningrad","name_en":"Kaliningrad","name_zh":"加里寧格勒","name_zht":"加里寧格勒","name_ja":"カリーニングラード","name_ko":"칼리닌그라드","name_de":"Kaliningrad","name_fr":"Kaliningrad","name_es":"Kaliningrado","name_pt":"Caliningrado","name_ru":"Калининград","pop_max":434954,"featurecla":"Admin-1 capital","worldcity":0}},{"type":"Feature","geometry":{"type":"Point","coordinates":[28.3299,57.83]},"properties":{"name":"Pskov","name_en":"Pskov","name_zh":"普斯科夫","name_zht":"普斯科夫","name_ja":"プスコフ","name_ko":"프스코프","name_de":"Pskow","name_fr":"Pskov","name_es":"Pskov","name_pt":"Pskov","name_ru":"Псков","pop_max":201990,"featurecla":"Admin-1 capital","worldcity":0}},{"type":"Feature","geometry":{"type":"Point","coordinates":[34.43,53.26]},"properties":{"name":"Bryansk","name_en":"Bryansk","name_zh":"布良斯克","name_zht":"布良斯克","name_ja":"ブリャンスク","name_ko":"브랸스크","name_de":"Brjansk","name_fr":"Briansk","name_es":"Briansk","name_pt":"Briansk","name_ru":"Брянск","pop_max":427236,"featurecla":"Admin-1 capital","worldcity":0}},{"type":"Feature","geometry":{"type":"Point","coordinates":[32.0473,54.7827]},"properties":{"name":"Smolensk","name_en":"Smolensk","name_zh":"斯摩棱斯克","name_zht":"斯摩棱斯克","name_ja":"スモレンスク","name_ko":"스몰렌스크","name_de":"Smolensk","name_fr":"Smolensk","name_es":"Smolensk","name_pt":"Smolensk","name_ru":"Смоленск","pop_max":320991,"featurecla":"Admin-1 capital","worldcity":0}},{"type":"Feature","geometry":{"type":"Point","coordinates":[34.28,61.85]},"properties":{"name":"Petrozavodsk","name_en":"Petrozavodsk","name_zh":"彼得罗扎沃茨克","name_zht":"彼得罗扎沃茨克","name_ja":"ペトロザヴォーツク","name_ko":"페트로자보츠크","name_de":"Petrosawodsk","name_fr":"Petrozavodsk","name_es":"Petrozavodsk","name_pt":"Petrozavodsk","name_ru":"Петрозаводск","pop_max":265025,"featurecla":"Admin-1 capital","worldcity":0}},{"type":"Feature","geometry":{"type":"Point","coordinates":[35.89,56.86]},"properties":{"name":"Tver","name_en":"Tver","name_zh":"特维尔","name_zht":"特维尔","name_ja":"トヴェリ","name_ko":"트베리","name_de":"Twer","name_fr":"Tver","name_es":"Tver","name_pt":"Tver","name_ru":"Тверь","pop_max":400212,"featurecla":"Admin-1 capital","worldcity":0}},{"type":"Feature","geometry":{"type":"Point","coordinates":[39.92,59.21]},"properties":{"name":"Vologda","name_en":"Vologda","name_zh":"沃洛格达","name_zht":"沃洛格达","name_ja":"ヴォログダ","name_ko":"볼로그다","name_de":"Wologda","name_fr":"Vologda","name_es":"Vólogda","name_pt":"Vologda","name_ru":"Вологда","pop_max":294889,"featurecla":"Admin-1 capital","worldcity":0}},{"type":"Feature","geometry":{"type":"Point","coordinates":[39.87,57.62]},"properties":{"name":"Yaroslavl","name_en":"Yaroslavl","name_zh":"雅罗斯拉夫尔","name_zht":"雅罗斯拉夫尔","name_ja":"ヤロスラヴリ","name_ko":"야로슬라블","name_de":"Jaroslawl","name_fr":"Iaroslavl","name_es":"Yaroslavl","name_pt":"Iaroslavl","name_ru":"Ярославль","pop_max":606730,"featurecla":"Admin-1 capital","worldcity":0}},{"type":"Feature","geometry":{"type":"Point","coordinates":[39.7107,47.2366]},"properties":{"name":"Rostov","name_en":"Rostov-on-Don","name_zh":"顿河畔罗斯托夫","name_zht":"顿河畔罗斯托夫","name_ja":"ロストフ・ナ・ドヌ","name_ko":"로스토프나도누","name_de":"Rostow am Don","name_fr":"Rostov-sur-le-Don","name_es":"Rostov del Don","name_pt":"Rostov do Don","name_ru":"Ростов-на-Дону","pop_max":1052000,"featurecla":"Admin-1 capital","worldcity":0}},{"type":"Feature","geometry":{"type":"Point","coordinates":[39.73,43.59]},"properties":{"name":"Sochi","name_en":"Sochi","name_zh":"索契","name_zht":"索契","name_ja":"ソチ","name_ko":"소치","name_de":"Sotschi","name_fr":"Sotchi","name_es":"Sochi","name_pt":"Sóchi","name_ru":"Сочи","pop_max":327608,"featurecla":"Populated place","worldcity":0}},{"type":"Feature","geometry":{"type":"Point","coordinates":[39,45.02]},"properties":{"name":"Krasnodar","name_en":"Krasnodar","name_zh":"克拉斯诺达尔","name_zht":"克拉斯诺达尔","name_ja":"クラスノダル","name_ko":"크라스노다르","name_de":"Krasnodar","name_fr":"Krasnodar","name_es":"Krasnodar","name_pt":"Krasnodar","name_ru":"Краснодар","pop_max":649851,"featurecla":"Admin-1 capital","worldcity":0}},{"type":"Feature","geometry":{"type":"Point","coordinates":[45,53.18]},"properties":{"name":"Penza","name_en":"Penza","name_zh":"奔萨","name_zht":"奔萨","name_ja":"ペンザ","name_ko":"펜자","name_de":"Pensa","name_fr":"Penza","name_es":"Penza","name_pt":"Penza","name_ru":"Пенза","pop_max":512602,"featurecla":"Admin-1 capital","worldcity":0}},{"type":"Feature","geometry":{"type":"Point","coordinates":[39.72,54.62]},"properties":{"name":"Ryazan","name_en":"Ryazan","name_zh":"Ryazan’","name_zht":"梁赞","name_ja":"リャザン","name_ko":"랴잔","name_de":"Rjasan","name_fr":"Riazan","name_es":"Riazán","name_pt":"Riazan","name_ru":"Рязань","pop_max":520173,"featurecla":"Admin-1 capital","worldcity":0}},{"type":"Feature","geometry":{"type":"Point","coordinates":[39.268,51.7319]},"properties":{"name":"Voronezh","name_en":"Voronezh","name_zh":"沃罗涅日","name_zht":"沃罗涅日","name_ja":"ヴォロネジ","name_ko":"보로네시","name_de":"Woronesch","name_fr":"Voronej","name_es":"Vorónezh","name_pt":"Voronej","name_ru":"Воронеж","pop_max":844000,"featurecla":"Admin-1 capital","worldcity":0}},{"type":"Feature","geometry":{"type":"Point","coordinates":[58.98,53.4227]},"properties":{"name":"Magnitogorsk","name_en":"Magnitogorsk","name_zh":"马格尼托哥尔斯克","name_zht":"马格尼托哥尔斯克","name_ja":"マグニトゴルスク","name_ko":"마그니토고르스크","name_de":"Magnitogorsk","name_fr":"Magnitogorsk","name_es":"Magnitogorsk","name_pt":"Magnitogorsk","name_ru":"Магнитогорск","pop_max":413351,"featurecla":"Populated place","worldcity":0}},{"type":"Feature","geometry":{"type":"Point","coordinates":[61.4367,55.1569]},"properties":{"name":"Chelyabinsk","name_en":"Chelyabinsk","name_zh":"車里雅賓斯克","name_zht":"車里雅賓斯克","name_ja":"チェリャビンスク","name_ko":"첼랴빈스크","name_de":"Tscheljabinsk","name_fr":"Tcheliabinsk","name_es":"Cheliábinsk","name_pt":"Cheliabinsk","name_ru":"Челябинск","pop_max":1091000,"featurecla":"Admin-1 capital","worldcity":0}},{"type":"Feature","geometry":{"type":"Point","coordinates":[64.01,67.5]},"properties":{"name":"Vorkuta","name_en":"Vorkuta","name_zh":"沃尔库塔","name_zht":"沃尔库塔","name_ja":"ヴォルクタ","name_ko":"보르쿠타","name_de":"Workuta","name_fr":"Vorkouta","name_es":"Vorkutá","name_pt":"Vorkuta","name_ru":"Воркута","pop_max":80039,"featurecla":"Populated place","worldcity":0}},{"type":"Feature","geometry":{"type":"Point","coordinates":[49.67,58.5901]},"properties":{"name":"Kirov","name_en":"Kirov","name_zh":"基洛夫","name_zht":"基洛夫","name_ja":"キーロフ","name_ko":"키로프","name_de":"Kirow","name_fr":"Kirov","name_es":"Kírov","name_pt":"Kirov","name_ru":"Киров","pop_max":457437,"featurecla":"Admin-1 capital","worldcity":0}},{"type":"Feature","geometry":{"type":"Point","coordinates":[59.975,57.92]},"properties":{"name":"Nizhny Tagil","name_en":"Nizhny Tagil","name_zh":"下塔吉尔","name_zht":"下塔吉尔","name_ja":null,"name_ko":null,"name_de":"Nischni Tagil","name_fr":"Nijni Taguil","name_es":"Nizhni Tagil","name_pt":null,"name_ru":"Нижний Тагил","pop_max":381116,"featurecla":"Populated place","worldcity":0}},{"type":"Feature","geometry":{"type":"Point","coordinates":[48.055,46.3487]},"properties":{"name":"Astrakhan","name_en":"Astrakhan","name_zh":"阿斯特拉罕","name_zht":"阿斯特拉罕","name_ja":"アストラハン","name_ko":"아스트라한","name_de":"Astrachan","name_fr":"Astrakhan","name_es":"Astracán","name_pt":"Astracã","name_ru":"Астрахань","pop_max":502533,"featurecla":"Admin-1 capital","worldcity":0}},{"type":"Feature","geometry":{"type":"Point","coordinates":[55.11,51.78]},"properties":{"name":"Orenburg","name_en":"Orenburg","name_zh":"奥伦堡","name_zht":"奥伦堡","name_ja":"オレンブルク","name_ko":"오렌부르크","name_de":"Orenburg","name_fr":"Orenbourg","name_es":"Oremburgo","name_pt":"Oremburgo","name_ru":"Оренбург","pop_max":550204,"featurecla":"Admin-1 capital","worldcity":0}},{"type":"Feature","geometry":{"type":"Point","coordinates":[46.0281,51.5819]},"properties":{"name":"Saratov","name_en":"Saratov","name_zh":"薩拉托夫","name_zht":"薩拉托夫","name_ja":"サラトフ","name_ko":"사라토프","name_de":"Saratow","name_fr":"Saratov","name_es":"Sarátov","name_pt":"Saratov","name_ru":"Саратов","pop_max":843000,"featurecla":"Admin-1 capital","worldcity":0}},{"type":"Feature","geometry":{"type":"Point","coordinates":[48.41,54.33]},"properties":{"name":"Ulyanovsk","name_en":"Ulyanovsk","name_zh":"乌里扬诺夫斯克","name_zht":"乌里扬诺夫斯克","name_ja":"ウリヤノフスク","name_ko":"울리야놉스크","name_de":"Uljanowsk","name_fr":"Oulianovsk","name_es":"Uliánovsk","name_pt":"Ulianovsk","name_ru":"Ульяновск","pop_max":640680,"featurecla":"Admin-1 capital","worldcity":0}},{"type":"Feature","geometry":{"type":"Point","coordinates":[73.398,54.9919]},"properties":{"name":"Omsk","name_en":"Omsk","name_zh":"鄂木斯克","name_zht":"鄂木斯克","name_ja":"オムスク","name_ko":"옴스크","name_de":"Omsk","name_fr":"Omsk","name_es":"Omsk","name_pt":"Omsk","name_ru":"Омск","pop_max":1135000,"featurecla":"Admin-1 capital","worldcity":0}},{"type":"Feature","geometry":{"type":"Point","coordinates":[65.53,57.14]},"properties":{"name":"Tyumen","name_en":"Tyumen","name_zh":"秋明","name_zht":"秋明","name_ja":"チュメニ","name_ko":"튜멘","name_de":"Tjumen","name_fr":"Tioumen","name_es":"Tiumén","name_pt":"Tiumen","name_ru":"Тюмень","pop_max":519119,"featurecla":"Admin-1 capital","worldcity":0}},{"type":"Feature","geometry":{"type":"Point","coordinates":[87.115,53.75]},"properties":{"name":"Novokuznetsk","name_en":"Novokuznetsk","name_zh":"新库兹涅茨克","name_zht":"新库兹涅茨克","name_ja":"ノヴォクズネツク","name_ko":"노보쿠즈네츠크","name_de":"Nowokusnezk","name_fr":"Novokouznetsk","name_es":"Novokuznetsk","name_pt":"Novokuznetsk","name_ru":"Новокузнецк","pop_max":539616,"featurecla":"Populated place","worldcity":0}},{"type":"Feature","geometry":{"type":"Point","coordinates":[86.09,55.34]},"properties":{"name":"Kemerovo","name_en":"Kemerovo","name_zh":"克麥羅沃","name_zht":"克麥羅沃","name_ja":"ケメロヴォ","name_ko":"케메로보","name_de":"Kemerowo","name_fr":"Kemerovo","name_es":"Kémerovo","name_pt":"Kemerovo","name_ru":"Кемерово","pop_max":477090,"featurecla":"Admin-1 capital","worldcity":0}},{"type":"Feature","geometry":{"type":"Point","coordinates":[45.6987,43.3187]},"properties":{"name":"Groznyy","name_en":"Grozny","name_zh":"Groznyy Heliport West","name_zht":"格罗兹尼","name_ja":"Groznyy Heliport West","name_ko":"Groznyy Heliport West","name_de":"Grosny","name_fr":"Grozny","name_es":"Grozni","name_pt":"Grózni","name_ru":"Грозный","pop_max":226100,"featurecla":"Admin-1 capital","worldcity":0}},{"type":"Feature","geometry":{"type":"Point","coordinates":[80.67,7.28]},"properties":{"name":"Kandy","name_en":"Kandy","name_zh":"康提","name_zht":"康提","name_ja":"キャンディ","name_ko":"캔디","name_de":"Kandy","name_fr":"Kandy","name_es":"Kandy","name_pt":"Kandy","name_ru":"Канди","pop_max":111701,"featurecla":"Admin-1 capital","worldcity":0}},{"type":"Feature","geometry":{"type":"Point","coordinates":[79.95,6.9]},"properties":{"name":"Sri Jawewardenepura Kotte","name_en":"Sri Jayawardenepura Kotte","name_zh":"斯里賈亞瓦德納普拉科特","name_zht":"斯里賈亞瓦德納普拉科特","name_ja":null,"name_ko":null,"name_de":"Sri Jayewardenepura","name_fr":"Sri Jayawardenapura","name_es":"Sri Jayawardenapura Kotte","name_pt":"Kotte","name_ru":"Шри-Джаяварденепура-Котте","pop_max":115826,"featurecla":"Admin-0 capital alt","worldcity":0}},{"type":"Feature","geometry":{"type":"Point","coordinates":[127.4231,36.3375]},"properties":{"name":"Daejeon","name_en":"Daejeon","name_zh":"大田广域","name_zht":"大田广域","name_ja":"大田広域市","name_ko":"대전광역시","name_de":"Daejeon","name_fr":"Daejeon","name_es":"Daejeon","name_pt":"Daejeon","name_ru":"Тэджон","pop_max":1468000,"featurecla":"Admin-1 capital","worldcity":0}},{"type":"Feature","geometry":{"type":"Point","coordinates":[126.9085,35.1729]},"properties":{"name":"Gwangju","name_en":"Gwangju","name_zh":"光州广域市","name_zht":"光州广域","name_ja":"光州廣域市","name_ko":"광주광역시","name_de":"Gwangju","name_fr":"Gwangju","name_es":"Gwangju","name_pt":"Gwangju","name_ru":"Кванджу","pop_max":1440000,"featurecla":"Admin-1 capital","worldcity":0}},{"type":"Feature","geometry":{"type":"Point","coordinates":[129.0081,35.097]},"properties":{"name":"Busan","name_en":"Busan","name_zh":"釜山广域市","name_zht":"釜山","name_ja":"釜山広域市","name_ko":"부산광역시","name_de":"Busan","name_fr":"Busan","name_es":"Busan","name_pt":"Busan","name_ru":"Пусан","pop_max":3480000,"featurecla":"Admin-1 capital","worldcity":0}},{"type":"Feature","geometry":{"type":"Point","coordinates":[122.0781,6.9219]},"properties":{"name":"Zamboanga","name_en":"Zamboanga City","name_zh":"三宝颜","name_zht":"三宝颜","name_ja":"サンボアンガ","name_ko":"삼보앙가","name_de":"Zamboanga City","name_fr":"Zamboanga","name_es":"Zamboanga","name_pt":"Zamboanga","name_ru":"Замбоанга","pop_max":773000,"featurecla":"Populated place","worldcity":0}},{"type":"Feature","geometry":{"type":"Point","coordinates":[120.5936,18.1988]},"properties":{"name":"Laoag","name_en":"Laoag","name_zh":"佬沃","name_zht":"佬沃","name_ja":"ラオアグ","name_ko":"라오아그","name_de":"Laoag","name_fr":"Laoag","name_es":"Laoag","name_pt":"Laoag","name_ru":"Лаоаг","pop_max":207048,"featurecla":"Populated place","worldcity":0}},{"type":"Feature","geometry":{"type":"Point","coordinates":[120.5699,16.43]},"properties":{"name":"Baguio City","name_en":"Baguio","name_zh":"碧瑶市","name_zht":"碧瑶","name_ja":"バギオ","name_ko":"바기오","name_de":"Baguio City","name_fr":"Baguio","name_es":"Baguio","name_pt":"Baguio","name_ru":"Багио","pop_max":447824,"featurecla":"Admin-0 capital alt","worldcity":0}},{"type":"Feature","geometry":{"type":"Point","coordinates":[125.1747,6.1108]},"properties":{"name":"General Santos","name_en":"General Santos","name_zh":"的黎波里","name_zht":"三投斯將軍","name_ja":"トリポリ","name_ko":"트리폴리","name_de":"General Santos","name_fr":"General Santos","name_es":"General Santos","name_pt":"General Santos","name_ru":"Генерал-Сантос","pop_max":950530,"featurecla":"Populated place","worldcity":0}},{"type":"Feature","geometry":{"type":"Point","coordinates":[102.6333,57.99]},"properties":{"name":"Ust-Ulimsk","name_en":"Ust-Ilimsk","name_zh":"乌斯季伊利姆斯克","name_zht":"乌斯季伊利姆斯克","name_ja":null,"name_ko":null,"name_de":"Ust-Ilimsk","name_fr":"Oust-Ilimsk","name_es":"Ust-Ilimsk","name_pt":null,"name_ru":"Усть-Илимск","pop_max":100271,"featurecla":"Populated place","worldcity":0}},{"type":"Feature","geometry":{"type":"Point","coordinates":[103.92,52.56]},"properties":{"name":"Angarsk","name_en":"Angarsk","name_zh":"安加尔斯克","name_zht":"安加尔斯克","name_ja":"アンガルスク","name_ko":"안가르스크","name_de":"Angarsk","name_fr":"Angarsk","name_es":"Angarsk","name_pt":"Angarsk","name_ru":"Ангарск","pop_max":243158,"featurecla":"Populated place","worldcity":0}},{"type":"Feature","geometry":{"type":"Point","coordinates":[91.445,53.7037]},"properties":{"name":"Abakan","name_en":"Abakan","name_zh":"阿巴坎","name_zht":"阿巴坎","name_ja":"アバカン","name_ko":"아바칸","name_de":"Abakan","name_fr":"Abakan","name_es":"Abakán","name_pt":"Abakan","name_ru":"Абакан","pop_max":167289,"featurecla":"Admin-1 capital","worldcity":0}},{"type":"Feature","geometry":{"type":"Point","coordinates":[88.225,69.34]},"properties":{"name":"Norilsk","name_en":"Norilsk","name_zh":"諾里爾斯克","name_zht":"諾里爾斯克","name_ja":"ノリリスク","name_ko":"노릴스크","name_de":"Norilsk","name_fr":"Norilsk","name_es":"Norilsk","name_pt":"Norilsk","name_ru":"Норильск","pop_max":165873,"featurecla":"Populated place","worldcity":0}},{"type":"Feature","geometry":{"type":"Point","coordinates":[102.465,72.0411]},"properties":{"name":"Khatanga","name_en":"Khatanga","name_zh":null,"name_zht":null,"name_ja":null,"name_ko":null,"name_de":"Chatanga","name_fr":"Khatanga","name_es":"Khatanga","name_pt":"Khatanga","name_ru":"Хатанга","pop_max":3205,"featurecla":"Populated place","worldcity":0}},{"type":"Feature","geometry":{"type":"Point","coordinates":[94.3831,51.7067]},"properties":{"name":"Kyzyl","name_en":"Kyzyl","name_zh":"克孜勒","name_zht":"克孜勒","name_ja":"クズル","name_ko":"키질","name_de":"Kysyl","name_fr":"Kyzyl","name_es":"Kyzyl","name_pt":"Kyzyl","name_ru":"Кызыл","pop_max":108240,"featurecla":"Admin-1 capital","worldcity":0}},{"type":"Feature","geometry":{"type":"Point","coordinates":[107.625,51.825]},"properties":{"name":"Ulan Ude","name_en":"Ulan-Ude","name_zh":"Ulan Ude East","name_zht":"烏蘭烏德","name_ja":"Ulan Ude East","name_ko":"Ulan Ude East","name_de":"Ulan-Ude","name_fr":"Oulan-Oude","name_es":"Ulán-Udé","name_pt":"Ulan-Ude","name_ru":"Улан-Удэ","pop_max":360278,"featurecla":"Admin-1 capital","worldcity":0}},{"type":"Feature","geometry":{"type":"Point","coordinates":[127.5333,50.2666]},"properties":{"name":"Blagoveshchensk","name_en":"Blagoveshchensk","name_zh":"海兰泡","name_zht":"海兰泡","name_ja":"ブラゴヴェシチェンスク","name_ko":"블라고베셴스크","name_de":"Blagoweschtschensk","name_fr":"Blagovechtchensk","name_es":"Blagovéshchensk","name_pt":"Blagoveschensk","name_ru":"Благовещенск","pop_max":221296,"featurecla":"Admin-1 capital","worldcity":0}},{"type":"Feature","geometry":{"type":"Point","coordinates":[116.9166,52.9833]},"properties":{"name":"Bukachacha","name_en":"Bukachacha","name_zh":null,"name_zht":null,"name_ja":null,"name_ko":null,"name_de":"Bukatschatscha","name_fr":null,"name_es":"Bukachacha","name_pt":"Bukachacha","name_ru":"Букачача","pop_max":3372,"featurecla":"Populated place","worldcity":0}},{"type":"Feature","geometry":{"type":"Point","coordinates":[135.5172,44.5372]},"properties":{"name":"Dalnegorsk","name_en":"Dalnegorsk","name_zh":"的黎波里","name_zht":"野猪河","name_ja":"トリポリ","name_ko":"트리폴리","name_de":"Dalnegorsk","name_fr":"Dalnegorsk","name_es":"Dalnegorsk","name_pt":"Dalnegorsk","name_ru":"Дальнегорск","pop_max":8123,"featurecla":"Populated place","worldcity":0}},{"type":"Feature","geometry":{"type":"Point","coordinates":[162.3336,69.651]},"properties":{"name":"Ambarchik","name_en":"Ambarchik","name_zh":null,"name_zht":null,"name_ja":null,"name_ko":null,"name_de":null,"name_fr":"Ambartchik","name_es":null,"name_pt":null,"name_ru":"Амбарчик","pop_max":0,"featurecla":"Historic place","worldcity":0}},{"type":"Feature","geometry":{"type":"Point","coordinates":[134.635,67.656]},"properties":{"name":"Batagay","name_en":"Batagay","name_zh":"巴塔蓋","name_zht":null,"name_ja":"バタガイ","name_ko":null,"name_de":"Batagai","name_fr":"Batagaï","name_es":null,"name_pt":"Batagay","name_ru":"Батагай","pop_max":4266,"featurecla":"Populated place","worldcity":0}},{"type":"Feature","geometry":{"type":"Point","coordinates":[147.8946,70.6183]},"properties":{"name":"Chokurdakh","name_en":"Chokurdakh","name_zh":"喬庫爾達赫","name_zht":"喬庫爾達赫","name_ja":"チョクルダフ","name_ko":null,"name_de":"Tschokurdach","name_fr":null,"name_es":null,"name_pt":"Chokurdakh","name_ru":"Чокурдах","pop_max":2506,"featurecla":"Populated place","worldcity":0}},{"type":"Feature","geometry":{"type":"Point","coordinates":[143.2,64.5666]},"properties":{"name":"Ust Nera","name_en":"Ust-Nera","name_zh":"烏斯季挪拉","name_zht":"烏斯季挪拉","name_ja":null,"name_ko":null,"name_de":"Ust-Nera","name_fr":"Oust-Nera","name_es":"Ust-Nera","name_pt":"Ust-Nera","name_ru":"Усть-Нера","pop_max":9148,"featurecla":"Populated place","worldcity":0}},{"type":"Feature","geometry":{"type":"Point","coordinates":[114.947,60.7253]},"properties":{"name":"Lensk","name_en":"Lensk","name_zh":"连斯克","name_zht":"连斯克","name_ja":"レンスク","name_ko":"렌스크","name_de":"Lensk","name_fr":"Lensk","name_es":"Lensk","name_pt":"Lensk","name_ru":"Ленск","pop_max":25589,"featurecla":"Populated place","worldcity":0}},{"type":"Feature","geometry":{"type":"Point","coordinates":[125.3894,58.603]},"properties":{"name":"Aldan","name_en":"Aldan","name_zh":"阿尔丹","name_zht":"阿尔丹","name_ja":null,"name_ko":"알단","name_de":"Aldan","name_fr":"Aldan","name_es":"Aldán","name_pt":"Aldan","name_ru":"Алдан","pop_max":24426,"featurecla":"Populated place","worldcity":0}},{"type":"Feature","geometry":{"type":"Point","coordinates":[113.9614,62.54]},"properties":{"name":"Mirnyy","name_en":"Mirny","name_zh":"米尔内","name_zht":"米尔内","name_ja":null,"name_ko":null,"name_de":"Mirny","name_fr":"Mirny","name_es":"Mirni","name_pt":"Mirny","name_ru":"Мирный","pop_max":40308,"featurecla":"Populated place","worldcity":0}},{"type":"Feature","geometry":{"type":"Point","coordinates":[123.3711,66.7697]},"properties":{"name":"Zhigansk","name_en":"Zhigansk","name_zh":null,"name_zht":null,"name_ja":null,"name_ko":null,"name_de":"Schigansk","name_fr":null,"name_es":null,"name_pt":null,"name_ru":"Жиганск","pop_max":3237,"featurecla":"Populated place","worldcity":0}},{"type":"Feature","geometry":{"type":"Point","coordinates":[143.217,59.383]},"properties":{"name":"Okhotsk","name_en":"Okhotsk","name_zh":"鄂霍次克","name_zht":"鄂霍次克","name_ja":"オホーツク","name_ko":"오호츠크","name_de":"Ochotsk","name_fr":"Okhotsk","name_es":"Ojotsk","name_pt":"Okhotsk","name_ru":"Охотск","pop_max":5570,"featurecla":"Populated place","worldcity":0}},{"type":"Feature","geometry":{"type":"Point","coordinates":[135.12,48.455]},"properties":{"name":"Khabarovsk","name_en":"Khabarovsk","name_zh":"伯力","name_zht":"伯力","name_ja":"ハバロフスク","name_ko":"하바롭스크","name_de":"Chabarowsk","name_fr":"Khabarovsk","name_es":"Jabárovsk","name_pt":"Khabarovsk","name_ru":"Хабаровск","pop_max":579000,"featurecla":"Admin-1 capital","worldcity":0}},{"type":"Feature","geometry":{"type":"Point","coordinates":[142.9479,53.5739]},"properties":{"name":"Okha","name_en":"Okha","name_zh":"奥哈","name_zht":"奥哈","name_ja":null,"name_ko":null,"name_de":"Ocha","name_fr":"Okha","name_es":"Ojá","name_pt":"Oxa","name_ru":"Оха","pop_max":26560,"featurecla":"Populated place","worldcity":0}},{"type":"Feature","geometry":{"type":"Point","coordinates":[142.74,46.965]},"properties":{"name":"Yuzhno Sakhalinsk","name_en":"Yuzhno-Sakhalinsk","name_zh":"丰原","name_zht":"丰原","name_ja":null,"name_ko":null,"name_de":"Juschno-Sachalinsk","name_fr":"Ioujno-Sakhalinsk","name_es":"Yuzhno-Sajalinsk","name_pt":"Iujno-Sakhalinsk","name_ru":"Южно-Сахалинск","pop_max":176484,"featurecla":"Admin-1 capital","worldcity":0}},{"type":"Feature","geometry":{"type":"Point","coordinates":[-115.482,32.6519]},"properties":{"name":"Mexicali","name_en":"Mexicali","name_zh":"墨西卡利","name_zht":"墨西卡利","name_ja":"メヒカリ","name_ko":"멕시칼리","name_de":"Mexicali","name_fr":"Mexicali","name_es":"Mexicali","name_pt":"Mexicali","name_ru":"Мехикали","pop_max":885000,"featurecla":"Admin-1 capital","worldcity":0}},{"type":"Feature","geometry":{"type":"Point","coordinates":[-110.32,24.14]},"properties":{"name":"La Paz","name_en":"La Paz","name_zh":"拉巴斯","name_zht":"拉巴斯","name_ja":"ラパス","name_ko":null,"name_de":"La Paz","name_fr":"La Paz","name_es":"La Paz","name_pt":"La Paz","name_ru":"Ла-Пас","pop_max":189767,"featurecla":"Admin-1 capital","worldcity":0}},{"type":"Feature","geometry":{"type":"Point","coordinates":[-103.4219,25.572]},"properties":{"name":"Torreón","name_en":"Torreón","name_zh":"托雷翁","name_zht":"托雷翁","name_ja":"トレオン","name_ko":null,"name_de":"Torreón","name_fr":"Torreón","name_es":"Torreón","name_pt":"Torreón","name_ru":"Торреон","pop_max":1144000,"featurecla":"Populated place","worldcity":0}},{"type":"Feature","geometry":{"type":"Point","coordinates":[-107.3819,24.8319]},"properties":{"name":"Culiacán","name_en":"Culiacán","name_zh":"库利亚坎","name_zht":"库利亚坎","name_ja":"クリアカン","name_ko":null,"name_de":"Culiacán","name_fr":"Culiacán","name_es":"Culiacán","name_pt":"Culiacán","name_ru":"Кульякан","pop_max":809000,"featurecla":"Admin-1 capital","worldcity":0}},{"type":"Feature","geometry":{"type":"Point","coordinates":[-110.945,31.305]},"properties":{"name":"Nogales","name_en":"Nogales","name_zh":"諾加萊斯","name_zht":"诺加利斯","name_ja":null,"name_ko":null,"name_de":"Nogales","name_fr":"Nogales","name_es":"Nogales","name_pt":"Nogales","name_ru":null,"pop_max":178097,"featurecla":"Populated place","worldcity":0}},{"type":"Feature","geometry":{"type":"Point","coordinates":[-110.9541,29.0989]},"properties":{"name":"Hermosillo","name_en":"Hermosillo","name_zh":"埃莫西约","name_zht":"埃莫西约","name_ja":"エルモシージョ","name_ko":"에르모시요","name_de":"Hermosillo","name_fr":"Hermosillo","name_es":"Hermosillo","name_pt":"Hermosillo","name_ru":"Эрмосильо","pop_max":595811,"featurecla":"Admin-1 capital","worldcity":0}},{"type":"Feature","geometry":{"type":"Point","coordinates":[-110.89,27.93]},"properties":{"name":"Guaymas","name_en":"Guaymas","name_zh":"瓜伊馬斯","name_zht":"瓜伊馬斯","name_ja":null,"name_ko":null,"name_de":"Guaymas","name_fr":"Guaymas","name_es":"Heroica Guaymas de Zaragoza","name_pt":"Guaymas","name_ru":"Гуаймас","pop_max":103449,"featurecla":"Populated place","worldcity":0}},{"type":"Feature","geometry":{"type":"Point","coordinates":[-101.0019,22.1719]},"properties":{"name":"San Luis Potosí","name_en":"San Luis Potosí","name_zh":"圣路易斯波托西市","name_zht":"圣路易斯波托西","name_ja":"サン・ルイス・ポトシ","name_ko":"산루이스포토시","name_de":"San Luis Potosí","name_fr":"San Luis Potosí","name_es":"San Luis Potosí","name_pt":"San Luis Potosí","name_ru":"Сан-Луис-Потоси","pop_max":992000,"featurecla":"Admin-1 capital","worldcity":0}},{"type":"Feature","geometry":{"type":"Point","coordinates":[-97.5,25.88]},"properties":{"name":"Matamoros","name_en":"Matamoros","name_zh":"馬塔莫羅斯","name_zht":"馬塔莫羅斯","name_ja":null,"name_ko":null,"name_de":"Heroica Matamoros","name_fr":"Matamoros","name_es":"Heroica Matamoros","name_pt":"Heroica Matamoros","name_ru":"Матаморос","pop_max":538785,"featurecla":"Populated place","worldcity":0}},{"type":"Feature","geometry":{"type":"Point","coordinates":[-99.55,27.5]},"properties":{"name":"Nuevo Laredo","name_en":"Nuevo Laredo","name_zh":"新拉雷多","name_zht":"新拉雷多","name_ja":"ヌエボ・ラレド","name_ko":"누에보라레도","name_de":"Nuevo Laredo","name_fr":"Nuevo Laredo","name_es":"Nuevo Laredo","name_pt":"Novo Laredo","name_ru":"Нуэво-Ларедо","pop_max":349550,"featurecla":"Populated place","worldcity":0}},{"type":"Feature","geometry":{"type":"Point","coordinates":[-103.72,19.23]},"properties":{"name":"Colima","name_en":"Colima","name_zh":"科利马","name_zht":"科利马","name_ja":"コリマ","name_ko":null,"name_de":"Colima","name_fr":"Colima","name_es":"Colima","name_pt":"Colima","name_ru":"Колима","pop_max":223287,"featurecla":"Admin-1 capital","worldcity":0}},{"type":"Feature","geometry":{"type":"Point","coordinates":[-90.5,19.83]},"properties":{"name":"Campeche","name_en":"Campeche","name_zh":"坎佩切","name_zht":"坎佩切","name_ja":"カンペチェ","name_ko":null,"name_de":"Campeche","name_fr":"Campeche","name_es":"San Francisco de Campeche","name_pt":"Campeche","name_ru":"Сан-Франсиско-де-Кампече","pop_max":205212,"featurecla":"Admin-1 capital","worldcity":0}},{"type":"Feature","geometry":{"type":"Point","coordinates":[-96.6699,17.0827]},"properties":{"name":"Oaxaca","name_en":"Oaxaca de Juárez","name_zh":"瓦哈卡市","name_zht":"瓦哈卡","name_ja":"オアハカ","name_ko":"오악사카","name_de":"Oaxaca de Juárez","name_fr":"Oaxaca de Juárez","name_es":"Oaxaca de Juárez","name_pt":"Oaxaca de Juárez","name_ru":"Оахака-де-Хуарес","pop_max":530728,"featurecla":"Admin-1 capital","worldcity":0}},{"type":"Feature","geometry":{"type":"Point","coordinates":[-101.702,21.1519]},"properties":{"name":"León","name_en":"León","name_zh":"莱昂","name_zht":"莱昂","name_ja":null,"name_ko":null,"name_de":"León","name_fr":"León","name_es":"León","name_pt":"León","name_ru":"Леон","pop_max":1488000,"featurecla":"Populated place","worldcity":0}},{"type":"Feature","geometry":{"type":"Point","coordinates":[13.1581,11.8519]},"properties":{"name":"Maiduguri","name_en":"Maiduguri","name_zh":"邁杜古里","name_zht":"邁杜古里","name_ja":"マイドゥグリ","name_ko":"마이두구리","name_de":"Maiduguri","name_fr":"Maiduguri","name_es":"Maiduguri","name_pt":"Maiduguri","name_ru":"Майдугури","pop_max":896000,"featurecla":"Admin-1 capital","worldcity":0}},{"type":"Feature","geometry":{"type":"Point","coordinates":[7.0081,4.8119]},"properties":{"name":"Port Harcourt","name_en":"Port Harcourt","name_zh":"哈科特港","name_zht":"哈科特港","name_ja":"ポートハーコート","name_ko":"포트하커트","name_de":"Port Harcourt","name_fr":"Port Harcourt","name_es":"Port Harcourt","name_pt":"Port Harcourt","name_ru":"Порт-Харкорт","pop_max":1020000,"featurecla":"Admin-1 capital","worldcity":0}},{"type":"Feature","geometry":{"type":"Point","coordinates":[8.53,7.73]},"properties":{"name":"Makurdi","name_en":"Makurdi","name_zh":"马库尔迪","name_zht":"马库尔迪","name_ja":"マクルディ","name_ko":"마쿠르디","name_de":"Makurdi","name_fr":"Makurdi","name_es":"Makurdi","name_pt":"Makurdi","name_ru":"Макурди","pop_max":292645,"featurecla":"Admin-1 capital","worldcity":0}},{"type":"Feature","geometry":{"type":"Point","coordinates":[3.928,7.382]},"properties":{"name":"Ibadan","name_en":"Ibadan","name_zh":"伊巴丹","name_zht":"伊巴丹","name_ja":"イバダン","name_ko":"이바단","name_de":"Ibadan","name_fr":"Ibadan","name_es":"Ibadán","name_pt":"Ibadan","name_ru":"Ибадан","pop_max":2628000,"featurecla":"Populated place","worldcity":0}},{"type":"Feature","geometry":{"type":"Point","coordinates":[4.238,8.132]},"properties":{"name":"Ogbomosho","name_en":"Ogbomosho","name_zh":"奧博莫紹","name_zht":"奧博莫紹","name_ja":null,"name_ko":null,"name_de":"Ogbomosho","name_fr":"Ogbomoso","name_es":"Ogbomosho","name_pt":"Ogbomosho","name_ru":"Огбомошо","pop_max":951000,"featurecla":"Populated place","worldcity":0}},{"type":"Feature","geometry":{"type":"Point","coordinates":[5.76,5.52]},"properties":{"name":"Warri","name_en":"Warri","name_zh":"瓦里","name_zht":"瓦里","name_ja":"ワリ","name_ko":"와리","name_de":"Warri","name_fr":"Warri","name_es":"Warri","name_pt":"Warri","name_ru":"Варри","pop_max":830106,"featurecla":"Populated place","worldcity":0}},{"type":"Feature","geometry":{"type":"Point","coordinates":[7.4381,10.522]},"properties":{"name":"Kaduna","name_en":"Kaduna","name_zh":"卡杜納","name_zht":"卡杜納","name_ja":"カドゥナ","name_ko":"카두나","name_de":"Kaduna","name_fr":"Kaduna","name_es":"Kaduna","name_pt":"Kaduna","name_ru":"Кадуна","pop_max":1442000,"featurecla":"Admin-1 capital","worldcity":0}},{"type":"Feature","geometry":{"type":"Point","coordinates":[18.64,54.36]},"properties":{"name":"Gdańsk","name_en":"Gdańsk","name_zh":"格但斯克","name_zht":"格但斯克","name_ja":"グダニスク","name_ko":"그단스크","name_de":"Danzig","name_fr":"Gdańsk","name_es":"Gdansk","name_pt":"Gdańsk","name_ru":"Гданьск","pop_max":740000,"featurecla":"Admin-1 capital","worldcity":0}},{"type":"Feature","geometry":{"type":"Point","coordinates":[19.9581,50.0619]},"properties":{"name":"Kraków","name_en":"Kraków","name_zh":"克拉科夫","name_zht":"克拉科夫","name_ja":"クラクフ","name_ko":"크라쿠프","name_de":"Krakau","name_fr":"Cracovie","name_es":"Cracovia","name_pt":"Cracóvia","name_ru":"Краков","pop_max":756000,"featurecla":"Admin-1 capital","worldcity":0}},{"type":"Feature","geometry":{"type":"Point","coordinates":[104.4403,43.5836]},"properties":{"name":"Dalandzadgad","name_en":"Dalanzadgad","name_zh":"達蘭扎德嘎德","name_zht":"達蘭扎德嘎德","name_ja":"ダランザドガド","name_ko":null,"name_de":"Dalandsadgad","name_fr":"Dalanzadgad","name_es":"Dalanzadgad","name_pt":"Dalandsadgad","name_ru":"Даланзадгад","pop_max":15093,"featurecla":"Admin-1 capital","worldcity":0}},{"type":"Feature","geometry":{"type":"Point","coordinates":[127.4308,39.1605]},"properties":{"name":"Wonsan","name_en":"Wonsan","name_zh":"元山市","name_zht":"元山","name_ja":"元山市","name_ko":"원산시","name_de":"Wŏnsan","name_fr":"Wonsan","name_es":"Wŏnsan","name_pt":"Wonsan","name_ru":"Вонсан","pop_max":329207,"featurecla":"Admin-1 capital","worldcity":0}},{"type":"Feature","geometry":{"type":"Point","coordinates":[124.4213,40.0859]},"properties":{"name":"Sinuiju","name_en":"Sinuiju","name_zh":"新义州","name_zht":"新義州","name_ja":"新義州市","name_ko":"신의주시","name_de":"Sinŭiju","name_fr":"Sinuiju","name_es":"Sinuiju","name_pt":"Sinŭiju","name_ru":"Синыйджу","pop_max":288112,"featurecla":"Admin-1 capital","worldcity":0}},{"type":"Feature","geometry":{"type":"Point","coordinates":[91.6333,48.0166]},"properties":{"name":"Dund-Us","name_en":"Khovd","name_zh":"科布多城","name_zht":"科布多城","name_ja":null,"name_ko":null,"name_de":"Chowd","name_fr":"Khovd","name_es":"Hovd","name_pt":"Khovd","name_ru":"Ховд","pop_max":30500,"featurecla":"Admin-1 capital","worldcity":0}},{"type":"Feature","geometry":{"type":"Point","coordinates":[114.506,48.0666]},"properties":{"name":"Choybalsan","name_en":"Choibalsan","name_zh":"喬巴山","name_zht":"喬巴山","name_ja":null,"name_ko":null,"name_de":"Tschoibalsan","name_fr":"Choybalsan","name_es":"Choybalsan","name_pt":"Choybalsan","name_ru":"Чойбалсан","pop_max":33376,"featurecla":"Admin-1 capital","worldcity":0}},{"type":"Feature","geometry":{"type":"Point","coordinates":[15.1594,-26.648]},"properties":{"name":"Lüderitz","name_en":"Lüderitz","name_zh":"吕德里茨","name_zht":"吕德里茨","name_ja":"リューデリッツ","name_ko":"뤼데리츠","name_de":"Lüderitz","name_fr":"Lüderitz","name_es":"Lüderitz","name_pt":"Lüderitz","name_ru":"Людериц","pop_max":15137,"featurecla":"Admin-1 capital","worldcity":0}},{"type":"Feature","geometry":{"type":"Point","coordinates":[14.5053,-22.9575]},"properties":{"name":"Walvis Bay","name_en":"Walvis Bay","name_zh":"鲸湾港","name_zht":"鲸湾港","name_ja":"ウォルビスベイ","name_ko":"월비스베이","name_de":"Walvis Bay","name_fr":"Walvis Bay","name_es":"Walvis Bay","name_pt":"Walvis Bay","name_ru":"Уолфиш-Бей","pop_max":52058,"featurecla":"Populated place","worldcity":0}},{"type":"Feature","geometry":{"type":"Point","coordinates":[32.93,-2.52]},"properties":{"name":"Mwanza","name_en":"Mwanza","name_zh":"姆万扎","name_zht":"姆万扎","name_ja":"ムワンザ","name_ko":"므완자","name_de":"Mwanza","name_fr":"Mwanza","name_es":"Mwanza","name_pt":"Mwanza","name_ru":"Мванза","pop_max":493944,"featurecla":"Admin-1 capital","worldcity":0}},{"type":"Feature","geometry":{"type":"Point","coordinates":[37.66,-6.82]},"properties":{"name":"Morogoro","name_en":"Morogoro","name_zh":"莫罗戈罗","name_zht":"莫罗戈罗","name_ja":"モロゴロ","name_ko":"모로고로","name_de":"Morogoro","name_fr":"Morogoro","name_es":"Morogoro","name_pt":"Morogoro","name_ru":"Морогоро","pop_max":250902,"featurecla":"Admin-1 capital","worldcity":0}},{"type":"Feature","geometry":{"type":"Point","coordinates":[35.75,-6.1833]},"properties":{"name":"Dodoma","name_en":"Dodoma","name_zh":"多多马","name_zht":"多多马","name_ja":"ドドマ","name_ko":"도도마","name_de":"Dodoma","name_fr":"Dodoma","name_es":"Dodoma","name_pt":"Dodoma","name_ru":"Додома","pop_max":218269,"featurecla":"Admin-0 capital alt","worldcity":0}},{"type":"Feature","geometry":{"type":"Point","coordinates":[36.67,-3.36]},"properties":{"name":"Arusha","name_en":"Arusha","name_zh":"阿鲁沙","name_zht":"阿鲁沙","name_ja":"アルーシャ","name_ko":null,"name_de":"Arusha","name_fr":"Arusha","name_es":"Arusha","name_pt":"Arusha","name_ru":"Аруша","pop_max":341136,"featurecla":"Admin-1 capital","worldcity":0}},{"type":"Feature","geometry":{"type":"Point","coordinates":[7.467,46.9167]},"properties":{"name":"Bern","name_en":"Bern","name_zh":"伯尔尼","name_zht":"伯尔尼","name_ja":"ベルン","name_ko":"베른","name_de":"Bern","name_fr":"Berne","name_es":"Berna","name_pt":"Berna","name_ru":"Берн","pop_max":275329,"featurecla":"Admin-0 capital","worldcity":0}},{"type":"Feature","geometry":{"type":"Point","coordinates":[13.0333,55.5833]},"properties":{"name":"Malmö","name_en":"Malmö","name_zh":"马尔莫","name_zht":"马尔默","name_ja":"マルメ","name_ko":null,"name_de":"Malmö","name_fr":"Malmö","name_es":"Malmö","name_pt":"Malmö","name_ru":"Мальмё","pop_max":269349,"featurecla":"Admin-1 capital","worldcity":0}},{"type":"Feature","geometry":{"type":"Point","coordinates":[-13.2,27.15]},"properties":{"name":"Laayoune","name_en":"Laayoune","name_zh":"阿尤恩","name_zht":"阿尤恩","name_ja":null,"name_ko":null,"name_de":"El Aaiún","name_fr":"Laâyoune","name_es":"El Aaiún","name_pt":"El Aaiún","name_ru":"Эль-Аюн","pop_max":188084,"featurecla":"Admin-0 capital alt","worldcity":0}},{"type":"Feature","geometry":{"type":"Point","coordinates":[127.363,0.793]},"properties":{"name":"Ternate","name_en":"Ternate","name_zh":"特爾納特","name_zht":"特爾納特","name_ja":"テルナテ島","name_ko":"테르나테 섬","name_de":"Ternate","name_fr":"Kota Ternate","name_es":"Ternate","name_pt":null,"name_ru":"Тернате","pop_max":187521,"featurecla":"Populated place","worldcity":0}},{"type":"Feature","geometry":{"type":"Point","coordinates":[128.2,-3.7167]},"properties":{"name":"Ambon","name_en":"Ambon","name_zh":"安汶","name_zht":"安汶","name_ja":"アンボン","name_ko":"암본","name_de":"Ambon","name_fr":"Ambon","name_es":"Ambon","name_pt":null,"name_ru":"Амбон","pop_max":355596,"featurecla":"Admin-1 capital","worldcity":0}},{"type":"Feature","geometry":{"type":"Point","coordinates":[118.7666,-8.45]},"properties":{"name":"Raba","name_en":"Raba","name_zh":null,"name_zht":null,"name_ja":null,"name_ko":null,"name_de":null,"name_fr":"Raba","name_es":null,"name_pt":null,"name_ru":null,"pop_max":106101,"featurecla":"Populated place","worldcity":0}},{"type":"Feature","geometry":{"type":"Point","coordinates":[140.7,-2.533]},"properties":{"name":"Jayapura","name_en":"Jayapura","name_zh":"查雅普拉","name_zht":"查雅普拉","name_ja":"ジャヤプラ","name_ko":"자야푸라","name_de":"Jayapura","name_fr":"Jayapura","name_es":"Jayapura","name_pt":"Jayapura","name_ru":"Порт-Нумбай","pop_max":169341,"featurecla":"Admin-1 capital","worldcity":0}},{"type":"Feature","geometry":{"type":"Point","coordinates":[11.25,43.78]},"properties":{"name":"Florence","name_en":"Florence","name_zh":"佛罗伦萨","name_zht":"佛罗伦萨","name_ja":"フィレンツェ","name_ko":"피렌체","name_de":"Florenz","name_fr":"Florence","name_es":"Florencia","name_pt":"Florença","name_ru":"Флоренция","pop_max":1500000,"featurecla":"Admin-1 region capital","worldcity":0}},{"type":"Feature","geometry":{"type":"Point","coordinates":[15.08,37.5]},"properties":{"name":"Catania","name_en":"Catania","name_zh":"卡塔尼亞","name_zht":"卡塔尼亞","name_ja":"カターニア","name_ko":null,"name_de":"Catania","name_fr":"Catane","name_es":"Catania","name_pt":"Catânia","name_ru":"Катания","pop_max":674542,"featurecla":"Populated place","worldcity":0}},{"type":"Feature","geometry":{"type":"Point","coordinates":[21.166,42.6667]},"properties":{"name":"Pristina","name_en":"Prishtina","name_zh":"普里什蒂纳","name_zht":"普里什蒂纳","name_ja":"プリシュティナ","name_ko":"프리슈티나","name_de":"Pristina","name_fr":"Pristina","name_es":"Pristina","name_pt":"Pristina","name_ru":"Приштина","pop_max":465186,"featurecla":"Admin-0 capital","worldcity":0}},{"type":"Feature","geometry":{"type":"Point","coordinates":[37.64,0.06]},"properties":{"name":"Meru","name_en":"Meru","name_zh":"梅魯","name_zht":"梅魯","name_ja":null,"name_ko":null,"name_de":"Meru","name_fr":"Meru","name_es":"Meru","name_pt":"Meru","name_ru":"Меру","pop_max":47226,"featurecla":"Populated place","worldcity":0}},{"type":"Feature","geometry":{"type":"Point","coordinates":[35.27,0.52]},"properties":{"name":"Eldoret","name_en":"Eldoret","name_zh":"埃爾多雷特","name_zht":"埃爾多雷特","name_ja":"エルドレット","name_ko":"엘도레트","name_de":"Eldoret","name_fr":"Eldoret","name_es":"Eldoret","name_pt":"Eldoret","name_ru":"Элдорет","pop_max":353381,"featurecla":"Populated place","worldcity":0}},{"type":"Feature","geometry":{"type":"Point","coordinates":[95.32,5.55]},"properties":{"name":"Banda Aceh","name_en":"Banda Aceh","name_zh":"班達亞齊","name_zht":"班達亞齊","name_ja":"バンダ・アチェ","name_ko":"반다아체","name_de":"Banda Aceh","name_fr":"Banda Aceh","name_es":"Banda Aceh","name_pt":"Banda Achém","name_ru":"Банда-Ачех","pop_max":513698,"featurecla":"Admin-1 capital","worldcity":0}},{"type":"Feature","geometry":{"type":"Point","coordinates":[100.3294,5.4136]},"properties":{"name":"George Town","name_en":"George Town","name_zh":"乔治市","name_zht":"乔治","name_ja":"ジョージタウン","name_ko":"조지타운","name_de":"George Town","name_fr":"George Town","name_es":"George Town","name_pt":"George Town","name_ru":"Джорджтаун","pop_max":2500000,"featurecla":"Admin-1 capital","worldcity":0}},{"type":"Feature","geometry":{"type":"Point","coordinates":[100.45,38.93]},"properties":{"name":"Zhangye","name_en":"Zhangye","name_zh":"张掖","name_zht":"张掖","name_ja":"張掖市","name_ko":"장예 시","name_de":"Zhangye","name_fr":"Zhangye","name_es":"Zhangye","name_pt":"Zhangye","name_ru":"Чжанъе","pop_max":230728,"featurecla":"Populated place","worldcity":0}},{"type":"Feature","geometry":{"type":"Point","coordinates":[102.641,37.928]},"properties":{"name":"Wuwei","name_en":"Wuwei","name_zh":"的黎波里","name_zht":"武威","name_ja":"トリポリ","name_ko":"트리폴리","name_de":"Wuwei","name_fr":"Wuwei","name_es":"Wuwei","name_pt":"Wuwei","name_ru":"Увэй","pop_max":493092,"featurecla":"Populated place","worldcity":0}},{"type":"Feature","geometry":{"type":"Point","coordinates":[94.662,40.1427]},"properties":{"name":"Dunhuang","name_en":"Dunhuang","name_zh":"敦煌市","name_zht":"敦煌","name_ja":"敦煌市","name_ko":"둔황 시","name_de":"Dunhuang","name_fr":"Dunhuang","name_es":"Dunhuang","name_pt":"Dunhuang","name_ru":"Дуньхуан","pop_max":140094,"featurecla":"Populated place","worldcity":0}},{"type":"Feature","geometry":{"type":"Point","coordinates":[105.918,34.602]},"properties":{"name":"Tianshui","name_en":"Tianshui","name_zh":"天水","name_zht":"天水","name_ja":null,"name_ko":null,"name_de":"Tianshui","name_fr":"Tianshui","name_es":"Tianshui","name_pt":"Tianshui","name_ru":"Тяньшуй","pop_max":1225000,"featurecla":"Populated place","worldcity":0}},{"type":"Feature","geometry":{"type":"Point","coordinates":[98.2666,36.1666]},"properties":{"name":"Dulan","name_en":"Dulan","name_zh":"的黎波里","name_zht":null,"name_ja":"トリポリ","name_ko":"트리폴리","name_de":null,"name_fr":null,"name_es":null,"name_pt":null,"name_ru":null,"pop_max":100,"featurecla":"Populated place","worldcity":0}},{"type":"Feature","geometry":{"type":"Point","coordinates":[94.8833,36.4166]},"properties":{"name":"Golmud","name_en":"Golmud","name_zh":"格尔木市","name_zht":"格尔木","name_ja":"ゴルムド市","name_ko":"거얼무 시","name_de":"Golmud","name_fr":"Golmud","name_es":"Golmud","name_pt":null,"name_ru":"Голмуд","pop_max":107092,"featurecla":"Populated place","worldcity":0}},{"type":"Feature","geometry":{"type":"Point","coordinates":[110.1481,22.6319]},"properties":{"name":"Yulin","name_en":"Yulin","name_zh":"玉林市","name_zht":"玉林","name_ja":"玉林市","name_ko":"위린 시","name_de":"Yulin","name_fr":"Yulin","name_es":"Yulin","name_pt":"Yulin","name_ru":"Юйлинь","pop_max":1127000,"featurecla":"Populated place","worldcity":0}},{"type":"Feature","geometry":{"type":"Point","coordinates":[106.6133,23.8997]},"properties":{"name":"Bose","name_en":"Baicheng","name_zh":"白城","name_zht":"白城","name_ja":null,"name_ko":null,"name_de":"Baicheng","name_fr":"Baicheng","name_es":"Baicheng","name_pt":"Baicheng","name_ru":"Байчэн","pop_max":175282,"featurecla":"Populated place","worldcity":0}},{"type":"Feature","geometry":{"type":"Point","coordinates":[111.32,23.48]},"properties":{"name":"Wuzhou","name_en":"Wuzhou","name_zh":"梧州市","name_zht":"梧州","name_ja":"梧州市","name_ko":"우저우 시","name_de":"Wuzhou","name_fr":"Wuzhou","name_es":"Wuzhou","name_pt":"Wuzhou","name_ru":"Учжоу","pop_max":442315,"featurecla":"Populated place","worldcity":0}},{"type":"Feature","geometry":{"type":"Point","coordinates":[104.8314,26.5964]},"properties":{"name":"Lupanshui","name_en":"Liupanshui","name_zh":"六盘水","name_zht":"六盘水","name_ja":null,"name_ko":null,"name_de":"Liupanshui","name_fr":"Liupanshui","name_es":"Liupanshui","name_pt":"Liupanshui","name_ru":"Люпаньшуй","pop_max":1221000,"featurecla":"Populated place","worldcity":0}},{"type":"Feature","geometry":{"type":"Point","coordinates":[118.578,24.902]},"properties":{"name":"Quanzhou","name_en":"Quanzhou","name_zh":"泉州市","name_zht":"泉州","name_ja":"泉州市","name_ko":"취안저우 시","name_de":"Quanzhou","name_fr":"Quanzhou","name_es":"Quanzhou","name_pt":"Quanzhou","name_ru":"Цюаньчжоу","pop_max":1463000,"featurecla":"Populated place","worldcity":0}},{"type":"Feature","geometry":{"type":"Point","coordinates":[117.2781,31.852]},"properties":{"name":"Hefei","name_en":"Hefei","name_zh":"合肥","name_zht":"合肥","name_ja":"合肥市","name_ko":"허페이 시","name_de":"Hefei","name_fr":"Hefei","name_es":"Hefei","name_pt":"Hefei","name_ru":"Хэфэй","pop_max":2035000,"featurecla":"Admin-1 capital","worldcity":0}},{"type":"Feature","geometry":{"type":"Point","coordinates":[116.9769,33.6381]},"properties":{"name":"Suzhou","name_en":"Suzhou","name_zh":"宿州市","name_zht":"宿州","name_ja":null,"name_ko":null,"name_de":"Suzhou","name_fr":"Suzhou","name_es":"Suzhou","name_pt":null,"name_ru":"Сучжоу","pop_max":1964000,"featurecla":"Populated place","worldcity":0}},{"type":"Feature","geometry":{"type":"Point","coordinates":[110.3781,21.2019]},"properties":{"name":"Zhanjiang","name_en":"Zhanjiang","name_zh":"湛江市","name_zht":"湛江","name_ja":"湛江","name_ko":null,"name_de":"Zhanjiang","name_fr":"Zhanjiang","name_es":"Zhanjiang","name_pt":"Zhanjiang","name_ru":"Чжаньцзян","pop_max":1590000,"featurecla":"Populated place","worldcity":0}},{"type":"Feature","geometry":{"type":"Point","coordinates":[113.58,24.8]},"properties":{"name":"Shaoguan","name_en":"Shaoguan","name_zh":"韶关市","name_zht":"韶关","name_ja":"韶関市","name_ko":"사오관 시","name_de":"Shaoguan","name_fr":"Shaoguan","name_es":"Shaoguan","name_pt":"Shaoguan","name_ru":"Шаогуань","pop_max":720266,"featurecla":"Populated place","worldcity":0}},{"type":"Feature","geometry":{"type":"Point","coordinates":[116.83,-1.25]},"properties":{"name":"Balikpapan","name_en":"Balikpapan","name_zh":"巴厘巴板","name_zht":"巴厘巴板","name_ja":"バリクパパン","name_ko":"발릭파판","name_de":"Balikpapan","name_fr":"Balikpapan","name_es":"Balikpapan","name_pt":"Balikpapan","name_ru":"Баликпапан","pop_max":445905,"featurecla":"Populated place","worldcity":0}},{"type":"Feature","geometry":{"type":"Point","coordinates":[110.33,1.53]},"properties":{"name":"Kuching","name_en":"Kuching","name_zh":"古晉","name_zht":"古晉","name_ja":"クチン","name_ko":"쿠칭","name_de":"Kuching","name_fr":"Kuching","name_es":"Kuching","name_pt":"Kuching","name_ru":"Кучинг","pop_max":570407,"featurecla":"Admin-1 capital","worldcity":0}},{"type":"Feature","geometry":{"type":"Point","coordinates":[49.3115,-12.2765]},"properties":{"name":"Antsiranana","name_en":"Antsiranana","name_zh":"安齊拉納納","name_zht":"安齊拉納納","name_ja":"アンツィラナナ","name_ko":null,"name_de":"Antsiranana","name_fr":"Antsiranana","name_es":"Antsiranana","name_pt":"Antsiranana","name_ru":"Анциранана","pop_max":82937,"featurecla":"Admin-1 capital","worldcity":0}},{"type":"Feature","geometry":{"type":"Point","coordinates":[47.0833,-21.4333]},"properties":{"name":"Fianarantsoa","name_en":"Fianarantsoa","name_zh":"菲亞納蘭楚阿","name_zht":"菲亞納蘭楚阿","name_ja":"フィアナランツォア","name_ko":"피아나란초아","name_de":"Fianarantsoa","name_fr":"Fianarantsoa","name_es":"Fianarantsoa","name_pt":"Fianarantsoa","name_ru":"Фианаранцуа","pop_max":184184,"featurecla":"Admin-1 capital","worldcity":0}},{"type":"Feature","geometry":{"type":"Point","coordinates":[46.345,-15.67]},"properties":{"name":"Mahajanga","name_en":"Mahajanga","name_zh":"马哈赞加","name_zht":"马哈赞加","name_ja":"マハジャンガ","name_ko":"마하장가","name_de":"Mahajanga","name_fr":"Mahajanga","name_es":"Mahajanga","name_pt":"Mahajanga","name_ru":"Махадзанга","pop_max":154657,"featurecla":"Admin-1 capital","worldcity":0}},{"type":"Feature","geometry":{"type":"Point","coordinates":[43.69,-23.3568]},"properties":{"name":"Toliara","name_en":"Toliara","name_zh":"圖利亞拉","name_zht":"圖利亞拉","name_ja":"トゥリアラ","name_ko":"톨리아라","name_de":"Toliara","name_fr":"Toliara","name_es":"Toliara","name_pt":"Toliara","name_ru":"Тулиара","pop_max":115319,"featurecla":"Admin-1 capital","worldcity":0}},{"type":"Feature","geometry":{"type":"Point","coordinates":[110.825,-7.565]},"properties":{"name":"Surakarta","name_en":"Surakarta","name_zh":"梭罗市","name_zht":"梭罗","name_ja":"スラカルタ","name_ko":"수라카르타","name_de":"Surakarta","name_fr":"Surakarta","name_es":"Surakarta","name_pt":"Surakarta","name_ru":"Суракарта","pop_max":555308,"featurecla":"Populated place","worldcity":0}},{"type":"Feature","geometry":{"type":"Point","coordinates":[105.2681,-5.4281]},"properties":{"name":"Bandar Lampung","name_en":"Bandarlampung","name_zh":"班達楠榜","name_zht":"班達楠榜","name_ja":"バンダールランプン","name_ko":"반다르람풍","name_de":"Bandar Lampung","name_fr":"Bandar Lampung","name_es":"Bandar Lampung","name_pt":"Bandar Lampung","name_ru":"Бандар-Лампунг","pop_max":865000,"featurecla":"Populated place","worldcity":0}},{"type":"Feature","geometry":{"type":"Point","coordinates":[107.65,-2.75]},"properties":{"name":"Tanjungpandan","name_en":"Tanjung Pandan","name_zh":null,"name_zht":null,"name_ja":null,"name_ko":null,"name_de":"Tanjung Pandan","name_fr":"Tanjung Pandan","name_es":"Tanjung Pandan","name_pt":"Tanjung Pandan","name_ru":"Танджунгпандан","pop_max":62374,"featurecla":"Populated place","worldcity":0}},{"type":"Feature","geometry":{"type":"Point","coordinates":[112.6081,-7.978]},"properties":{"name":"Malang","name_en":"Malang","name_zh":"瑪琅","name_zht":"瑪琅","name_ja":"マラン","name_ko":"말랑","name_de":"Malang","name_fr":"Malang","name_es":"Malang","name_pt":"Malang","name_ru":"Маланг","pop_max":805000,"featurecla":"Populated place","worldcity":0}},{"type":"Feature","geometry":{"type":"Point","coordinates":[123.583,-10.1787]},"properties":{"name":"Kupang","name_en":"Kupang","name_zh":"古邦","name_zht":"古邦","name_ja":"クパン","name_ko":"쿠팡","name_de":"Kupang","name_fr":"Kupang","name_es":"Kupang","name_pt":"Kupang","name_ru":"Купанг","pop_max":282396,"featurecla":"Admin-1 capital","worldcity":0}},{"type":"Feature","geometry":{"type":"Point","coordinates":[119.6333,-4.0167]},"properties":{"name":"Parepare","name_en":"Pare-Pare","name_zh":"巴里巴里","name_zht":"巴里巴里","name_ja":null,"name_ko":null,"name_de":"Pare-Pare","name_fr":"Pare-Pare","name_es":"Pare-Pare","name_pt":"Pare Pare","name_ru":"Паре-Паре","pop_max":87776,"featurecla":"Populated place","worldcity":0}},{"type":"Feature","geometry":{"type":"Point","coordinates":[-79,-2.9]},"properties":{"name":"Cuenca","name_en":"Cuenca","name_zh":"昆卡","name_zht":"昆卡","name_ja":"クエンカ","name_ko":"쿠엥카","name_de":"Cuenca","name_fr":"Cuenca","name_es":"Cuenca","name_pt":"Cuenca","name_ru":"Куэнка","pop_max":286878,"featurecla":"Admin-1 capital","worldcity":0}},{"type":"Feature","geometry":{"type":"Point","coordinates":[-90.35,-0.5333]},"properties":{"name":"Santa Cruz","name_en":"Santa Cruz","name_zh":"的黎波里","name_zht":null,"name_ja":"トリポリ","name_ko":"트리폴리","name_de":null,"name_fr":null,"name_es":null,"name_pt":null,"name_ru":null,"pop_max":11262,"featurecla":"Populated place","worldcity":0}},{"type":"Feature","geometry":{"type":"Point","coordinates":[-83.0333,10]},"properties":{"name":"Puerto Limon","name_en":"Limón","name_zh":"利蒙","name_zht":"利蒙","name_ja":null,"name_ko":null,"name_de":"Puerto Limón","name_fr":"Puerto Limón","name_es":"Limón","name_pt":"Puerto Limón","name_ru":"Лимон","pop_max":85001,"featurecla":"Admin-1 capital","worldcity":0}},{"type":"Feature","geometry":{"type":"Point","coordinates":[-75.8213,20.025]},"properties":{"name":"Santiago de Cuba","name_en":"Santiago de Cuba","name_zh":"圣地亚哥-德古巴","name_zht":"圣地亚哥-德古巴","name_ja":"サンティアーゴ・デ・クーバ","name_ko":"산티아고데쿠바","name_de":"Santiago de Cuba","name_fr":"Santiago de Cuba","name_es":"Santiago de Cuba","name_pt":"Santiago de Cuba","name_ru":"Сантьяго-де-Куба","pop_max":555865,"featurecla":"Admin-1 capital","worldcity":0}},{"type":"Feature","geometry":{"type":"Point","coordinates":[-70.67,19.5]},"properties":{"name":"Santiago","name_en":"Santiago de los Caballeros","name_zh":"聖地牙哥","name_zht":"聖地牙哥","name_ja":null,"name_ko":null,"name_de":"Santiago de los Caballeros","name_fr":"Santiago de los Caballeros","name_es":"Santiago de los Caballeros","name_pt":"Santiago de los Caballeros","name_ru":"Сантьяго-де-лос-Трейнта-Кабальерос","pop_max":1550753,"featurecla":"Admin-1 capital","worldcity":0}},{"type":"Feature","geometry":{"type":"Point","coordinates":[-75.52,5.06]},"properties":{"name":"Manizales","name_en":"Manizales","name_zh":"馬尼薩萊斯","name_zht":"馬尼薩萊斯","name_ja":"マニサレス","name_ko":"마니살레스","name_de":"Manizales","name_fr":"Manizales","name_es":"Manizales","name_pt":"Manizales","name_ru":"Манисалес","pop_max":375848,"featurecla":"Admin-1 capital","worldcity":0}},{"type":"Feature","geometry":{"type":"Point","coordinates":[-77.2811,1.2136]},"properties":{"name":"Pasto","name_en":"San Juan de Pasto","name_zh":"帕斯托","name_zht":"帕斯托","name_ja":"パスト","name_ko":null,"name_de":"Pasto","name_fr":"San Juan de Pasto","name_es":"San Juan de Pasto","name_pt":"Pasto","name_ru":"Пасто","pop_max":382236,"featurecla":"Admin-1 capital","worldcity":0}},{"type":"Feature","geometry":{"type":"Point","coordinates":[-74.8019,10.9619]},"properties":{"name":"Barranquilla","name_en":"Barranquilla","name_zh":"巴兰基亚","name_zht":"巴兰基亚","name_ja":"バランキージャ","name_ko":"바랑키야","name_de":"Barranquilla","name_fr":"Barranquilla","name_es":"Barranquilla","name_pt":"Barranquilla","name_ru":"Барранкилья","pop_max":1798000,"featurecla":"Admin-1 capital","worldcity":0}},{"type":"Feature","geometry":{"type":"Point","coordinates":[-61.387,15.301]},"properties":{"name":"Roseau","name_en":"Roseau","name_zh":"羅索","name_zht":"羅索","name_ja":"ロゾー","name_ko":"로조","name_de":"Roseau","name_fr":"Roseau","name_es":"Roseau","name_pt":"Roseau","name_ru":"Розо","pop_max":23336,"featurecla":"Admin-0 capital","worldcity":0}},{"type":"Feature","geometry":{"type":"Point","coordinates":[18.26,0.04]},"properties":{"name":"Mbandaka","name_en":"Mbandaka","name_zh":"姆班达卡","name_zht":"姆班达卡","name_ja":"ムバンダカ","name_ko":"음반다카","name_de":"Mbandaka","name_fr":"Mbandaka","name_es":"Mbandaka","name_pt":"Mbandaka","name_ru":"Мбандака","pop_max":274996,"featurecla":"Admin-1 capital","worldcity":0}},{"type":"Feature","geometry":{"type":"Point","coordinates":[16.09,8.55]},"properties":{"name":"Moundou","name_en":"Moundou","name_zh":"蒙杜","name_zht":"蒙杜","name_ja":"ムンドゥ","name_ko":"문두","name_de":"Moundou","name_fr":"Moundou","name_es":"Moundou","name_pt":"Moundou","name_ru":"Мунду","pop_max":156705,"featurecla":"Admin-1 capital","worldcity":0}},{"type":"Feature","geometry":{"type":"Point","coordinates":[32.5499,30.005]},"properties":{"name":"Suez","name_en":"Suez","name_zh":"苏伊士","name_zht":"苏伊士","name_ja":"スエズ","name_ko":"수에즈","name_de":"Sues","name_fr":"Suez","name_es":"Suez","name_pt":"Suez","name_ru":"Суэц","pop_max":508335,"featurecla":"Populated place","worldcity":0}},{"type":"Feature","geometry":{"type":"Point","coordinates":[32.29,31.26]},"properties":{"name":"Bur Said","name_en":"Port Said","name_zh":"塞德港","name_zht":"塞德港","name_ja":null,"name_ko":null,"name_de":"Port Said","name_fr":"Port-Saïd","name_es":"Puerto Saíd","name_pt":"Porto Said","name_ru":"Порт-Саид","pop_max":623864,"featurecla":"Admin-1 capital","worldcity":0}},{"type":"Feature","geometry":{"type":"Point","coordinates":[30.84,29.31]},"properties":{"name":"El Faiyum","name_en":"Faiyum","name_zh":"法尤姆","name_zht":"法尤姆","name_ja":null,"name_ko":null,"name_de":"al-Fayyūm","name_fr":"Médinet el-Fayoum","name_es":"Fayún","name_pt":"Faium","name_ru":"Файюм","pop_max":316772,"featurecla":"Admin-1 capital","worldcity":0}},{"type":"Feature","geometry":{"type":"Point","coordinates":[32.8989,24.0875]},"properties":{"name":"Aswan","name_en":"Aswan","name_zh":"阿斯旺","name_zht":"阿斯旺","name_ja":"アスワン","name_ko":"아스완","name_de":"Assuan","name_fr":"Assouan","name_es":"Asuán","name_pt":"Assuão","name_ru":"Асуан","pop_max":313442,"featurecla":"Admin-1 capital","worldcity":0}},{"type":"Feature","geometry":{"type":"Point","coordinates":[31.1799,27.19]},"properties":{"name":"Asyut","name_en":"Asyut","name_zh":"Qanāţir Asyūţ","name_zht":"艾斯尤特","name_ja":"Qanāţir Asyūţ","name_ko":"Qanāţir Asyūţ","name_de":"Asyut","name_fr":"Assiout","name_es":"Asiut","name_pt":"Assiut","name_ru":"Асьют","pop_max":420585,"featurecla":"Admin-1 capital","worldcity":0}},{"type":"Feature","geometry":{"type":"Point","coordinates":[25.22,0.52]},"properties":{"name":"Kisangani","name_en":"Kisangani","name_zh":"基桑加尼","name_zht":"基桑加尼","name_ja":"キサンガニ","name_ko":"키상가니","name_de":"Kisangani","name_fr":"Kisangani","name_es":"Kisangani","name_pt":"Kisangani","name_ru":"Кисангани","pop_max":578470,"featurecla":"Admin-1 capital","worldcity":0}},{"type":"Feature","geometry":{"type":"Point","coordinates":[42.73,13.01]},"properties":{"name":"Assab","name_en":"Assab","name_zh":"阿萨布","name_zht":"阿萨布","name_ja":null,"name_ko":null,"name_de":"Assab","name_fr":"Assab","name_es":"Asab","name_pt":"Assab","name_ru":"Асэб","pop_max":105496,"featurecla":"Populated place","worldcity":0}},{"type":"Feature","geometry":{"type":"Point","coordinates":[43.148,11.595]},"properties":{"name":"Djibouti","name_en":"Djibouti","name_zh":"吉布地市","name_zht":"吉布地","name_ja":"ジブチ市","name_ko":"지부티","name_de":"Dschibuti","name_fr":"Djibouti","name_es":"Yibuti","name_pt":"Djibouti","name_ru":"Джибути","pop_max":923000,"featurecla":"Admin-0 capital","worldcity":0}},{"type":"Feature","geometry":{"type":"Point","coordinates":[13.75,51.05]},"properties":{"name":"Dresden","name_en":"Dresden","name_zh":"德累斯顿","name_zht":"德累斯顿","name_ja":"ドレスデン","name_ko":"드레스덴","name_de":"Dresden","name_fr":"Dresde","name_es":"Dresde","name_pt":"Dresden","name_ru":"Дрезден","pop_max":617515,"featurecla":"Admin-1 capital","worldcity":0}},{"type":"Feature","geometry":{"type":"Point","coordinates":[88.8833,29.25]},"properties":{"name":"Xigaze","name_en":"Samzhubzê District","name_zh":"桑珠孜区","name_zht":"桑珠孜区","name_ja":null,"name_ko":null,"name_de":"Samzhubzê","name_fr":"Samdrubtsé chü","name_es":"Shigatse","name_pt":"Shigatse","name_ru":"Шигадзе","pop_max":80000,"featurecla":"Populated place","worldcity":0}},{"type":"Feature","geometry":{"type":"Point","coordinates":[77.25,38.4261]},"properties":{"name":"Shache","name_en":"Yarkant County","name_zh":"莎车县","name_zht":"莎车县","name_ja":null,"name_ko":null,"name_de":"Yarkant","name_fr":"Xian de Yarkand","name_es":"Yarkanda","name_pt":"Yarkand","name_ru":"Яркенд","pop_max":373492,"featurecla":"Populated place","worldcity":0}},{"type":"Feature","geometry":{"type":"Point","coordinates":[81.35,43.9]},"properties":{"name":"Yining","name_en":"Yining City","name_zh":"伊宁","name_zht":"伊宁","name_ja":null,"name_ko":null,"name_de":"Gulja","name_fr":"Yining","name_es":"Gulja","name_pt":"Kuldja","name_ru":"Кульджа","pop_max":403489,"featurecla":"Populated place","worldcity":0}},{"type":"Feature","geometry":{"type":"Point","coordinates":[88.1166,47.8666]},"properties":{"name":"Altay","name_en":"Altay","name_zh":"阿勒泰","name_zht":"阿勒泰","name_ja":null,"name_ko":null,"name_de":"Altay","name_fr":"Altay","name_es":null,"name_pt":null,"name_ru":"Алтай","pop_max":142000,"featurecla":"Populated place","worldcity":0}},{"type":"Feature","geometry":{"type":"Point","coordinates":[101.7019,2.914]},"properties":{"name":"Putrajaya","name_en":"Putrajaya","name_zh":"布城","name_zht":"布城","name_ja":null,"name_ko":null,"name_de":"Putrajaya","name_fr":"Putrajaya","name_es":"Putrajaya","name_pt":"Putrajaya","name_ru":"Путраджая","pop_max":67964,"featurecla":"Admin-0 capital alt","worldcity":0}},{"type":"Feature","geometry":{"type":"Point","coordinates":[106.769,39.2333]},"properties":{"name":"Shizuishan","name_en":"Shizuishan","name_zh":"Shizuishanzhan","name_zht":"石嘴山","name_ja":"Shizuishanzhan","name_ko":"Shizuishanzhan","name_de":"Shizuishan","name_fr":"Shizuishan","name_es":"Shizuishan","name_pt":"Shizuishan","name_ru":"Шицзуйшань","pop_max":136570,"featurecla":"Populated place","worldcity":0}},{"type":"Feature","geometry":{"type":"Point","coordinates":[109.7333,38.2833]},"properties":{"name":"Yulin","name_en":"Yulin","name_zh":"榆林","name_zht":"榆林","name_ja":null,"name_ko":null,"name_de":"Yulin","name_fr":"Yulin","name_es":"Yulin","name_pt":null,"name_ru":"Юйлинь","pop_max":155960,"featurecla":"Populated place","worldcity":0}},{"type":"Feature","geometry":{"type":"Point","coordinates":[109.02,32.68]},"properties":{"name":"Ankang","name_en":"Ankang","name_zh":"安康","name_zht":"安康","name_ja":null,"name_ko":null,"name_de":"Ankang","name_fr":"Ankang","name_es":"Ankang","name_pt":null,"name_ru":"Анькан","pop_max":1100000,"featurecla":"Populated place","worldcity":0}},{"type":"Feature","geometry":{"type":"Point","coordinates":[111.21,35.62]},"properties":{"name":"Houma","name_en":"Houma","name_zh":"的黎波里","name_zht":null,"name_ja":"トリポリ","name_ko":"트리폴리","name_de":null,"name_fr":null,"name_es":null,"name_pt":null,"name_ru":null,"pop_max":102400,"featurecla":"Populated place","worldcity":0}},{"type":"Feature","geometry":{"type":"Point","coordinates":[113.0981,29.382]},"properties":{"name":"Yueyang","name_en":"Yueyang","name_zh":"岳阳市","name_zht":"岳陽","name_ja":"岳陽市","name_ko":"웨양 시","name_de":"Yueyang","name_fr":"Yueyang","name_es":"Yueyang","name_pt":"Yueyang","name_ru":"Юэян","pop_max":826000,"featurecla":"Populated place","worldcity":0}},{"type":"Feature","geometry":{"type":"Point","coordinates":[112.5881,26.882]},"properties":{"name":"Hengyang","name_en":"Hengyang","name_zh":"衡阳市","name_zht":"衡陽","name_ja":"衡陽市","name_ko":"헝양 시","name_de":"Hengyang","name_fr":"Hengyang","name_es":"Hengyang","name_pt":"Hengyang","name_ru":"Хэнъян","pop_max":1016000,"featurecla":"Populated place","worldcity":0}},{"type":"Feature","geometry":{"type":"Point","coordinates":[104.768,31.4719]},"properties":{"name":"Mianyang","name_en":"Mianyang","name_zh":"绵阳市","name_zht":"绵阳","name_ja":"綿陽市","name_ko":"몐양 시","name_de":"Mianyang","name_fr":"Mianyang","name_es":"Mianyang","name_pt":"Mianyang","name_ru":"Мяньян","pop_max":1396000,"featurecla":"Populated place","worldcity":0}},{"type":"Feature","geometry":{"type":"Point","coordinates":[102.3,27.88]},"properties":{"name":"Xichang","name_en":"Xichang","name_zh":"西昌市","name_zht":"西昌","name_ja":null,"name_ko":"시창","name_de":"Xichang","name_fr":"Xichang","name_es":null,"name_pt":null,"name_ru":"Сичан","pop_max":379993,"featurecla":"Populated place","worldcity":0}},{"type":"Feature","geometry":{"type":"Point","coordinates":[99.15,25.12]},"properties":{"name":"Baoshan","name_en":"Baoshan","name_zh":"的黎波里","name_zht":"保山","name_ja":"トリポリ","name_ko":"트리폴리","name_de":"Baoshan","name_fr":"Baoshan","name_es":"Baoshan","name_pt":"Baoshan","name_ru":"Баошань","pop_max":1000000,"featurecla":"Populated place","worldcity":0}},{"type":"Feature","geometry":{"type":"Point","coordinates":[103.1501,23.38]},"properties":{"name":"Gejiu","name_en":"Gejiu","name_zh":"个旧市","name_zht":"个旧","name_ja":null,"name_ko":null,"name_de":"Gejiu","name_fr":"Gejiu","name_es":"Gejiu","name_pt":"Gejiu","name_ru":"Гэцзю","pop_max":149105,"featurecla":"Populated place","worldcity":0}},{"type":"Feature","geometry":{"type":"Point","coordinates":[114.478,38.052]},"properties":{"name":"Shijianzhuang","name_en":"Shijiazhuang","name_zh":"石家庄","name_zht":"石家庄","name_ja":null,"name_ko":null,"name_de":"Shijiazhuang","name_fr":"Shijiazhuang","name_es":"Shijiazhuang","name_pt":"Shijiazhuang","name_ru":"Шицзячжуан","pop_max":2417000,"featurecla":"Populated place","worldcity":0}},{"type":"Feature","geometry":{"type":"Point","coordinates":[114.478,36.5819]},"properties":{"name":"Handan","name_en":"Handan","name_zh":"邯郸","name_zht":"邯郸","name_ja":"邯鄲市","name_ko":"한단 시","name_de":"Handan","name_fr":"Handan","name_es":"Handan","name_pt":"Handan","name_ru":"Ханьдань","pop_max":1631000,"featurecla":"Populated place","worldcity":0}},{"type":"Feature","geometry":{"type":"Point","coordinates":[122.9381,41.117]},"properties":{"name":"Anshan","name_en":"Anshan","name_zh":"鞍山市","name_zht":"鞍山","name_ja":"鞍山市","name_ko":"안산 시","name_de":"Anshan","name_fr":"Anshan","name_es":"Anshán","name_pt":"Anshan","name_ru":"Аньшань","pop_max":1639000,"featurecla":"Populated place","worldcity":0}},{"type":"Feature","geometry":{"type":"Point","coordinates":[121.6279,38.9248]},"properties":{"name":"Dalian","name_en":"Dalian","name_zh":"大连市","name_zht":"大连","name_ja":"大連市","name_ko":"다롄 시","name_de":"Dalian","name_fr":"Dalian","name_es":"Dalian","name_pt":"Dalian","name_ru":"Далянь","pop_max":3167000,"featurecla":"Populated place","worldcity":0}},{"type":"Feature","geometry":{"type":"Point","coordinates":[120.3281,36.0919]},"properties":{"name":"Qingdao","name_en":"Qingdao","name_zh":"青岛市","name_zht":"青岛","name_ja":"青島市","name_ko":"칭다오 시","name_de":"Qingdao","name_fr":"Qingdao","name_es":"Qingdao","name_pt":"Qingdao","name_ru":"Циндао","pop_max":2866000,"featurecla":"Populated place","worldcity":0}},{"type":"Feature","geometry":{"type":"Point","coordinates":[118.328,35.0819]},"properties":{"name":"Linyi","name_en":"Linyi","name_zh":"临沂","name_zht":"临沂","name_ja":"臨沂市","name_ko":"린이 시","name_de":"Linyi","name_fr":"Linyi","name_es":"Linyi","name_pt":null,"name_ru":"Линьи","pop_max":2082000,"featurecla":"Populated place","worldcity":0}},{"type":"Feature","geometry":{"type":"Point","coordinates":[119.028,33.5819]},"properties":{"name":"Huaiyin","name_en":"Huai'an","name_zh":"Wangying","name_zht":"淮安","name_ja":"Wangying","name_ko":"Wangying","name_de":"Huai’an","name_fr":"Huai'an","name_es":"Huai'an","name_pt":"Huai’an","name_ru":"Хуайань","pop_max":1264000,"featurecla":"Populated place","worldcity":0}},{"type":"Feature","geometry":{"type":"Point","coordinates":[120.6481,28.0219]},"properties":{"name":"Wenzhou","name_en":"Wenzhou","name_zh":"温州市","name_zht":"温州","name_ja":"温州市","name_ko":"원저우 시","name_de":"Wenzhou","name_fr":"Wenzhou","name_es":"Wenzhou","name_pt":"Wenzhou","name_ru":"Вэньчжоу","pop_max":2350000,"featurecla":"Populated place","worldcity":0}},{"type":"Feature","geometry":{"type":"Point","coordinates":[121.5481,29.8819]},"properties":{"name":"Ningbo","name_en":"Ningbo","name_zh":"宁波","name_zht":"宁波","name_ja":"寧波市","name_ko":"닝보 시","name_de":"Ningbo","name_fr":"Ningbo","name_es":"Ningbó","name_pt":"Ningbo","name_ru":"Нинбо","pop_max":1923000,"featurecla":"Populated place","worldcity":0}},{"type":"Feature","geometry":{"type":"Point","coordinates":[130.4081,33.597]},"properties":{"name":"Fukuoka","name_en":"Fukuoka","name_zh":"福岡市","name_zht":"福岡","name_ja":"福岡市","name_ko":"후쿠오카 시","name_de":"Fukuoka","name_fr":"Fukuoka","name_es":"Fukuoka","name_pt":"Fukuoka","name_ru":"Фукуока","pop_max":2792000,"featurecla":"Admin-1 region capital","worldcity":0}},{"type":"Feature","geometry":{"type":"Point","coordinates":[131.4184,31.9182]},"properties":{"name":"Miyazaki","name_en":"Miyazaki","name_zh":"宮崎","name_zht":"宮崎","name_ja":"宮崎","name_ko":null,"name_de":"Miyazaki","name_fr":"Miyazaki","name_es":"Miyazaki","name_pt":"Miyazaki","name_ru":"Миядзаки","pop_max":324384,"featurecla":"Populated place","worldcity":0}},{"type":"Feature","geometry":{"type":"Point","coordinates":[127.673,26.2072]},"properties":{"name":"Naha","name_en":"Naha","name_zh":"那霸市","name_zht":"那霸","name_ja":"那覇市","name_ko":"나하 시","name_de":"Naha","name_fr":"Naha","name_es":"Naha","name_pt":"Naha","name_ru":"Наха","pop_max":905238,"featurecla":"Admin-1 region capital","worldcity":0}},{"type":"Feature","geometry":{"type":"Point","coordinates":[133.5375,33.5624]},"properties":{"name":"Kōchi","name_en":"Kōchi","name_zh":"高知","name_zht":"高知","name_ja":"Kōchi-shi","name_ko":null,"name_de":"Kōchi","name_fr":"Kōchi","name_es":"Kōchi","name_pt":"Kochi","name_ru":"Коти","pop_max":335570,"featurecla":"Populated place","worldcity":0}},{"type":"Feature","geometry":{"type":"Point","coordinates":[123.07,0.55]},"properties":{"name":"Gorontalo","name_en":"Gorontalo","name_zh":"哥倫打洛","name_zht":"哥倫打洛","name_ja":null,"name_ko":null,"name_de":"Kota Gorontalo","name_fr":"Gorontalo","name_es":"Gorontalo","name_pt":null,"name_ru":"Горонтало","pop_max":365497,"featurecla":"Populated place","worldcity":0}},{"type":"Feature","geometry":{"type":"Point","coordinates":[122.268,43.6219]},"properties":{"name":"Tongliao","name_en":"Tongliao","name_zh":"通辽","name_zht":"通辽","name_ja":"通遼市","name_ko":"퉁랴오 시","name_de":"Tongliao","name_fr":"Tongliao","name_es":"Tongliao","name_pt":null,"name_ru":"Тунляо","pop_max":884000,"featurecla":"Populated place","worldcity":0}},{"type":"Feature","geometry":{"type":"Point","coordinates":[111.658,40.8219]},"properties":{"name":"Hohhot","name_en":"Hohhot","name_zh":"呼和浩特","name_zht":"呼和浩特","name_ja":"フフホト市","name_ko":"후허하오터 시","name_de":"Hohhot","name_fr":"Hohhot","name_es":"Hohhot","name_pt":"Hohhot","name_ru":"Хух-Хото","pop_max":1726000,"featurecla":"Admin-1 capital","worldcity":0}},{"type":"Feature","geometry":{"type":"Point","coordinates":[118.948,42.272]},"properties":{"name":"Chifeng","name_en":"Chifeng","name_zh":"赤峰","name_zht":"赤峰","name_ja":"赤峰市","name_ko":"츠펑 시","name_de":"Chifeng","name_fr":"Chifeng","name_es":"Ulanhad","name_pt":null,"name_ru":"Чифэн","pop_max":1277000,"featurecla":"Populated place","worldcity":0}},{"type":"Feature","geometry":{"type":"Point","coordinates":[122.08,46.08]},"properties":{"name":"Ulanhot","name_en":"Ulan Hot","name_zh":"乌兰浩特","name_zht":"乌兰浩特","name_ja":null,"name_ko":null,"name_de":"Ulanhot","name_fr":"Ulan Hot","name_es":"Ulanhot","name_pt":"Ulanhot","name_ru":"Улан-Хото","pop_max":241894,"featurecla":"Populated place","worldcity":0}},{"type":"Feature","geometry":{"type":"Point","coordinates":[119.7,49.2]},"properties":{"name":"Hailar","name_en":"Hailar District","name_zh":"海拉尔区","name_zht":"海拉尔区","name_ja":"ハイラル区","name_ko":null,"name_de":"Hailar","name_fr":"Hailar","name_es":"Hailar","name_pt":null,"name_ru":"Хайлар","pop_max":231171,"featurecla":"Populated place","worldcity":0}},{"type":"Feature","geometry":{"type":"Point","coordinates":[130.3481,46.832]},"properties":{"name":"Jiamusi","name_en":"Jiamusi","name_zh":"佳木斯市","name_zht":"佳木斯","name_ja":"ジャムス市","name_ko":"자무쓰 시","name_de":"Jiamusi","name_fr":"Jiamusi","name_es":"Jiamusi","name_pt":"Jiamusi","name_ru":"Цзямусы","pop_max":1020000,"featurecla":"Populated place","worldcity":0}},{"type":"Feature","geometry":{"type":"Point","coordinates":[126.482,48.239]},"properties":{"name":"Beian","name_en":"Bei'an","name_zh":"北安","name_zht":"北安","name_ja":null,"name_ko":null,"name_de":"Bei’an","name_fr":"Bei'an","name_es":"Bei’an","name_pt":"Bei’an","name_ru":"Бэйань","pop_max":154936,"featurecla":"Populated place","worldcity":0}},{"type":"Feature","geometry":{"type":"Point","coordinates":[124.9981,46.5819]},"properties":{"name":"Daqing","name_en":"Daqing","name_zh":"大庆","name_zht":"大庆","name_ja":"大慶市","name_ko":"다칭 시","name_de":"Daqing","name_fr":"Daqing","name_es":"Daqing","name_pt":"Daqing","name_ru":"Дацин","pop_max":1693000,"featurecla":"Populated place","worldcity":0}},{"type":"Feature","geometry":{"type":"Point","coordinates":[130.9681,45.3019]},"properties":{"name":"Jixi","name_en":"Jixi","name_zh":"鸡西","name_zht":"鸡西","name_ja":"鶏西市","name_ko":"지시 시","name_de":"Jixi","name_fr":"Jixi","name_es":"Jixi","name_pt":"Jixi","name_ru":"Цзиси","pop_max":965000,"featurecla":"Populated place","worldcity":0}},{"type":"Feature","geometry":{"type":"Point","coordinates":[136.913,35.1569]},"properties":{"name":"Nagoya","name_en":"Nagoya","name_zh":"名古屋市","name_zht":"名古屋","name_ja":"名古屋市","name_ko":"나고야 시","name_de":"Nagoya","name_fr":"Nagoya","name_es":"Nagoya","name_pt":"Nagoia","name_ru":"Нагоя","pop_max":3230000,"featurecla":"Admin-1 region capital","worldcity":0}},{"type":"Feature","geometry":{"type":"Point","coordinates":[138.17,36.65]},"properties":{"name":"Nagano","name_en":"Nagano","name_zh":"長野","name_zht":"長野","name_ja":"長野","name_ko":null,"name_de":"Nagano","name_fr":"Nagano","name_es":"Nagano","name_pt":"Nagano","name_ru":"Нагано","pop_max":594311,"featurecla":"Populated place","worldcity":0}},{"type":"Feature","geometry":{"type":"Point","coordinates":[144.3747,42.975]},"properties":{"name":"Kushiro","name_en":"Kushiro","name_zh":"釧路市","name_zht":"釧路","name_ja":"釧路市","name_ko":"구시로 시","name_de":"Kushiro-shi","name_fr":"Kushiro","name_es":"Kushiro","name_pt":"Kushiro","name_ru":"Кусиро","pop_max":198566,"featurecla":"Populated place","worldcity":0}},{"type":"Feature","geometry":{"type":"Point","coordinates":[140.74,41.795]},"properties":{"name":"Hakodate","name_en":"Hakodate","name_zh":"函館市","name_zht":"函館","name_ja":"函館市","name_ko":"하코다테 시","name_de":"Hakodate","name_fr":"Hakodate","name_es":"Hakodate","name_pt":"Hakodate","name_ru":"Хакодате","pop_max":302984,"featurecla":"Populated place","worldcity":0}},{"type":"Feature","geometry":{"type":"Point","coordinates":[135.7481,35.0319]},"properties":{"name":"Kyoto","name_en":"Kyoto","name_zh":"京都","name_zht":"京都","name_ja":"京都市","name_ko":"교토 시","name_de":"Kyōto","name_fr":"Kyoto","name_es":"Kioto","name_pt":"Quioto","name_ru":"Киото","pop_max":1805000,"featurecla":"Admin-0 capital alt","worldcity":0}},{"type":"Feature","geometry":{"type":"Point","coordinates":[141.0198,38.2891]},"properties":{"name":"Sendai","name_en":"Sendai","name_zh":"仙台","name_zht":"仙台","name_ja":"仙台","name_ko":null,"name_de":"Sendai","name_fr":"Sendai","name_es":"Sendai","name_pt":"Sendai","name_ru":"Сендай","pop_max":2250000,"featurecla":"Admin-1 region capital","worldcity":0}},{"type":"Feature","geometry":{"type":"Point","coordinates":[139.8501,38.92]},"properties":{"name":"Sakata","name_en":"Sakata","name_zh":"酒田市","name_zht":"酒田","name_ja":"酒田市","name_ko":"사카타 시","name_de":"Sakata","name_fr":"Sakata","name_es":"Sakata","name_pt":"Sakata","name_ru":"Саката","pop_max":100446,"featurecla":"Populated place","worldcity":0}},{"type":"Feature","geometry":{"type":"Point","coordinates":[17.38,-3.31]},"properties":{"name":"Bandundu","name_en":"Bandundu","name_zh":"班顿杜省","name_zht":"班顿杜","name_ja":"バンドゥンドゥ州","name_ko":"반둔두 주","name_de":"Bandundu","name_fr":"Bandundu","name_es":"Bandundu","name_pt":"Bandundu","name_ru":"Бандунду","pop_max":118211,"featurecla":"Admin-1 capital","worldcity":0}},{"type":"Feature","geometry":{"type":"Point","coordinates":[22.3981,-5.8881]},"properties":{"name":"Kananga","name_en":"Kananga","name_zh":"卡南加","name_zht":"卡南加","name_ja":"カナンガ","name_ko":"카낭가","name_de":"Kananga","name_fr":"Kananga","name_es":"Kananga","name_pt":"Kananga","name_ru":"Кананга","pop_max":765000,"featurecla":"Admin-1 capital","worldcity":0}},{"type":"Feature","geometry":{"type":"Point","coordinates":[26.66,-4.45]},"properties":{"name":"Kasongo","name_en":"Kasongo","name_zh":"卡松戈","name_zht":"卡松戈","name_ja":null,"name_ko":null,"name_de":null,"name_fr":"Kasongo","name_es":null,"name_pt":"Kasongo","name_ru":"Касонго","pop_max":63000,"featurecla":"Populated place","worldcity":0}},{"type":"Feature","geometry":{"type":"Point","coordinates":[23.5981,-6.1481]},"properties":{"name":"Mbuji-Mayi","name_en":"Mbuji-Mayi","name_zh":"姆布吉马伊","name_zht":"姆布吉马伊","name_ja":"ムブジ=マイ","name_ko":null,"name_de":"Mbuji-Mayi","name_fr":"Mbujimayi","name_es":"Mbuji-Mayi","name_pt":"Mbuji-Mayi","name_ru":"Мбужи-Майи","pop_max":1295000,"featurecla":"Admin-1 capital","worldcity":0}},{"type":"Feature","geometry":{"type":"Point","coordinates":[29.2,-5.9333]},"properties":{"name":"Kalemie","name_en":"Kalemie","name_zh":"卡萊米","name_zht":"卡萊米","name_ja":"カレミ","name_ko":"칼레미","name_de":"Kalemie","name_fr":"Kalemie","name_es":"Kalemie","name_pt":"Kalemie","name_ru":"Калемие","pop_max":206257,"featurecla":"Populated place","worldcity":0}},{"type":"Feature","geometry":{"type":"Point","coordinates":[29.28,0.13]},"properties":{"name":"Butembo","name_en":"Butembo","name_zh":"布滕博","name_zht":"布滕博","name_ja":null,"name_ko":null,"name_de":"Butembo","name_fr":"Butembo","name_es":"Butembo","name_pt":"Butembo","name_ru":"Бутембо","pop_max":286403,"featurecla":"Populated place","worldcity":0}},{"type":"Feature","geometry":{"type":"Point","coordinates":[29.2218,-1.6788]},"properties":{"name":"Goma","name_en":"Goma","name_zh":"戈马","name_zht":"戈马","name_ja":"ゴマ","name_ko":"고마","name_de":"Goma","name_fr":"Goma","name_es":"Goma","name_pt":"Goma","name_ru":"Гома","pop_max":144124,"featurecla":"Admin-1 capital","worldcity":0}},{"type":"Feature","geometry":{"type":"Point","coordinates":[34.02,-11.46]},"properties":{"name":"Mzuzu","name_en":"Mzuzu","name_zh":"的黎波里","name_zht":"姆祖祖","name_ja":"トリポリ","name_ko":"트리폴리","name_de":"Mzuzu","name_fr":"Mzuzu","name_es":"Mzuzu","name_pt":"Mzuzu","name_ru":"Мзузу","pop_max":110201,"featurecla":"Admin-1 region capital","worldcity":0}},{"type":"Feature","geometry":{"type":"Point","coordinates":[34.9899,-15.79]},"properties":{"name":"Blantyre","name_en":"Blantyre","name_zh":"布兰太尔","name_zht":"布兰太尔","name_ja":"ブランタイヤ","name_ko":"블랜타이어","name_de":"Blantyre","name_fr":"Blantyre","name_es":"Blantyre","name_pt":"Blantyre","name_ru":"Блантайр","pop_max":584877,"featurecla":"Admin-1 region capital","worldcity":0}},{"type":"Feature","geometry":{"type":"Point","coordinates":[-91.52,14.83]},"properties":{"name":"Quetzaltenango","name_en":"Quetzaltenango","name_zh":"克薩爾特南戈","name_zht":"克薩爾特南戈","name_ja":"ケツァルテナンゴ","name_ko":"케트살테낭고","name_de":"Quetzaltenango","name_fr":"Quetzaltenango","name_es":"Quetzaltenango","name_pt":"Quetzaltenango","name_ru":"Кесальтенанго","pop_max":575263,"featurecla":"Admin-1 capital","worldcity":0}},{"type":"Feature","geometry":{"type":"Point","coordinates":[-16.5917,13.4539]},"properties":{"name":"Banjul","name_en":"Banjul","name_zh":"班珠尔","name_zht":"班竹","name_ja":"バンジュール","name_ko":"반줄","name_de":"Banjul","name_fr":"Banjul","name_es":"Banjul","name_pt":"Banjul","name_ru":"Банжул","pop_max":43094,"featurecla":"Admin-0 capital","worldcity":0}},{"type":"Feature","geometry":{"type":"Point","coordinates":[77.3147,28.4353]},"properties":{"name":"Faridabad","name_en":"Faridabad","name_zh":"法里達巴德","name_zht":"法里達巴德","name_ja":"ファリダバード","name_ko":null,"name_de":"Faridabad","name_fr":"Faridabad","name_es":"Faridabad","name_pt":"Faridabad","name_ru":"Фаридабад","pop_max":1394000,"featurecla":"Populated place","worldcity":0}},{"type":"Feature","geometry":{"type":"Point","coordinates":[74.8131,34.1019]},"properties":{"name":"Srinagar","name_en":"Srinagar","name_zh":"斯利那加","name_zht":"斯利那加","name_ja":"シュリーナガル","name_ko":"스리나가르","name_de":"Srinagar","name_fr":"Srinagar","name_es":"Srinagar","name_pt":"Srinagar","name_ru":"Сринагар","pop_max":1140000,"featurecla":"Admin-1 capital","worldcity":0}},{"type":"Feature","geometry":{"type":"Point","coordinates":[80.6281,16.5219]},"properties":{"name":"Vijayawada","name_en":"Vijayawada","name_zh":"维杰亚瓦达","name_zht":"维杰亚瓦达","name_ja":"ヴィジャヤワーダ","name_ko":"비자야와다","name_de":"Vijayawada","name_fr":"Vijayawada","name_es":"Vijayawada","name_pt":"Vijayawada","name_ru":"Виджаявада","pop_max":1137000,"featurecla":"Populated place","worldcity":0}},{"type":"Feature","geometry":{"type":"Point","coordinates":[76.9481,8.5019]},"properties":{"name":"Thiruvananthapuram","name_en":"Thiruvananthapuram","name_zh":"特里凡得琅","name_zht":"锡鲁万纳塔普拉姆","name_ja":"ティルヴァナンタプラム","name_ko":"티루바난타푸람","name_de":"Thiruvananthapuram","name_fr":"Thiruvananthapuram","name_es":"Thiruvananthapuram","name_pt":"Thiruvananthapuram","name_ru":"Тривандрам","pop_max":954000,"featurecla":"Admin-1 capital","worldcity":0}},{"type":"Feature","geometry":{"type":"Point","coordinates":[76.222,10.017]},"properties":{"name":"Kochi","name_en":"Kochi","name_zh":"柯枝","name_zht":"柯枝","name_ja":"コーチ","name_ko":null,"name_de":"Kochi","name_fr":"Kochi","name_es":"Cochín","name_pt":"Cochim","name_ru":"Коччи","pop_max":1519000,"featurecla":"Populated place","worldcity":0}},{"type":"Feature","geometry":{"type":"Point","coordinates":[85.8899,20.47]},"properties":{"name":"Cuttack","name_en":"Cuttack","name_zh":"克塔克","name_zht":"克塔克","name_ja":"カタック","name_ko":"쿠타크","name_de":"Cuttack","name_fr":"Cuttack","name_es":"Cuttack","name_pt":"Cuttack","name_ru":"Каттак","pop_max":580000,"featurecla":"Populated place","worldcity":0}},{"type":"Feature","geometry":{"type":"Point","coordinates":[75.1231,15.3619]},"properties":{"name":"Hubli","name_en":"Hubli","name_zh":"Hubballi","name_zht":"胡布利","name_ja":"Hubballi","name_ko":"Hubballi","name_de":"Hubli-Dharwad","name_fr":"Hubli-Dharwad","name_es":"Hubli","name_pt":"Hubli","name_ru":"Хубли","pop_max":890000,"featurecla":"Populated place","worldcity":0}},{"type":"Feature","geometry":{"type":"Point","coordinates":[74.85,12.9]},"properties":{"name":"Mangalore","name_en":"Mangalore","name_zh":"Mangalore Tota","name_zht":"门格洛尔","name_ja":"Mangalore Tota","name_ko":"Mangalore Tota","name_de":"Mangaluru","name_fr":"Mangalore","name_es":"Mangalore","name_pt":"Mangalore","name_ru":"Мангалор","pop_max":776632,"featurecla":"Populated place","worldcity":0}},{"type":"Feature","geometry":{"type":"Point","coordinates":[76.6581,12.3119]},"properties":{"name":"Mysore","name_en":"Mysore","name_zh":"Mysore Airport","name_zht":"迈索尔","name_ja":"Mysore Airport","name_ko":"Mysore Airport","name_de":"Mysore","name_fr":"Mysore","name_es":"Mysore","name_pt":"Mysore","name_ru":"Майсур","pop_max":887000,"featurecla":"Populated place","worldcity":0}},{"type":"Feature","geometry":{"type":"Point","coordinates":[76.82,17.35]},"properties":{"name":"Gulbarga","name_en":"Gulbarga","name_zh":"古尔伯加","name_zht":"古尔伯加","name_ja":null,"name_ko":null,"name_de":"Gulbarga","name_fr":"Gulbarga","name_es":"Gulbarga","name_pt":"Gulbarga","name_ru":"Гулбарга","pop_max":483615,"featurecla":"Populated place","worldcity":0}},{"type":"Feature","geometry":{"type":"Point","coordinates":[74.22,16.7]},"properties":{"name":"Kolhapur","name_en":"Kolhapur","name_zh":"Kolhāpur","name_zht":"戈爾哈布爾","name_ja":"Kolhāpur","name_ko":"Kolhāpur","name_de":"Kolhapur","name_fr":"Kolhapur","name_es":"Kolhapur","name_pt":"Kolhapur","name_ru":"Колхапур","pop_max":750000,"featurecla":"Populated place","worldcity":0}},{"type":"Feature","geometry":{"type":"Point","coordinates":[77.3,19.17]},"properties":{"name":"Nanded","name_en":"Nanded","name_zh":"的黎波里","name_zht":"楠代德","name_ja":"トリポリ","name_ko":"트리폴리","name_de":"Nanded","name_fr":"Nanded","name_es":"Nanded","name_pt":"Nanded","name_ru":"Нандер","pop_max":623708,"featurecla":"Populated place","worldcity":0}},{"type":"Feature","geometry":{"type":"Point","coordinates":[77.01,20.71]},"properties":{"name":"Akola","name_en":"Akola","name_zh":"阿科拉","name_zht":"阿科拉","name_ja":null,"name_ko":"아콜라","name_de":"Akola","name_fr":"Akola","name_es":"Akola","name_pt":"Akola","name_ru":"Акола","pop_max":503502,"featurecla":"Populated place","worldcity":0}},{"type":"Feature","geometry":{"type":"Point","coordinates":[91.768,26.162]},"properties":{"name":"Guwahati","name_en":"Guwahati","name_zh":"古瓦哈提","name_zht":"古瓦哈提","name_ja":"グワハティ","name_ko":"구와하티","name_de":"Guwahati","name_fr":"Guwahati","name_es":"Guwahati","name_pt":"Guwahati","name_ru":"Гувахати","pop_max":983000,"featurecla":"Populated place","worldcity":0}},{"type":"Feature","geometry":{"type":"Point","coordinates":[13.28,-4.18]},"properties":{"name":"Kayes","name_en":"Kayes","name_zh":null,"name_zht":null,"name_ja":null,"name_ko":null,"name_de":null,"name_fr":null,"name_es":"Kayes","name_pt":null,"name_ru":null,"pop_max":62521,"featurecla":"Populated place","worldcity":0}},{"type":"Feature","geometry":{"type":"Point","coordinates":[13.5833,-1.6333]},"properties":{"name":"Franceville","name_en":"Franceville","name_zh":"弗朗斯维尔","name_zht":"弗朗斯维尔","name_ja":"フランスヴィル","name_ko":"프랑스빌","name_de":"Franceville","name_fr":"Franceville","name_es":"Franceville","name_pt":"Franceville","name_ru":"Франсвиль","pop_max":42967,"featurecla":"Admin-1 capital","worldcity":0}},{"type":"Feature","geometry":{"type":"Point","coordinates":[-0.597,44.852]},"properties":{"name":"Bordeaux","name_en":"Bordeaux","name_zh":"波尔多","name_zht":"波尔多","name_ja":"ボルドー","name_ko":"보르도","name_de":"Bordeaux","name_fr":"Bordeaux","name_es":"Burdeos","name_pt":"Bordéus","name_ru":"Бордо","pop_max":803000,"featurecla":"Admin-1 region capital","worldcity":0}},{"type":"Feature","geometry":{"type":"Point","coordinates":[5.3731,43.2919]},"properties":{"name":"Marseille","name_en":"Marseille","name_zh":"马赛","name_zht":"马赛","name_ja":"マルセイユ","name_ko":"마르세유","name_de":"Marseille","name_fr":"Marseille","name_es":"Marsella","name_pt":"Marselha","name_ru":"Марсель","pop_max":1400000,"featurecla":"Admin-1 region capital","worldcity":0}},{"type":"Feature","geometry":{"type":"Point","coordinates":[0.105,49.505]},"properties":{"name":"Le Havre","name_en":"Le Havre","name_zh":"勒阿弗尔","name_zht":"勒阿弗尔","name_ja":"ル・アーヴル","name_ko":"르아브르","name_de":"Le Havre","name_fr":"Le Havre","name_es":"El Havre","name_pt":"Le Havre","name_ru":"Гавр","pop_max":242124,"featurecla":"Populated place","worldcity":0}},{"type":"Feature","geometry":{"type":"Point","coordinates":[-0.05,16.2666]},"properties":{"name":"Gao","name_en":"Gao","name_zh":"加奥","name_zht":"加奥","name_ja":"ガオ","name_ko":"가오","name_de":"Gao","name_fr":"Gao","name_es":"Gao","name_pt":"Gao","name_ru":"Гао","pop_max":116967,"featurecla":"Admin-1 capital","worldcity":0}},{"type":"Feature","geometry":{"type":"Point","coordinates":[-72.07,-45.57]},"properties":{"name":"Coihaique","name_en":"Coyhaique","name_zh":"Coihaique Alto","name_zht":"科伊艾克","name_ja":"Coihaique Alto","name_ko":"Coihaique Alto","name_de":"Coyhaique","name_fr":"Coyhaique","name_es":"Coyhaique","name_pt":"Coihaique","name_ru":"Койайке","pop_max":45787,"featurecla":"Populated place","worldcity":0}},{"type":"Feature","geometry":{"type":"Point","coordinates":[-70.29,-18.5]},"properties":{"name":"Arica","name_en":"Arica","name_zh":"阿里卡","name_zht":"阿里卡","name_ja":"アリカ","name_ko":"아리카","name_de":"Arica","name_fr":"Arica","name_es":"Arica","name_pt":"Arica","name_ru":"Арика","pop_max":185999,"featurecla":"Admin-1 capital","worldcity":0}},{"type":"Feature","geometry":{"type":"Point","coordinates":[-70.34,-27.36]},"properties":{"name":"Copiapó","name_en":"Copiapó","name_zh":"科皮亞波","name_zht":"科皮亞波","name_ja":"コピアポ","name_ko":"코피아포","name_de":"Copiapó","name_fr":"Copiapó","name_es":"Copiapó","name_pt":"Copiapó","name_ru":"Копьяпо","pop_max":129280,"featurecla":"Admin-1 capital","worldcity":0}},{"type":"Feature","geometry":{"type":"Point","coordinates":[-71.25,-29.9]},"properties":{"name":"La Serena","name_en":"La Serena","name_zh":"拉塞雷纳","name_zht":"拉塞雷纳","name_ja":"ラ・セレナ","name_ko":"라세레나","name_de":"La Serena","name_fr":"La Serena","name_es":"La Serena","name_pt":"La Serena","name_ru":"Ла-Серена","pop_max":154521,"featurecla":"Admin-1 capital","worldcity":0}},{"type":"Feature","geometry":{"type":"Point","coordinates":[-72.36,-37.46]},"properties":{"name":"Los Angeles","name_en":"Villa Los Ángeles","name_zh":"洛桑赫萊斯","name_zht":"洛桑赫萊斯","name_ja":"ロス・アンヘレス","name_ko":"로스앙헬레스","name_de":"Los Ángeles","name_fr":"Los Ángeles","name_es":"Los Ángeles","name_pt":"Los Ángeles","name_ru":"Лос-Анхелес","pop_max":145239,"featurecla":"Populated place","worldcity":0}},{"type":"Feature","geometry":{"type":"Point","coordinates":[-45.4166,61.1666]},"properties":{"name":"Narsarsuaq","name_en":"Narsarsuaq","name_zh":"納沙斯瓦哥","name_zht":"納沙斯瓦哥","name_ja":"ナルサルスアーク","name_ko":"나르사수아크","name_de":"Narsarsuaq","name_fr":"Narsarsuaq","name_es":"Narsarsuaq","name_pt":"Narsarsuaq","name_ru":"Нарсарсуак","pop_max":145,"featurecla":"Populated place","worldcity":0}},{"type":"Feature","geometry":{"type":"Point","coordinates":[-53.6666,66.95]},"properties":{"name":"Sisimiut","name_en":"Sisimiut","name_zh":"西西缪特","name_zht":"西西缪特","name_ja":"シシミウト","name_ko":"시시미우트","name_de":"Sisimiut","name_fr":"Sisimiut","name_es":"Sisimiut","name_pt":"Sisimiut","name_ru":"Сисимиут","pop_max":5227,"featurecla":"Populated place","worldcity":0}},{"type":"Feature","geometry":{"type":"Point","coordinates":[-56.1417,72.7094]},"properties":{"name":"Upernavik","name_en":"Upernavik","name_zh":"乌佩纳维克","name_zht":"乌佩纳维克","name_ja":"ウペルナビク","name_ko":"우페르나비크","name_de":"Upernavik","name_fr":"Upernavik","name_es":"Upernavik","name_pt":"Upernavik","name_ru":"Упернавик","pop_max":1129,"featurecla":"Populated place","worldcity":0}},{"type":"Feature","geometry":{"type":"Point","coordinates":[-69.3322,77.4835]},"properties":{"name":"Qaanaaq","name_en":"Qaanaaq","name_zh":"卡納克","name_zht":"卡納克","name_ja":"カーナーク","name_ko":"카낙","name_de":"Qaanaaq","name_fr":"Qaanaaq","name_es":"Qaanaaq","name_pt":"Qaanaaq","name_ru":"Каанаак","pop_max":616,"featurecla":"Admin-1 capital","worldcity":0}},{"type":"Feature","geometry":{"type":"Point","coordinates":[-17.056,20.9]},"properties":{"name":"Nouadhibou","name_en":"Nouadhibou","name_zh":"努瓦迪布","name_zht":"努瓦迪布","name_ja":"ヌアディブ","name_ko":null,"name_de":"Nouadhibou","name_fr":"Nouadhibou","name_es":"Nuadibú","name_pt":"Nouadhibou","name_ru":"Нуадибу","pop_max":86738,"featurecla":"Populated place","worldcity":0}},{"type":"Feature","geometry":{"type":"Point","coordinates":[-11.44,14.45]},"properties":{"name":"Kayes","name_en":"Kayes","name_zh":"卡伊","name_zht":"卡伊","name_ja":"カイ","name_ko":"케스","name_de":"Kayes","name_fr":"Kayes","name_es":"Kayes","name_pt":"Kayes","name_ru":"Каес","pop_max":77207,"featurecla":"Admin-1 capital","worldcity":0}},{"type":"Feature","geometry":{"type":"Point","coordinates":[-9.6167,16.6666]},"properties":{"name":"Ayoun el Atrous","name_en":"Ayoun el Atrous","name_zh":"Ayoun El Atrous","name_zht":"阿尤恩阿特魯斯","name_ja":"アユン・エル・アトルース","name_ko":"Ayoun El Atrous","name_de":"Ayoûn el-Atroûs","name_fr":"Aïoun El Atrouss","name_es":"Aiún el Atrús","name_pt":"Ayoun el Atrous","name_ru":"Аюн-эль-Атрус","pop_max":1423,"featurecla":"Admin-1 capital","worldcity":0}},{"type":"Feature","geometry":{"type":"Point","coordinates":[-6.26,13.44]},"properties":{"name":"Ségou","name_en":"Ségou","name_zh":"塞古","name_zht":"塞古","name_ja":"セグー","name_ko":"세구","name_de":"Ségou","name_fr":"Ségou","name_es":"Segú","name_pt":"Ségou","name_ru":"Сегу","pop_max":122952,"featurecla":"Admin-1 capital","worldcity":0}},{"type":"Feature","geometry":{"type":"Point","coordinates":[21.4335,42]},"properties":{"name":"Skopje","name_en":"Skopje","name_zh":"斯科普里","name_zht":"斯科普里","name_ja":"スコピエ","name_ko":"스코페","name_de":"Skopje","name_fr":"Skopje","name_es":"Skopie","name_pt":"Skopje","name_ru":"Скопье","pop_max":494087,"featurecla":"Admin-0 capital","worldcity":0}},{"type":"Feature","geometry":{"type":"Point","coordinates":[23.29,24.2]},"properties":{"name":"Al Jawf","name_en":"Al Jawf","name_zh":"的黎波里","name_zht":"焦夫","name_ja":"トリポリ","name_ko":"트리폴리","name_de":"al-Dschauf","name_fr":"Al Jawf","name_es":"Al Yauf","name_pt":"Al-Jawf","name_ru":"Эль-Джауф","pop_max":24132,"featurecla":"Populated place","worldcity":0}},{"type":"Feature","geometry":{"type":"Point","coordinates":[15.8,26.3666]},"properties":{"name":"Tmassah","name_en":"Tmassa","name_zh":null,"name_zht":null,"name_ja":null,"name_ko":null,"name_de":null,"name_fr":null,"name_es":"Tmassah","name_pt":"Tmassah","name_ru":null,"pop_max":500,"featurecla":"Populated place","worldcity":0}},{"type":"Feature","geometry":{"type":"Point","coordinates":[15.1,32.38]},"properties":{"name":"Misratah","name_en":"Misrata","name_zh":"米蘇拉塔","name_zht":"米蘇拉塔","name_ja":"ミスラタ","name_ko":null,"name_de":"Misrata","name_fr":"Misrata","name_es":"Misurata","name_pt":"Misratah","name_ru":"Мисурата","pop_max":386120,"featurecla":"Admin-1 capital","worldcity":0}},{"type":"Feature","geometry":{"type":"Point","coordinates":[12.0791,32.9344]},"properties":{"name":"Zuwarah","name_en":"Zuwara","name_zh":"祖瓦拉","name_zht":"祖瓦拉","name_ja":"ズワラ","name_ko":"주와라","name_de":"Zuwara","name_fr":"Zouara","name_es":"Zuara","name_pt":"Zuwarah","name_ru":"Зуара","pop_max":180310,"featurecla":"Populated place","worldcity":0}},{"type":"Feature","geometry":{"type":"Point","coordinates":[44.3923,35.4722]},"properties":{"name":"Kirkuk","name_en":"Kirkuk","name_zh":"基爾庫克","name_zht":"基爾庫克","name_ja":"キルクーク","name_ko":"키르쿠크","name_de":"Kirkuk","name_fr":"Kirkouk","name_es":"Kirkuk","name_pt":"Kirkuk","name_ru":"Киркук","pop_max":601433,"featurecla":"Admin-1 capital","worldcity":0}},{"type":"Feature","geometry":{"type":"Point","coordinates":[43.1431,36.3469]},"properties":{"name":"Mosul","name_en":"Mosul","name_zh":"摩苏尔","name_zht":"摩苏尔","name_ja":"モースル","name_ko":"모술","name_de":"Mossul","name_fr":"Mossoul","name_es":"Mosul","name_pt":"Mossul","name_ru":"Мосул","pop_max":1316000,"featurecla":"Admin-1 capital","worldcity":0}},{"type":"Feature","geometry":{"type":"Point","coordinates":[44.3354,32.0003]},"properties":{"name":"An Najaf","name_en":"An Najaf","name_zh":"納杰夫","name_zht":"納杰夫","name_ja":null,"name_ko":null,"name_de":"Nadschaf","name_fr":"Nadjaf","name_es":"Nayaf","name_pt":"An-Najaf","name_ru":"Ан-Наджаф","pop_max":665552,"featurecla":"Admin-1 capital","worldcity":0}},{"type":"Feature","geometry":{"type":"Point","coordinates":[37.3833,11.6001]},"properties":{"name":"Bahir Dar","name_en":"Bahir Dar","name_zh":"巴赫達爾","name_zht":"巴赫達爾","name_ja":null,"name_ko":"바히르다르","name_de":"Bahir Dar","name_fr":"Baher Dar","name_es":"Bahir Dar","name_pt":"Bahir Dar","name_ru":"Бахр-Дар","pop_max":206748,"featurecla":"Populated place","worldcity":0}},{"type":"Feature","geometry":{"type":"Point","coordinates":[39.47,13.5]},"properties":{"name":"Mekele","name_en":"Mek'ele","name_zh":"默克萊","name_zht":"默克萊","name_ja":null,"name_ko":null,"name_de":"Mek’ele","name_fr":"Mekele","name_es":"Mekele","name_pt":"Mek'ele","name_ru":"Мэкэле","pop_max":95856,"featurecla":"Admin-1 capital","worldcity":0}},{"type":"Feature","geometry":{"type":"Point","coordinates":[41.86,9.59]},"properties":{"name":"Dire Dawa","name_en":"Dire Dawa","name_zh":null,"name_zht":null,"name_ja":null,"name_ko":"디레 다와","name_de":null,"name_fr":null,"name_es":null,"name_pt":null,"name_ru":null,"pop_max":252279,"featurecla":"Populated place","worldcity":0}},{"type":"Feature","geometry":{"type":"Point","coordinates":[25.7159,66.5]},"properties":{"name":"Rovaniemi","name_en":"Rovaniemi","name_zh":"罗瓦涅米","name_zht":"罗瓦涅米","name_ja":"ロヴァニエミ","name_ko":"로바니에미","name_de":"Rovaniemi","name_fr":"Rovaniemi","name_es":"Rovaniemi","name_pt":"Rovaniemi","name_ru":"Рованиеми","pop_max":34781,"featurecla":"Admin-1 capital","worldcity":0}},{"type":"Feature","geometry":{"type":"Point","coordinates":[21.6,63.1]},"properties":{"name":"Vaasa","name_en":"Vaasa","name_zh":"瓦萨","name_zht":"瓦萨","name_ja":"ヴァーサ","name_ko":"바사","name_de":"Vaasa","name_fr":"Vaasa","name_es":"Vaasa","name_pt":"Vaasa","name_ru":"Вааса","pop_max":57014,"featurecla":"Admin-1 capital","worldcity":0}},{"type":"Feature","geometry":{"type":"Point","coordinates":[23.75,61.5]},"properties":{"name":"Tampere","name_en":"Tampere","name_zh":"坦佩雷","name_zht":"坦佩雷","name_ja":"タンペレ","name_ko":"탐페레","name_de":"Tampere","name_fr":"Tampere","name_es":"Tampere","name_pt":"Tampere","name_ru":"Тампере","pop_max":259279,"featurecla":"Populated place","worldcity":0}},{"type":"Feature","geometry":{"type":"Point","coordinates":[57.17,50.28]},"properties":{"name":"Aqtobe","name_en":"Aktobe","name_zh":"阿克托比","name_zht":"阿克托比","name_ja":null,"name_ko":null,"name_de":"Aqtöbe","name_fr":"Aktioubé","name_es":"Aktobe","name_pt":"Aqtöbe","name_ru":"Актобе","pop_max":262457,"featurecla":"Admin-1 capital","worldcity":0}},{"type":"Feature","geometry":{"type":"Point","coordinates":[63.13,52.9527]},"properties":{"name":"Rudny","name_en":"Rudniy","name_zh":"Rudnyy","name_zht":"魯德內","name_ja":"Rudnyy","name_ko":"Rudnyy","name_de":"Rudny","name_fr":"Roudny","name_es":"Roudny","name_pt":"Roudny","name_ru":"Рудный","pop_max":124000,"featurecla":"Populated place","worldcity":0}},{"type":"Feature","geometry":{"type":"Point","coordinates":[65.465,44.8]},"properties":{"name":"Qyzylorda","name_en":"Kyzylorda","name_zh":"克孜勒奧爾達","name_zht":"克孜勒奧爾達","name_ja":null,"name_ko":null,"name_de":"Qysylorda","name_fr":"Kyzylorda","name_es":"Kyzylorda","name_pt":"Qyzylorda","name_ru":"Кызылорда","pop_max":300000,"featurecla":"Admin-1 capital","worldcity":0}},{"type":"Feature","geometry":{"type":"Point","coordinates":[51.92,47.1127]},"properties":{"name":"Atyrau","name_en":"Atyrau","name_zh":"阿特勞","name_zht":"阿特勞","name_ja":"アティラウ","name_ko":"아티라우","name_de":"Atyrau","name_fr":"Atyraou","name_es":"Atyrau","name_pt":"Atyrau","name_ru":"Атырау","pop_max":182753,"featurecla":"Admin-1 capital","worldcity":0}},{"type":"Feature","geometry":{"type":"Point","coordinates":[75.3199,51.73]},"properties":{"name":"Ekibastuz","name_en":"Ekibastuz","name_zh":"埃基巴斯圖茲","name_zht":"埃基巴斯圖茲","name_ja":"エキバストス","name_ko":"에키바스투즈","name_de":"Ekibastus","name_fr":"Ekibastouz","name_es":"Ekibastuz","name_pt":"Ekibastuz","name_ru":"Экибастуз","pop_max":127868,"featurecla":"Populated place","worldcity":0}},{"type":"Feature","geometry":{"type":"Point","coordinates":[76.95,52.3]},"properties":{"name":"Pavlodar","name_en":"Pavlodar","name_zh":"巴甫洛達爾","name_zht":"巴甫洛達爾","name_ja":"パヴロダル","name_ko":"파블로다르","name_de":"Pawlodar","name_fr":"Pavlodar","name_es":"Pavlodar","name_pt":"Pavlodar","name_ru":"Павлодар","pop_max":329002,"featurecla":"Admin-1 capital","worldcity":0}},{"type":"Feature","geometry":{"type":"Point","coordinates":[80.275,50.435]},"properties":{"name":"Semey","name_en":"Semey","name_zh":"塞米伊","name_zht":"塞米伊","name_ja":"セメイ","name_ko":"세메이","name_de":"Semei","name_fr":"Semeï","name_es":"Semey","name_pt":"Semey","name_ru":"Семей","pop_max":311353,"featurecla":"Admin-1 capital","worldcity":0}},{"type":"Feature","geometry":{"type":"Point","coordinates":[82.6149,49.99]},"properties":{"name":"Oskemen","name_en":"Oskemen","name_zh":"厄斯克門機場","name_zht":"厄斯克門","name_ja":"オスケメン空港","name_ko":"Oskemen Airport","name_de":"Öskemen","name_fr":"Öskemen","name_es":"Öskemen","name_pt":"Öskemen","name_ru":"Усть-Каменогорск","pop_max":319067,"featurecla":"Admin-1 capital","worldcity":0}},{"type":"Feature","geometry":{"type":"Point","coordinates":[54.37,31.9201]},"properties":{"name":"Yazd","name_en":"Yazd","name_zh":"亚兹德","name_zht":"亚兹德","name_ja":"ヤズド","name_ko":"야즈드","name_de":"Yazd","name_fr":"Yazd","name_es":"Yazd","name_pt":"Yazd","name_ru":"Йезд","pop_max":477905,"featurecla":"Admin-1 capital","worldcity":0}},{"type":"Feature","geometry":{"type":"Point","coordinates":[48.7181,31.2819]},"properties":{"name":"Ahvaz","name_en":"Ahvaz","name_zh":"阿瓦士","name_zht":"阿瓦士","name_ja":"アフヴァーズ","name_ko":"아바즈","name_de":"Ahvaz","name_fr":"Ahvaz","name_es":"Ahvaz","name_pt":"Ahvaz","name_ru":"Ахваз","pop_max":996000,"featurecla":"Admin-1 capital","worldcity":0}},{"type":"Feature","geometry":{"type":"Point","coordinates":[47.8116,30.5155]},"properties":{"name":"Basra","name_en":"Basra","name_zh":"巴士拉","name_zht":"巴士拉","name_ja":"バスラ","name_ko":"Basrah","name_de":"Basra","name_fr":"Bassora","name_es":"Basora","name_pt":"Baçorá","name_ru":"Басра","pop_max":870000,"featurecla":"Admin-1 capital","worldcity":0}},{"type":"Feature","geometry":{"type":"Point","coordinates":[56.2721,27.2041]},"properties":{"name":"Bandar-e-Abbas","name_en":"Bandar Abbas","name_zh":"阿巴斯港","name_zht":"阿巴斯港","name_ja":null,"name_ko":null,"name_de":"Bandar Abbas","name_fr":"Bandar Abbas","name_es":"Bandar Abbas","name_pt":"Bandar Abbas","name_ru":"Бендер-Аббас","pop_max":461499,"featurecla":"Admin-1 capital","worldcity":0}},{"type":"Feature","geometry":{"type":"Point","coordinates":[48.515,34.796]},"properties":{"name":"Hamadan","name_en":"Hamadan","name_zh":"Hamadān","name_zht":"哈马丹","name_ja":"Hamadān","name_ko":"Hamadān","name_de":"Hamadan","name_fr":"Hamadan","name_es":"Hamadán","name_pt":"Hamadã","name_ru":"Хамадан","pop_max":528256,"featurecla":"Admin-1 capital","worldcity":0}},{"type":"Feature","geometry":{"type":"Point","coordinates":[46.2993,38.0882]},"properties":{"name":"Tabriz","name_en":"Tabriz","name_zh":"大不里士","name_zht":"大不里士","name_ja":"タブリーズ","name_ko":"타브리즈","name_de":"Täbris","name_fr":"Tabriz","name_es":"Tabriz","name_pt":"Tabriz","name_ru":"Тебриз","pop_max":1413000,"featurecla":"Admin-1 capital","worldcity":0}},{"type":"Feature","geometry":{"type":"Point","coordinates":[75.8703,30.9297]},"properties":{"name":"Ludhiana","name_en":"Ludhiana","name_zh":"卢迪亚纳","name_zht":"卢迪亚纳","name_ja":"ルディアーナ","name_ko":null,"name_de":"Ludhiana","name_fr":"Ludhiana","name_es":"Ludhiāna","name_pt":"Ludhiana","name_ru":"Лудхияна","pop_max":1649000,"featurecla":"Populated place","worldcity":0}},{"type":"Feature","geometry":{"type":"Point","coordinates":[75.8331,25.1819]},"properties":{"name":"Kota","name_en":"Kota","name_zh":"科塔","name_zht":"科塔","name_ja":"コーター","name_ko":"코타","name_de":"Kota","name_fr":"Kota","name_es":"Kotah","name_pt":"Kota","name_ru":"Кота","pop_max":827000,"featurecla":"Populated place","worldcity":0}},{"type":"Feature","geometry":{"type":"Point","coordinates":[73.0148,26.2937]},"properties":{"name":"Jodhpur","name_en":"Jodhpur","name_zh":"焦特布尔","name_zht":"焦特布尔","name_ja":"ジョドプル","name_ko":"조드푸르","name_de":"Jodhpur","name_fr":"Jodhpur","name_es":"Jodhpur","name_pt":"Jodhpur","name_ru":"Джодхпур","pop_max":995000,"featurecla":"Populated place","worldcity":0}},{"type":"Feature","geometry":{"type":"Point","coordinates":[69.595,42.32]},"properties":{"name":"Shymkent","name_en":"Shymkent","name_zh":"奇姆肯特","name_zht":"奇姆肯特","name_ja":"シムケント","name_ko":"쉼켄트","name_de":"Schymkent","name_fr":"Chimkent","name_es":"Shymkent","name_pt":"Shymkent","name_ru":"Шымкент","pop_max":465392,"featurecla":"Admin-1 capital","worldcity":0}},{"type":"Feature","geometry":{"type":"Point","coordinates":[71.365,42.9]},"properties":{"name":"Taraz","name_en":"Taraz","name_zh":"塔拉兹","name_zht":"塔拉兹","name_ja":"タラズ","name_ko":"타라즈","name_de":"Taras","name_fr":"Taraz","name_es":"Taraz","name_pt":"Taraz","name_ru":"Тараз","pop_max":358153,"featurecla":"Admin-1 capital","worldcity":0}},{"type":"Feature","geometry":{"type":"Point","coordinates":[80.9131,26.857]},"properties":{"name":"Lucknow","name_en":"Lucknow","name_zh":"勒克瑙","name_zht":"勒克瑙","name_ja":"ラクナウ","name_ko":"러크나우","name_de":"Lucknow","name_fr":"Lucknow","name_es":"Lucknow","name_pt":"Lucknow","name_ru":"Лакхнау","pop_max":2695000,"featurecla":"Admin-1 capital","worldcity":0}},{"type":"Feature","geometry":{"type":"Point","coordinates":[77.55,29.97]},"properties":{"name":"Saharanpur","name_en":"Saharanpur","name_zh":"Sahāranpur","name_zht":"薩哈蘭普爾","name_ja":"Sahāranpur","name_ko":"Sahāranpur","name_de":"Saharanpur","name_fr":"Saharanpur","name_es":"Saharanpur","name_pt":null,"name_ru":"Сахаранпур","pop_max":484873,"featurecla":"Populated place","worldcity":0}},{"type":"Feature","geometry":{"type":"Point","coordinates":[85.3281,23.372]},"properties":{"name":"Ranchi","name_en":"Ranchi","name_zh":"蘭契","name_zht":"蘭契","name_ja":"ラーンチー","name_ko":"란치","name_de":"Ranchi","name_fr":"Ranchi","name_es":"Ranchi","name_pt":"Ranchi","name_ru":"Ранчи","pop_max":1044000,"featurecla":"Admin-1 capital","worldcity":0}},{"type":"Feature","geometry":{"type":"Point","coordinates":[86.98,25.23]},"properties":{"name":"Bhagalpur","name_en":"Bhagalpur","name_zh":"Bhāgalpur","name_zht":"帕格爾布爾","name_ja":"Bhāgalpur","name_ko":"Bhāgalpur","name_de":"Bhagalpur","name_fr":"Bhagalpur","name_es":"Bhagalpur","name_pt":"Bhagalpur","name_ru":"Бхагалпур","pop_max":361548,"featurecla":"Populated place","worldcity":0}},{"type":"Feature","geometry":{"type":"Point","coordinates":[81.6331,21.2369]},"properties":{"name":"Raipur","name_en":"Raipur","name_zh":"賴布爾","name_zht":"賴布爾","name_ja":"ラーイプル","name_ko":"라이푸르","name_de":"Raipur","name_fr":"Raipur","name_es":"Raipur","name_pt":"Raipur","name_ru":"Райпур","pop_max":875000,"featurecla":"Admin-1 capital","worldcity":0}},{"type":"Feature","geometry":{"type":"Point","coordinates":[79.9531,23.177]},"properties":{"name":"Jabalpur","name_en":"Jabalpur","name_zh":"贾巴尔普尔","name_zht":"贾巴尔普尔","name_ja":"ジャバルプル","name_ko":"자발푸르","name_de":"Jabalpur","name_fr":"Jabalpur","name_es":"Jabalpur","name_pt":"Jabalpur","name_ru":"Джабалпур","pop_max":1285000,"featurecla":"Populated place","worldcity":0}},{"type":"Feature","geometry":{"type":"Point","coordinates":[75.8631,22.717]},"properties":{"name":"Indore","name_en":"Indore","name_zh":"印多尔","name_zht":"印多尔","name_ja":"インドール","name_ko":"인도르","name_de":"Indore","name_fr":"Indore","name_es":"Indore","name_pt":"Indore","name_ru":"Индаур","pop_max":2026000,"featurecla":"Populated place","worldcity":0}},{"type":"Feature","geometry":{"type":"Point","coordinates":[79.83,11.935]},"properties":{"name":"Pondicherry","name_en":"Pondicherry","name_zh":"Pondicherry Airport","name_zht":"本地治里","name_ja":"Pondicherry Airport","name_ko":"Pondicherry Airport","name_de":"Puducherry","name_fr":"Pondichéry","name_es":"Puducherry","name_pt":null,"name_ru":"Пондичерри","pop_max":227411,"featurecla":"Admin-1 capital","worldcity":0}},{"type":"Feature","geometry":{"type":"Point","coordinates":[78.1781,11.6719]},"properties":{"name":"Salem","name_en":"Salem","name_zh":"塞勒姆","name_zht":"塞勒姆","name_ja":"セーラム","name_ko":"살렘","name_de":"Salem","name_fr":"Salem","name_es":"Salem","name_pt":"Salem","name_ru":"Салем","pop_max":873000,"featurecla":"Populated place","worldcity":0}},{"type":"Feature","geometry":{"type":"Point","coordinates":[78.688,10.8119]},"properties":{"name":"Tiruchirappalli","name_en":"Trichy","name_zh":"蒂魯吉拉帕利","name_zht":"蒂魯吉拉帕利","name_ja":"ティルッチラーッパッリ","name_ko":"티루치라팔리","name_de":"Tiruchirappalli","name_fr":"Tiruchirappalli","name_es":"Tiruchirappalli","name_pt":"Tiruchirappalli","name_ru":"Тируччираппалли","pop_max":951000,"featurecla":"Populated place","worldcity":0}},{"type":"Feature","geometry":{"type":"Point","coordinates":[11.88,-4.77]},"properties":{"name":"Pointe-Noire","name_en":"Pointe-Noire","name_zh":"黑角","name_zht":"黑角","name_ja":"ポワントノワール","name_ko":"푸앵트누아르","name_de":"Pointe-Noire","name_fr":"Pointe-Noire","name_es":"Pointe-Noire","name_pt":"Pointe-Noire","name_ru":"Пуэнт-Нуар","pop_max":659084,"featurecla":"Populated place","worldcity":0}},{"type":"Feature","geometry":{"type":"Point","coordinates":[-9.31,10.39]},"properties":{"name":"Kankan","name_en":"Kankan","name_zh":null,"name_zht":null,"name_ja":"カンカン","name_ko":"캉칸","name_de":"Kankan","name_fr":"Kankan","name_es":"Kankan","name_pt":"Kankan","name_ru":"Канкан","pop_max":114009,"featurecla":"Admin-1 capital","worldcity":0}},{"type":"Feature","geometry":{"type":"Point","coordinates":[-8.83,7.76]},"properties":{"name":"Nzérékoré","name_en":"Nzérékoré","name_zh":null,"name_zht":null,"name_ja":"ンゼレコレ","name_ko":"은제레코레","name_de":"Nzérékoré","name_fr":"Nzérékoré","name_es":"Nzérékoré","name_pt":"Nzérékoré","name_ru":"Нзерекоре","pop_max":168121,"featurecla":"Admin-1 capital","worldcity":0}},{"type":"Feature","geometry":{"type":"Point","coordinates":[-5.03,7.69]},"properties":{"name":"Bouaké","name_en":"Bouaké","name_zh":"布瓦凯","name_zht":"布瓦凯","name_ja":"ブアケ","name_ko":"부아케","name_de":"Bouaké","name_fr":"Bouaké","name_es":"Bouaké","name_pt":"Bouaké","name_ru":"Буаке","pop_max":567481,"featurecla":"Admin-1 capital","worldcity":0}},{"type":"Feature","geometry":{"type":"Point","coordinates":[55.4481,-20.8789]},"properties":{"name":"St.-Denis","name_en":"Saint-Denis","name_zh":"圣但尼","name_zht":"圣但尼","name_ja":null,"name_ko":null,"name_de":"Saint-Denis","name_fr":"Saint-Denis","name_es":"Saint-Denis","name_pt":"Saint-Denis","name_ru":"Сен-Дени","pop_max":190047,"featurecla":"Populated place","worldcity":0}},{"type":"Feature","geometry":{"type":"Point","coordinates":[-67.8,-9.9666]},"properties":{"name":"Rio Branco","name_en":"Rio Branco","name_zh":"里約布蘭科","name_zht":"里約布蘭科","name_ja":"リオブランコ","name_ko":"히우브랑쿠","name_de":"Rio Branco","name_fr":"Rio Branco","name_es":"Rio Branco","name_pt":"Rio Branco","name_ru":"Риу-Бранку","pop_max":257642,"featurecla":"Admin-1 capital","worldcity":0}},{"type":"Feature","geometry":{"type":"Point","coordinates":[-44.2679,-2.514]},"properties":{"name":"São Luís","name_en":"São Luís","name_zh":"圣路易斯","name_zht":"圣路易斯","name_ja":"サン・ルイス","name_ko":"상루이스","name_de":"São Luís","name_fr":"São Luís","name_es":"São Luís","name_pt":"São Luís","name_ru":"Сан-Луис","pop_max":1038000,"featurecla":"Admin-1 capital","worldcity":0}},{"type":"Feature","geometry":{"type":"Point","coordinates":[-63.9,-8.75]},"properties":{"name":"Porto Velho","name_en":"Porto Velho","name_zh":"韋柳港","name_zht":"韋柳港","name_ja":"ポルト・ヴェーリョ","name_ko":"포르투벨류","name_de":"Porto Velho","name_fr":"Porto Velho","name_es":"Porto Velho","name_pt":"Porto Velho","name_ru":"Порту-Велью","pop_max":306180,"featurecla":"Admin-1 capital","worldcity":0}},{"type":"Feature","geometry":{"type":"Point","coordinates":[-49.082,-12.47]},"properties":{"name":"Alvorada","name_en":"Alvorada","name_zh":"阿尔沃拉达","name_zht":"阿尔沃拉达","name_ja":null,"name_ko":null,"name_de":"Alvorada","name_fr":"Alvorada","name_es":"Alvorada","name_pt":"Alvorada","name_ru":"Алворада","pop_max":10232,"featurecla":"Populated place","worldcity":0}},{"type":"Feature","geometry":{"type":"Point","coordinates":[-57.65,-19.016]},"properties":{"name":"Corumbá","name_en":"Corumbá","name_zh":"科倫巴","name_zht":"科倫巴","name_ja":"コルンバ","name_ko":"코룸바","name_de":"Corumbá","name_fr":"Corumbá","name_es":"Corumbá","name_pt":"Corumbá","name_ru":"Корумба","pop_max":96520,"featurecla":"Populated place","worldcity":0}},{"type":"Feature","geometry":{"type":"Point","coordinates":[-43.917,-19.9131]},"properties":{"name":"Belo Horizonte","name_en":"Belo Horizonte","name_zh":"贝洛奥里藏特","name_zht":"贝洛奥里藏特","name_ja":"ベロオリゾンチ","name_ko":"벨루오리존치","name_de":"Belo Horizonte","name_fr":"Belo Horizonte","name_es":"Belo Horizonte","name_pt":"Belo Horizonte","name_ru":"Белу-Оризонти","pop_max":5575000,"featurecla":"Admin-1 capital","worldcity":0}},{"type":"Feature","geometry":{"type":"Point","coordinates":[-43.86,-16.72]},"properties":{"name":"Montes Claros","name_en":"Montes Claros","name_zh":"蒙蒂斯克拉鲁斯","name_zht":"蒙蒂斯克拉魯斯","name_ja":null,"name_ko":null,"name_de":"Montes Claros","name_fr":"Montes Claros","name_es":"Montes Claros","name_pt":"Montes Claros","name_ru":"Монтис-Кларус","pop_max":332379,"featurecla":"Populated place","worldcity":0}},{"type":"Feature","geometry":{"type":"Point","coordinates":[-48.28,-18.9]},"properties":{"name":"Uberlândia","name_en":"Uberlândia","name_zh":"烏貝蘭迪亞","name_zht":"烏貝蘭迪亞","name_ja":"ウベルランジア","name_ko":"우베를란지아","name_de":"Uberlândia","name_fr":"Uberlândia","name_es":"Uberlândia","name_pt":"Uberlândia","name_ru":"Уберландия","pop_max":563536,"featurecla":"Populated place","worldcity":0}},{"type":"Feature","geometry":{"type":"Point","coordinates":[-55.4506,-10.8173]},"properties":{"name":"Colíder","name_en":"Colíder","name_zh":"科利德尔","name_zht":"科利德尔","name_ja":null,"name_ko":null,"name_de":"Colíder","name_fr":"Colíder","name_es":"Colíder","name_pt":"Colíder","name_ru":"Колидер","pop_max":27139,"featurecla":"Populated place","worldcity":0}},{"type":"Feature","geometry":{"type":"Point","coordinates":[-55.91,-9.9]},"properties":{"name":"Alta Floresta","name_en":"Alta Floresta","name_zh":"上弗洛雷斯塔","name_zht":"上弗洛雷斯塔","name_ja":null,"name_ko":null,"name_de":"Alta Floresta","name_fr":"Alta Floresta","name_es":"Alta Floresta","name_pt":"Alta Floresta","name_ru":"Алта-Флореста","pop_max":40466,"featurecla":"Populated place","worldcity":0}},{"type":"Feature","geometry":{"type":"Point","coordinates":[-56.0869,-15.5677]},"properties":{"name":"Cuiabá","name_en":"Cuiabá","name_zh":"库亚巴","name_zht":"库亚巴","name_ja":"クイアバ","name_ko":"쿠이아바","name_de":"Cuiabá","name_fr":"Cuiabá","name_es":"Cuiabá","name_pt":"Cuiabá","name_ru":"Куяба","pop_max":806000,"featurecla":"Admin-1 capital","worldcity":0}},{"type":"Feature","geometry":{"type":"Point","coordinates":[-52.33,-31.75]},"properties":{"name":"Pelotas","name_en":"Pelotas","name_zh":"佩洛塔斯","name_zht":"佩洛塔斯","name_ja":null,"name_ko":"펠로타스","name_de":"Pelotas","name_fr":"Pelotas","name_es":"Pelotas","name_pt":"Pelotas","name_ru":"Пелотас","pop_max":320674,"featurecla":"Populated place","worldcity":0}},{"type":"Feature","geometry":{"type":"Point","coordinates":[-51.17,-29.18]},"properties":{"name":"Caxias do Sul","name_en":"Caxias do Sul","name_zh":"南卡希亞斯","name_zht":"南卡希亞斯","name_ja":"カシアス・ド・スル","name_ko":"카시아스두술","name_de":"Caxias do Sul","name_fr":"Caxias do Sul","name_es":"Caxias do Sul","name_pt":"Caxias do Sul","name_ru":"Кашиас-ду-Сул","pop_max":381270,"featurecla":"Populated place","worldcity":0}},{"type":"Feature","geometry":{"type":"Point","coordinates":[-50.16,-25.09]},"properties":{"name":"Ponta Grossa","name_en":"Ponta Grossa","name_zh":"蓬塔格羅薩","name_zht":"蓬塔格羅薩","name_ja":null,"name_ko":null,"name_de":"Ponta Grossa","name_fr":"Ponta Grossa","name_es":"Ponta Grossa","name_pt":"Ponta Grossa","name_ru":"Понта-Гроса","pop_max":292177,"featurecla":"Populated place","worldcity":0}},{"type":"Feature","geometry":{"type":"Point","coordinates":[-42.782,-5.0931]},"properties":{"name":"Teresina","name_en":"Teresina","name_zh":"特雷西納","name_zht":"特雷西納","name_ja":"テレジーナ","name_ko":"테레지나","name_de":"Teresina","name_fr":"Teresina","name_es":"Teresina","name_pt":"Teresina","name_ru":"Терезина","pop_max":907000,"featurecla":"Admin-1 capital","worldcity":0}},{"type":"Feature","geometry":{"type":"Point","coordinates":[-35.7319,-9.618]},"properties":{"name":"Maceió","name_en":"Maceió","name_zh":"马塞约","name_zht":"马塞约","name_ja":"マセイオ","name_ko":"마세이오","name_de":"Maceió","name_fr":"Maceió","name_es":"Maceió","name_pt":"Maceió","name_ru":"Масейо","pop_max":1186000,"featurecla":"Admin-1 capital","worldcity":0}},{"type":"Feature","geometry":{"type":"Point","coordinates":[-40.84,-14.85]},"properties":{"name":"Vitória da Conquista","name_en":"Vitória da Conquista","name_zh":"维多利亚-达孔基斯塔","name_zht":"维多利亚-达孔基斯塔","name_ja":"ヴィトリア・ダ・コンキスタ","name_ko":null,"name_de":"Vitória da Conquista","name_fr":"Vitória da Conquista","name_es":"Vitória da Conquista","name_pt":"Vitória da Conquista","name_ru":"Витория-да-Конкиста","pop_max":308204,"featurecla":"Populated place","worldcity":0}},{"type":"Feature","geometry":{"type":"Point","coordinates":[-45,-12.14]},"properties":{"name":"Barreiras","name_en":"Barreiras","name_zh":"巴雷拉斯","name_zht":"巴雷拉斯","name_ja":null,"name_ko":null,"name_de":"Barreiras","name_fr":"Barreiras","name_es":"Barreiras","name_pt":"Barreiras","name_ru":"Баррейрас","pop_max":158292,"featurecla":"Populated place","worldcity":0}},{"type":"Feature","geometry":{"type":"Point","coordinates":[-40.318,-20.3676]},"properties":{"name":"Vila Velha","name_en":"Vila Velha","name_zh":"韦利亚镇","name_zht":"韦利亚镇","name_ja":"ヴィラ・ヴェーリャ","name_ko":"빌라벨랴","name_de":"Vila Velha","name_fr":"Vila Velha","name_es":"Vila Velha","name_pt":"Vila Velha","name_ru":"Вила-Велья","pop_max":1209091,"featurecla":"Populated place","worldcity":0}},{"type":"Feature","geometry":{"type":"Point","coordinates":[-35.242,-5.7781]},"properties":{"name":"Natal","name_en":"Natal","name_zh":"纳塔尔","name_zht":"纳塔尔","name_ja":"ナタル","name_ko":null,"name_de":"Natal","name_fr":"Natal","name_es":"Natal","name_pt":"Natal","name_ru":"Натал","pop_max":1088000,"featurecla":"Admin-1 capital","worldcity":0}},{"type":"Feature","geometry":{"type":"Point","coordinates":[-97.8666,55.7499]},"properties":{"name":"Thompson","name_en":"Thompson","name_zh":"汤普森","name_zht":"汤普森","name_ja":"トンプソン","name_ko":"탐슨","name_de":"Thompson","name_fr":"Thompson","name_es":"Thompson","name_pt":"Thompson","name_ru":"Томпсон","pop_max":13727,"featurecla":"Populated place","worldcity":0}},{"type":"Feature","geometry":{"type":"Point","coordinates":[-99.95,49.8333]},"properties":{"name":"Brandon","name_en":"Brandon","name_zh":"布兰登","name_zht":"布兰登","name_ja":"ブランドン","name_ko":null,"name_de":"Brandon","name_fr":"Brandon","name_es":"Brandon","name_pt":"Brandon","name_ru":"Брандон","pop_max":28418,"featurecla":"Populated place","worldcity":0}},{"type":"Feature","geometry":{"type":"Point","coordinates":[-111.8833,60]},"properties":{"name":"Fort Smith","name_en":"Fort Smith","name_zh":null,"name_zht":null,"name_ja":null,"name_ko":null,"name_de":"Fort Smith","name_fr":"Fort Smith","name_es":null,"name_pt":"Fort Smith","name_ru":"Форт-Смит","pop_max":518,"featurecla":"Populated place","worldcity":0}},{"type":"Feature","geometry":{"type":"Point","coordinates":[-111.3833,56.7333]},"properties":{"name":"Fort McMurray","name_en":"Fort McMurray","name_zh":"麦克默里堡","name_zht":"麦克默里堡","name_ja":"フォートマクマレー","name_ko":"포트맥머리","name_de":"Fort McMurray","name_fr":"Fort McMurray","name_es":"Fort Mcmurray","name_pt":"Fort McMurray","name_ru":"Форт-Мак-Мюррей","pop_max":21863,"featurecla":"Populated place","worldcity":0}},{"type":"Feature","geometry":{"type":"Point","coordinates":[-117.2833,56.2333]},"properties":{"name":"Peace River","name_en":"Peace River","name_zh":"皮斯里弗","name_zht":"皮斯河","name_ja":null,"name_ko":null,"name_de":"Peace River","name_fr":"Rivière de la Paix","name_es":"Río de la Paz","name_pt":"Rio Peace","name_ru":"Пис","pop_max":5340,"featurecla":"Populated place","worldcity":0}},{"type":"Feature","geometry":{"type":"Point","coordinates":[-120.8333,56.25]},"properties":{"name":"Fort St. John","name_en":"Fort St. John","name_zh":"聖約翰堡","name_zht":"聖約翰堡","name_ja":null,"name_ko":null,"name_de":"Fort St. John","name_fr":"Fort St. John","name_es":"Fort St. John","name_pt":"Fort St. John","name_ru":"Форт-Сент-Джон","pop_max":18776,"featurecla":"Populated place","worldcity":0}},{"type":"Feature","geometry":{"type":"Point","coordinates":[-68.5002,63.7505]},"properties":{"name":"Iqaluit","name_en":"Iqaluit","name_zh":"伊魁特","name_zht":"伊魁特","name_ja":"イカルイト","name_ko":"이칼루이트","name_de":"Iqaluit","name_fr":"Iqaluit","name_es":"Iqaluit","name_pt":"Iqaluit","name_ru":"Икалуит","pop_max":6124,"featurecla":"Admin-1 capital","worldcity":0}},{"type":"Feature","geometry":{"type":"Point","coordinates":[-105.0333,69.117]},"properties":{"name":"Cambridge Bay","name_en":"Cambridge Bay","name_zh":"剑桥湾","name_zht":"剑桥湾","name_ja":null,"name_ko":null,"name_de":"Cambridge Bay","name_fr":"Ikaluktutiak","name_es":"Cambridge Bay","name_pt":"Cambridge Bay","name_ru":"Кеймбридж-Бей","pop_max":1477,"featurecla":"Populated place","worldcity":0}},{"type":"Feature","geometry":{"type":"Point","coordinates":[-115.1254,67.7987]},"properties":{"name":"Kugluktuk","name_en":"Kugluktuk","name_zh":"库格鲁克图克","name_zht":"库格鲁克图克","name_ja":null,"name_ko":null,"name_de":"Kugluktuk","name_fr":"Kugluktuk","name_es":"Kugluktuk","name_pt":"Kugluktuk","name_ru":"Куглуктук","pop_max":1302,"featurecla":"Populated place","worldcity":0}},{"type":"Feature","geometry":{"type":"Point","coordinates":[-90.7001,63.3383]},"properties":{"name":"Chesterfield Inlet","name_en":"Chesterfield Inlet","name_zh":null,"name_zht":null,"name_ja":null,"name_ko":null,"name_de":"Chesterfield Inlet","name_fr":"Chesterfield Inlet","name_es":"Chesterfield Inlet","name_pt":"Chesterfield Inlet","name_ru":"Честерфилд-Инлет","pop_max":374,"featurecla":"Populated place","worldcity":0}},{"type":"Feature","geometry":{"type":"Point","coordinates":[-94.0586,61.1086]},"properties":{"name":"Arviat","name_en":"Arviat","name_zh":"的黎波里","name_zht":"亞懷亞特","name_ja":"トリポリ","name_ko":"트리폴리","name_de":"Arviat","name_fr":"Arviat","name_es":"Arviat","name_pt":"Arviat","name_ru":"Арвиат","pop_max":1868,"featurecla":"Populated place","worldcity":0}},{"type":"Feature","geometry":{"type":"Point","coordinates":[-93.5333,69.5333]},"properties":{"name":"Taloyoak","name_en":"Taloyoak","name_zh":null,"name_zht":null,"name_ja":null,"name_ko":null,"name_de":"Taloyoak","name_fr":"Taloyoak","name_es":null,"name_pt":"Taloyoak","name_ru":"Талойоак","pop_max":774,"featurecla":"Populated place","worldcity":0}},{"type":"Feature","geometry":{"type":"Point","coordinates":[-81.7936,69.2565]},"properties":{"name":"Igloolik","name_en":"Igloolik","name_zh":null,"name_zht":null,"name_ja":null,"name_ko":null,"name_de":"Iglulik","name_fr":"Igloolik","name_es":"Igloolik","name_pt":"Igloolik","name_ru":"Иглулик","pop_max":1612,"featurecla":"Populated place","worldcity":0}},{"type":"Feature","geometry":{"type":"Point","coordinates":[-139.4167,64.0666]},"properties":{"name":"Dawson City","name_en":"Dawson City","name_zh":"道森市","name_zht":"道森","name_ja":"ドーソン・シティ","name_ko":"도슨시티","name_de":"Dawson","name_fr":"Dawson City","name_es":"Dawson City","name_pt":"Dawson City","name_ru":"Доусон","pop_max":1319,"featurecla":"Populated place","worldcity":0}},{"type":"Feature","geometry":{"type":"Point","coordinates":[-81.3333,48.4666]},"properties":{"name":"Timmins","name_en":"Timmins","name_zh":"蒂明斯","name_zht":"蒂明斯","name_ja":"ティミンズ","name_ko":"티민스","name_de":"Timmins","name_fr":"Timmins","name_es":"Timmins","name_pt":"Timmins","name_ru":"Тимминс","pop_max":34974,"featurecla":"Populated place","worldcity":0}},{"type":"Feature","geometry":{"type":"Point","coordinates":[-79.45,46.3]},"properties":{"name":"North Bay","name_en":"North Bay","name_zh":"北灣","name_zht":"北灣","name_ja":"ノースベイ","name_ko":null,"name_de":"North Bay","name_fr":"North Bay","name_es":"North Bay","name_pt":"North Bay","name_ru":"Норт-Бей","pop_max":50170,"featurecla":"Populated place","worldcity":0}},{"type":"Feature","geometry":{"type":"Point","coordinates":[-77.7658,55.2815]},"properties":{"name":"Kuujjuarapik","name_en":"Kuujjuarapik","name_zh":null,"name_zht":null,"name_ja":null,"name_ko":null,"name_de":"Kuujjuarapik","name_fr":"Kuujjuarapik","name_es":"Kuujjuarapik","name_pt":"Kuujjuarapik","name_ru":"Кууджуарапик","pop_max":1243,"featurecla":"Populated place","worldcity":0}},{"type":"Feature","geometry":{"type":"Point","coordinates":[-68.4,58.1]},"properties":{"name":"Kuujjuaq","name_en":"Kuujjuaq","name_zh":"库朱瓦克","name_zht":"库朱瓦克","name_ja":null,"name_ko":null,"name_de":"Kuujjuaq","name_fr":"Kuujjuaq","name_es":"Kuujjuaq","name_pt":"Kuujjuaq","name_ru":"Кууджуак","pop_max":1273,"featurecla":"Populated place","worldcity":0}},{"type":"Feature","geometry":{"type":"Point","coordinates":[-60.18,46.0661]},"properties":{"name":"Sydney","name_en":"Sydney","name_zh":"的黎波里","name_zht":"悉尼","name_ja":"トリポリ","name_ko":"트리폴리","name_de":"Sydney","name_fr":"Sydney","name_es":"Sydney","name_pt":"Sydney","name_ru":"Сидней","pop_max":37538,"featurecla":"Populated place","worldcity":0}},{"type":"Feature","geometry":{"type":"Point","coordinates":[-66.9159,52.9414]},"properties":{"name":"Labrador City","name_en":"Labrador City","name_zh":"拉布拉多市","name_zht":"拉布拉多","name_ja":null,"name_ko":null,"name_de":"Labrador City","name_fr":"Labrador City","name_es":null,"name_pt":"Labrador City","name_ru":null,"pop_max":10313,"featurecla":"Populated place","worldcity":0}},{"type":"Feature","geometry":{"type":"Point","coordinates":[11.15,2.9]},"properties":{"name":"Ebolowa","name_en":"Ebolowa","name_zh":"Ébolowa","name_zht":"埃博洛瓦","name_ja":"エボロワ","name_ko":"Ébolowa","name_de":"Ebolowa","name_fr":"Ebolowa","name_es":"Ebolowa","name_pt":"Ebolowa","name_ru":"Эболова","pop_max":87875,"featurecla":"Admin-1 capital","worldcity":0}},{"type":"Feature","geometry":{"type":"Point","coordinates":[20.6672,5.762]},"properties":{"name":"Bambari","name_en":"Bambari","name_zh":"班巴里","name_zht":"班巴里","name_ja":"バンバリ","name_ko":null,"name_de":"Bambari","name_fr":"Bambari","name_es":"Bambari","name_pt":"Bambari","name_ru":"Бамбари","pop_max":62098,"featurecla":"Admin-1 capital","worldcity":0}},{"type":"Feature","geometry":{"type":"Point","coordinates":[12.335,45.4387]},"properties":{"name":"Venice","name_en":"Venice","name_zh":"威尼斯","name_zht":"威尼斯","name_ja":"ヴェネツィア","name_ko":"베니스","name_de":"Venedig","name_fr":"Venise","name_es":"Venecia","name_pt":"Veneza","name_ru":"Венеция","pop_max":270816,"featurecla":"Admin-1 region capital","worldcity":0}},{"type":"Feature","geometry":{"type":"Point","coordinates":[-72.3,-50.3333]},"properties":{"name":"El Calafate","name_en":"El Calafate","name_zh":"埃尔卡拉法特","name_zht":"埃尔卡拉法特","name_ja":"カラファテ","name_ko":"엘칼라파테","name_de":"El Calafate","name_fr":"El Calafate","name_es":"El Calafate","name_pt":"El Calafate","name_ru":"Эль-Калафате","pop_max":8000,"featurecla":"Populated place","worldcity":0}},{"type":"Feature","geometry":{"type":"Point","coordinates":[-68.52,-31.55]},"properties":{"name":"San Juan","name_en":"San Juan","name_zh":"圣胡安","name_zht":"圣胡安","name_ja":"サンフアン","name_ko":"산후안","name_de":"San Juan","name_fr":"San Juan","name_es":"San Juan","name_pt":"San Juan","name_ru":"Сан-Хуан","pop_max":447048,"featurecla":"Admin-1 capital","worldcity":0}},{"type":"Feature","geometry":{"type":"Point","coordinates":[-65.1,-43.3]},"properties":{"name":"Rawson","name_en":"Rawson","name_zh":"罗森","name_zht":"罗森","name_ja":"ラウソン","name_ko":"라우손","name_de":"Rawson","name_fr":"Rawson","name_es":"Rawson","name_pt":"Rawson","name_ru":"Росон","pop_max":26335,"featurecla":"Admin-1 capital","worldcity":0}},{"type":"Feature","geometry":{"type":"Point","coordinates":[-68.06,-38.95]},"properties":{"name":"Neuquén","name_en":"Neuquén","name_zh":"内乌肯","name_zht":"内乌肯","name_ja":"ネウケン","name_ko":"네우켄","name_de":"Neuquén","name_fr":"Neuquén","name_es":"Neuquén","name_pt":"Neuquén","name_ru":"Неукен","pop_max":242092,"featurecla":"Admin-1 capital","worldcity":0}},{"type":"Feature","geometry":{"type":"Point","coordinates":[-64.9,-14.8334]},"properties":{"name":"Trinidad","name_en":"Trinidad","name_zh":"特立尼达","name_zht":"特立尼达","name_ja":"トリニダ","name_ko":"트리니다드","name_de":"Trinidad","name_fr":"Trinidad","name_es":"Trinidad","name_pt":"Trinidad","name_ru":"Тринидад","pop_max":84259,"featurecla":"Admin-1 capital","worldcity":0}},{"type":"Feature","geometry":{"type":"Point","coordinates":[-64.3,-36.62]},"properties":{"name":"Santa Rosa","name_en":"Santa Rosa","name_zh":"聖羅莎","name_zht":"聖羅莎","name_ja":"サンタローサ","name_ko":"산타로사","name_de":"Santa Rosa de Toay","name_fr":"Santa Rosa","name_es":"Santa Rosa","name_pt":"Santa Rosa","name_ru":"Санта-Роса","pop_max":111424,"featurecla":"Admin-1 capital","worldcity":0}},{"type":"Feature","geometry":{"type":"Point","coordinates":[-71.3,-41.15]},"properties":{"name":"San Carlos de Bariloche","name_en":"San Carlos de Bariloche","name_zh":"圣卡洛斯-德巴里洛切","name_zht":"圣卡洛斯-德巴里洛切","name_ja":"サン・カルロス・デ・バリローチェ","name_ko":"산카를로스데바릴로체","name_de":"Bariloche","name_fr":"San Carlos de Bariloche","name_es":"San Carlos de Bariloche","name_pt":"Bariloche","name_ru":"Сан-Карлос-де-Барилоче","pop_max":95394,"featurecla":"Populated place","worldcity":0}},{"type":"Feature","geometry":{"type":"Point","coordinates":[-65.4166,-24.7834]},"properties":{"name":"Salta","name_en":"Salta","name_zh":"萨尔塔","name_zht":"萨尔塔","name_ja":"サルタ","name_ko":"살타","name_de":"Salta","name_fr":"Salta","name_es":"Salta","name_pt":"Salta","name_ru":"Сальта","pop_max":512686,"featurecla":"Admin-1 capital","worldcity":0}},{"type":"Feature","geometry":{"type":"Point","coordinates":[-65.2186,-26.8141]},"properties":{"name":"Tucumán","name_en":"San Miguel de Tucumán","name_zh":"聖米格爾-德-圖庫曼","name_zht":"聖米格爾-德-圖庫曼","name_ja":null,"name_ko":null,"name_de":"San Miguel de Tucumán","name_fr":"San Miguel de Tucumán","name_es":"San Miguel de Tucumán","name_pt":"San Miguel de Tucumán","name_ru":"Сан-Мигель-де-Тукуман","pop_max":830000,"featurecla":"Admin-1 capital","worldcity":0}},{"type":"Feature","geometry":{"type":"Point","coordinates":[-58.1828,-26.1728]},"properties":{"name":"Formosa","name_en":"Formosa","name_zh":"福莫萨","name_zht":"福莫萨","name_ja":"フォルモーサ","name_ko":"포르모사","name_de":"Formosa","name_fr":"Formosa","name_es":"Formosa","name_pt":"Formosa","name_ru":"Формоса","pop_max":221383,"featurecla":"Admin-1 capital","worldcity":0}},{"type":"Feature","geometry":{"type":"Point","coordinates":[-60.69,-31.6239]},"properties":{"name":"Santa Fe","name_en":"Santa Fe","name_zh":"圣菲","name_zht":"圣菲","name_ja":"サンタフェ","name_ko":null,"name_de":"Santa Fe","name_fr":"Santa Fe","name_es":"Santa Fe","name_pt":"Santa Fé","name_ru":"Санта-Фе","pop_max":489505,"featurecla":"Admin-1 capital","worldcity":0}},{"type":"Feature","geometry":{"type":"Point","coordinates":[-60.6683,-32.9492]},"properties":{"name":"Rosario","name_en":"Rosario","name_zh":"罗萨里奥","name_zht":"罗萨里奥","name_ja":"ロサリオ","name_ko":"로사리오","name_de":"Rosario","name_fr":"Rosario","name_es":"Rosario","name_pt":"Rosário","name_ru":"Росарио","pop_max":1203000,"featurecla":"Populated place","worldcity":0}},{"type":"Feature","geometry":{"type":"Point","coordinates":[-47.102,-22.8981]},"properties":{"name":"Campinas","name_en":"Campinas","name_zh":"坎皮纳斯","name_zht":"坎皮纳斯","name_ja":"カンピーナス","name_ko":"캄피나스","name_de":"Campinas","name_fr":"Campinas","name_es":"Campinas","name_pt":"Campinas","name_ru":"Кампинас","pop_max":2791000,"featurecla":"Populated place","worldcity":0}},{"type":"Feature","geometry":{"type":"Point","coordinates":[-47.47,-23.49]},"properties":{"name":"Sorocaba","name_en":"Sorocaba","name_zh":"索羅卡巴","name_zht":"索羅卡巴","name_ja":"ソロカーバ","name_ko":"소로카바","name_de":"Sorocaba","name_fr":"Sorocaba","name_es":"Sorocaba","name_pt":"Sorocaba","name_ru":"Сорокаба","pop_max":563281,"featurecla":"Populated place","worldcity":0}},{"type":"Feature","geometry":{"type":"Point","coordinates":[-47.83,-21.17]},"properties":{"name":"Ribeirão Preto","name_en":"Ribeirão Preto","name_zh":"里貝朗普雷圖","name_zht":"里貝朗普雷圖","name_ja":"リベイラン・プレト","name_ko":"히베이랑프레투","name_de":"Ribeirão Preto","name_fr":"Ribeirão Preto","name_es":"Ribeirão Preto","name_pt":"Ribeirão Preto","name_ru":"Рибейран-Прету","pop_max":551267,"featurecla":"Populated place","worldcity":0}},{"type":"Feature","geometry":{"type":"Point","coordinates":[-40.51,-9.38]},"properties":{"name":"Petrolina","name_en":"Petrolina","name_zh":"彼得羅利納","name_zht":"彼得羅利納","name_ja":null,"name_ko":null,"name_de":"Petrolina","name_fr":"Petrolina","name_es":"Petrolina","name_pt":"Petrolina","name_ru":"Петролина","pop_max":260985,"featurecla":"Populated place","worldcity":0}},{"type":"Feature","geometry":{"type":"Point","coordinates":[10.15,5.96]},"properties":{"name":"Bamenda","name_en":"Bamenda","name_zh":"巴门达","name_zht":"巴门达","name_ja":"バメンダ","name_ko":"바멘다","name_de":"Bamenda","name_fr":"Bamenda","name_es":"Bamenda","name_pt":"Bamenda","name_ru":"Баменда","pop_max":445299,"featurecla":"Admin-1 capital","worldcity":0}},{"type":"Feature","geometry":{"type":"Point","coordinates":[13.39,9.3]},"properties":{"name":"Garoua","name_en":"Garoua","name_zh":"加鲁阿","name_zht":"加鲁阿","name_ja":"ガルア","name_ko":"가루아","name_de":"Garoua","name_fr":"Garoua","name_es":"Garua","name_pt":"Garoua","name_ru":"Гаруа","pop_max":436899,"featurecla":"Admin-1 capital","worldcity":0}},{"type":"Feature","geometry":{"type":"Point","coordinates":[62.17,34.33]},"properties":{"name":"Herat","name_en":"Herat","name_zh":"赫拉特","name_zht":"赫拉特","name_ja":"ヘラート","name_ko":"Herāt","name_de":"Herat","name_fr":"Hérat","name_es":"Herāt","name_pt":"Herat","name_ru":"Герат","pop_max":481009,"featurecla":"Admin-1 capital","worldcity":0}},{"type":"Feature","geometry":{"type":"Point","coordinates":[67.1,36.7]},"properties":{"name":"Mazar-e Sharif","name_en":"Mazar-i-Sharif","name_zh":"Mazār-e Sharīf","name_zht":"马扎里沙里夫","name_ja":"マザーリシャリーフ","name_ko":"마자르이샤리프","name_de":"Masar-e Scharif","name_fr":"Mazâr-e Charîf","name_es":"Mazari Sharif","name_pt":"Mazar-e Sharif","name_ru":"Мазари-Шариф","pop_max":458151,"featurecla":"Admin-1 capital","worldcity":0}},{"type":"Feature","geometry":{"type":"Point","coordinates":[103.2,13.1]},"properties":{"name":"Battambang","name_en":"Battambang","name_zh":"马德望","name_zht":"马德望","name_ja":"バタンバン","name_ko":"바탐방","name_de":"Battambang","name_fr":"Battambang","name_es":"Ciudad de Battambang","name_pt":"Battambang","name_ru":"Баттамбанг","pop_max":154773,"featurecla":"Admin-1 capital","worldcity":0}},{"type":"Feature","geometry":{"type":"Point","coordinates":[103.85,13.3666]},"properties":{"name":"Siem Reap","name_en":"Siem Reap","name_zh":"暹粒省","name_zht":"暹粒","name_ja":"シェムリアップ","name_ko":"시엠레아프","name_de":"Siem Reap","name_fr":"Siem Reap","name_es":"Siem Riep","name_pt":"Siem Reap","name_ru":"Сиемреап","pop_max":109398,"featurecla":"Admin-1 capital","worldcity":0}},{"type":"Feature","geometry":{"type":"Point","coordinates":[16.34,-9.54]},"properties":{"name":"Malanje","name_en":"Malanje","name_zh":"馬蘭哲","name_zht":"馬蘭哲","name_ja":"マランジェ","name_ko":null,"name_de":"Malanje","name_fr":"Malanje","name_es":"Malanje","name_pt":"Malanje","name_ru":"Маланже","pop_max":125856,"featurecla":"Admin-1 capital","worldcity":0}},{"type":"Feature","geometry":{"type":"Point","coordinates":[13.4072,-12.5783]},"properties":{"name":"Benguela","name_en":"Benguela","name_zh":"本吉拉","name_zht":"本吉拉","name_ja":"ベンゲラ","name_ko":null,"name_de":"Benguela","name_fr":"Benguela","name_es":"Benguela","name_pt":"Benguela","name_ru":"Бенгела","pop_max":151226,"featurecla":"Admin-1 capital","worldcity":0}},{"type":"Feature","geometry":{"type":"Point","coordinates":[13.49,-14.91]},"properties":{"name":"Lubango","name_en":"Lubango","name_zh":"盧班戈","name_zht":"盧班戈","name_ja":"ルバンゴ","name_ko":"루방구","name_de":"Lubango","name_fr":"Lubango","name_es":"Lubango","name_pt":"Lubango","name_ru":"Лубанго","pop_max":125632,"featurecla":"Admin-1 capital","worldcity":0}},{"type":"Feature","geometry":{"type":"Point","coordinates":[12.16,-15.19]},"properties":{"name":"Namibe","name_en":"Namibe","name_zh":"Namibe Airport","name_zht":"納米貝","name_ja":"Namibe Airport","name_ko":"Namibe Airport","name_de":"Namibe","name_fr":"Namibe","name_es":"Namibe","name_pt":"Namibe","name_ru":"Намибе","pop_max":132900,"featurecla":"Admin-1 capital","worldcity":0}},{"type":"Feature","geometry":{"type":"Point","coordinates":[-64.75,-21.5167]},"properties":{"name":"Tarija","name_en":"Tarija","name_zh":"塔里哈","name_zht":"塔里哈","name_ja":"タリハ","name_ko":"타리하","name_de":"Tarija","name_fr":"Tarija","name_es":"Tarija","name_pt":"Tarija","name_ru":"Тариха","pop_max":159269,"featurecla":"Admin-1 capital","worldcity":0}},{"type":"Feature","geometry":{"type":"Point","coordinates":[-59.6165,13.102]},"properties":{"name":"Bridgetown","name_en":"Bridgetown","name_zh":"布里奇敦","name_zht":"布里奇敦","name_ja":"ブリッジタウン","name_ko":"브리지타운","name_de":"Bridgetown","name_fr":"Bridgetown","name_es":"Bridgetown","name_pt":"Bridgetown","name_ru":"Бриджтаун","pop_max":191152,"featurecla":"Admin-0 capital","worldcity":0}},{"type":"Feature","geometry":{"type":"Point","coordinates":[7.76,36.92]},"properties":{"name":"Annaba","name_en":"Annaba","name_zh":"安纳巴","name_zht":"安纳巴","name_ja":"アンナバ","name_ko":"안나바","name_de":"Annaba","name_fr":"Annaba","name_es":"Annaba","name_pt":"Annaba","name_ru":"Аннаба","pop_max":503524,"featurecla":"Admin-1 capital","worldcity":0}},{"type":"Feature","geometry":{"type":"Point","coordinates":[2.62,9.34]},"properties":{"name":"Parakou","name_en":"Parakou","name_zh":"帕拉庫","name_zht":"帕拉庫","name_ja":"パラクー","name_ko":"파라쿠","name_de":"Parakou","name_fr":"Parakou","name_es":"Parakou","name_pt":"Parakou","name_ru":"Параку","pop_max":188853,"featurecla":"Admin-1 capital","worldcity":0}},{"type":"Feature","geometry":{"type":"Point","coordinates":[2.6166,6.4833]},"properties":{"name":"Porto-Novo","name_en":"Porto-Novo","name_zh":"新港","name_zht":"波多诺伏","name_ja":"ポルトノボ","name_ko":"포르토노보","name_de":"Porto-Novo","name_fr":"Porto-Novo","name_es":"Porto Novo","name_pt":"Porto-Novo","name_ru":"Порто-Ново","pop_max":300000,"featurecla":"Admin-0 capital alt","worldcity":0}},{"type":"Feature","geometry":{"type":"Point","coordinates":[6.5999,36.36]},"properties":{"name":"Constantine","name_en":"Constantine","name_zh":"君士坦丁","name_zht":"君士坦丁","name_ja":"コンスタンティーヌ","name_ko":null,"name_de":"Constantine","name_fr":"Constantine","name_es":"Constantina","name_pt":"Constantina","name_ru":"Константина","pop_max":605179,"featurecla":"Admin-1 capital","worldcity":0}},{"type":"Feature","geometry":{"type":"Point","coordinates":[23.7,52.1]},"properties":{"name":"Brest","name_en":"Brest","name_zh":"布列斯特","name_zht":"布列斯特","name_ja":"ブレスト","name_ko":"브레스트","name_de":"Brest","name_fr":"Brest","name_es":"Brest","name_pt":"Brest","name_ru":"Брест","pop_max":300715,"featurecla":"Admin-1 capital","worldcity":0}},{"type":"Feature","geometry":{"type":"Point","coordinates":[89.5581,22.8419]},"properties":{"name":"Khulna","name_en":"Khulna","name_zh":"库尔纳市","name_zht":"库尔纳","name_ja":"クルナ","name_ko":"쿨나","name_de":"Khulna","name_fr":"Khulnâ","name_es":"Khulna","name_pt":"Khulna","name_ru":"Кхулна","pop_max":1553000,"featurecla":"Admin-1 capital","worldcity":0}},{"type":"Feature","geometry":{"type":"Point","coordinates":[27.5,-21.17]},"properties":{"name":"Francistown","name_en":"Francistown","name_zh":"弗朗西斯敦","name_zht":"弗朗西斯敦","name_ja":"フランシスタウン","name_ko":"프랜시스타운","name_de":"Francistown","name_fr":"Francistown","name_es":"Francistown","name_pt":"Francistown","name_ru":"Франсистаун","pop_max":89979,"featurecla":"Populated place","worldcity":0}},{"type":"Feature","geometry":{"type":"Point","coordinates":[26.82,-23.1]},"properties":{"name":"Mahalapye","name_en":"Mahalapye","name_zh":"馬哈拉佩","name_zht":"馬哈拉佩","name_ja":"マハラピエ","name_ko":"마할라피에","name_de":"Mahalapye","name_fr":"Mahalapye","name_es":"Mahalapye","name_pt":"Mahalapye","name_ru":"Махалапье","pop_max":50744,"featurecla":"Populated place","worldcity":0}},{"type":"Feature","geometry":{"type":"Point","coordinates":[26.71,-22.39]},"properties":{"name":"Serowe","name_en":"Serowe","name_zh":"塞罗韦","name_zht":"塞罗韦","name_ja":"セロウェ","name_ko":"세로웨","name_de":"Serowe","name_fr":"Serowe","name_es":"Serowe","name_pt":"Serowe","name_ru":"Серове","pop_max":48573,"featurecla":"Admin-1 capital","worldcity":0}},{"type":"Feature","geometry":{"type":"Point","coordinates":[132.2666,-14.4666]},"properties":{"name":"Katherine","name_en":"Katherine","name_zh":null,"name_zht":null,"name_ja":"キャサリン","name_ko":null,"name_de":"Katherine","name_fr":"Katherine","name_es":"Katherine","name_pt":"Katherine","name_ru":"Кэтрин","pop_max":10141,"featurecla":"Populated place","worldcity":0}},{"type":"Feature","geometry":{"type":"Point","coordinates":[115.3487,-33.6564]},"properties":{"name":"Busselton","name_en":"Busselton","name_zh":null,"name_zht":null,"name_ja":"バッセルトン","name_ko":null,"name_de":"Busselton","name_fr":"Busselton","name_es":"Busselton","name_pt":"Busselton","name_ru":null,"pop_max":10214,"featurecla":"Populated place","worldcity":0}},{"type":"Feature","geometry":{"type":"Point","coordinates":[115.7471,-32.5235]},"properties":{"name":"Mandurah","name_en":"Mandurah","name_zh":"曼杜拉","name_zht":"曼杜拉","name_ja":"マンジュラ","name_ko":"만두라","name_de":"Mandurah","name_fr":"Mandurah","name_es":"Mandurah","name_pt":"Mandurah","name_ru":"Манджера","pop_max":73356,"featurecla":"Populated place","worldcity":0}},{"type":"Feature","geometry":{"type":"Point","coordinates":[122.2308,-17.9618]},"properties":{"name":"Broome","name_en":"Broome","name_zh":"布鲁姆","name_zht":"布鲁姆","name_ja":"ブルーム","name_ko":"브룸","name_de":"Broome","name_fr":"Broome","name_es":"Broome","name_pt":"Broome","name_ru":"Брум","pop_max":13218,"featurecla":"Populated place","worldcity":0}},{"type":"Feature","geometry":{"type":"Point","coordinates":[121.46,-30.7354]},"properties":{"name":"Kalgoorlie","name_en":"Kalgoorlie","name_zh":"卡尔古利","name_zht":"卡尔古利","name_ja":"カルグーリー","name_ko":"캘굴리","name_de":"Kalgoorlie-Boulder","name_fr":"Kalgoorlie","name_es":"Kalgoorlie","name_pt":"Kalgoorlie","name_ru":"Калгурли","pop_max":36852,"featurecla":"Populated place","worldcity":0}},{"type":"Feature","geometry":{"type":"Point","coordinates":[117.8916,-35.0169]},"properties":{"name":"Albany","name_en":"Albany","name_zh":"奧班尼","name_zht":"奧班尼","name_ja":"アルバニー","name_ko":"올버니","name_de":"Albany","name_fr":"Albany","name_es":"Albany","name_pt":"Albany","name_ru":"Албани","pop_max":26445,"featurecla":"Populated place","worldcity":0}},{"type":"Feature","geometry":{"type":"Point","coordinates":[118.606,-20.3104]},"properties":{"name":"Port Hedland","name_en":"Port Hedland","name_zh":null,"name_zht":null,"name_ja":"ポートヘッドランド","name_ko":"포트헤들랜드","name_de":"Port Hedland","name_fr":"Port Hedland","name_es":"Port Hedland","name_pt":"Port Hedland","name_ru":"Порт-Хедленд","pop_max":14288,"featurecla":"Populated place","worldcity":0}},{"type":"Feature","geometry":{"type":"Point","coordinates":[116.87,-20.7304]},"properties":{"name":"Karratha","name_en":"Karratha","name_zh":"卡拉薩","name_zht":"卡拉薩","name_ja":"カラータ","name_ko":null,"name_de":"Karratha","name_fr":"Karratha","name_es":"Karratha","name_pt":"Karratha","name_ru":"Каррата","pop_max":16796,"featurecla":"Populated place","worldcity":0}},{"type":"Feature","geometry":{"type":"Point","coordinates":[114.6,-28.7666]},"properties":{"name":"Geraldton","name_en":"Geraldton","name_zh":"傑拉爾頓","name_zht":"傑拉爾頓","name_ja":"ジェラルトン","name_ko":"제럴턴","name_de":"Geraldton","name_fr":"Geraldton","name_es":"Geraldton","name_pt":"Geraldton","name_ru":"Джералдтон","pop_max":27258,"featurecla":"Populated place","worldcity":0}},{"type":"Feature","geometry":{"type":"Point","coordinates":[146.04,-34.29]},"properties":{"name":"Griffith","name_en":"Griffith","name_zh":"葛瑞菲斯","name_zht":"葛瑞菲斯","name_ja":"グリフィス","name_ko":null,"name_de":"Griffith","name_fr":"Griffith","name_es":null,"name_pt":null,"name_ru":"Гриффит","pop_max":15455,"featurecla":"Populated place","worldcity":0}},{"type":"Feature","geometry":{"type":"Point","coordinates":[149.1,-33.28]},"properties":{"name":"Orange","name_en":"Orange","name_zh":"奧蘭治","name_zht":"奧蘭治","name_ja":null,"name_ko":null,"name_de":"Orange","name_fr":"Orange","name_es":"Orange","name_pt":"Orange","name_ru":"Ориндж","pop_max":39329,"featurecla":"Populated place","worldcity":0}},{"type":"Feature","geometry":{"type":"Point","coordinates":[148.5973,-32.26]},"properties":{"name":"Dubbo","name_en":"Dubbo","name_zh":"多寶","name_zht":"多寶","name_ja":"ダボ","name_ko":"더보","name_de":"Dubbo","name_fr":"Dubbo","name_es":"Dubbo","name_pt":"Dubbo","name_ru":"Даббо","pop_max":31574,"featurecla":"Populated place","worldcity":0}},{"type":"Feature","geometry":{"type":"Point","coordinates":[151.6675,-30.5123]},"properties":{"name":"Armidale","name_en":"Armidale","name_zh":"阿米代尔","name_zht":"阿米代尔","name_ja":"アーミデイル","name_ko":"아미데일","name_de":"Armidale","name_fr":"Armidale","name_es":"Armidale","name_pt":"Armidale","name_ru":"Армидейл","pop_max":22673,"featurecla":"Populated place","worldcity":0}},{"type":"Feature","geometry":{"type":"Point","coordinates":[141.4331,-31.95]},"properties":{"name":"Broken Hill","name_en":"Broken Hill","name_zh":"布罗肯希尔","name_zht":"布罗肯希尔","name_ja":"ブロークンヒル","name_ko":"브로큰힐","name_de":"Broken Hill","name_fr":"Broken Hill","name_es":"Broken Hill","name_pt":"Broken Hill","name_ru":"Брокен-Хилл","pop_max":17395,"featurecla":"Populated place","worldcity":0}},{"type":"Feature","geometry":{"type":"Point","coordinates":[135.8666,-34.7332]},"properties":{"name":"Port Lincoln","name_en":"Port Lincoln","name_zh":"林肯港","name_zht":"林肯港","name_ja":"ポートリンカーン","name_ko":"포트링컨","name_de":"Port Lincoln","name_fr":"Port Lincoln","name_es":"Port Lincoln","name_pt":"Port Lincoln","name_ru":"Порт-Линкольн","pop_max":13630,"featurecla":"Populated place","worldcity":0}},{"type":"Feature","geometry":{"type":"Point","coordinates":[137.5614,-33.025]},"properties":{"name":"Whyalla","name_en":"Whyalla","name_zh":"怀阿拉","name_zht":"怀阿拉","name_ja":"ホイアラ","name_ko":"화이앨라","name_de":"Whyalla","name_fr":"Whyalla","name_es":"Whyalla","name_pt":"Whyalla","name_ru":"Уайалла","pop_max":22559,"featurecla":"Populated place","worldcity":0}},{"type":"Feature","geometry":{"type":"Point","coordinates":[141.59,-38.34]},"properties":{"name":"Portland","name_en":"Portland","name_zh":"波特蘭","name_zht":"波特蘭","name_ja":null,"name_ko":null,"name_de":"Portland","name_fr":"Portland","name_es":"Portland","name_pt":"Portland","name_ru":"Портленд","pop_max":11808,"featurecla":"Populated place","worldcity":0}},{"type":"Feature","geometry":{"type":"Point","coordinates":[144.28,-36.76]},"properties":{"name":"Bendigo","name_en":"Bendigo","name_zh":"本迪戈","name_zht":"本迪戈","name_ja":"ベンディゴ","name_ko":"벤디고","name_de":"Bendigo","name_fr":"Bendigo","name_es":"Bendigo","name_pt":"Bendigo","name_ru":"Бендиго","pop_max":81657,"featurecla":"Populated place","worldcity":0}},{"type":"Feature","geometry":{"type":"Point","coordinates":[146.3,-36.36]},"properties":{"name":"Wangaratta","name_en":"Wangaratta","name_zh":"旺加拉塔","name_zht":"旺加拉塔","name_ja":"ワンガラタ","name_ko":"왕가라타","name_de":"Wangaratta","name_fr":"Wangaratta","name_es":"Wangaratta","name_pt":"Wangaratta","name_ru":"Уонгаратта","pop_max":14022,"featurecla":"Populated place","worldcity":0}},{"type":"Feature","geometry":{"type":"Point","coordinates":[142.6502,-25.4332]},"properties":{"name":"Windorah","name_en":"Windorah","name_zh":null,"name_zht":null,"name_ja":null,"name_ko":null,"name_de":"Windorah","name_fr":"Windorah","name_es":"Windorah","name_pt":"Windorah","name_ru":null,"pop_max":158,"featurecla":"Populated place","worldcity":0}},{"type":"Feature","geometry":{"type":"Point","coordinates":[139.49,-20.7239]},"properties":{"name":"Mount Isa","name_en":"Mount Isa","name_zh":"伊薩山","name_zht":"伊薩山","name_ja":"マウント・アイザ","name_ko":"마운트아이자","name_de":"Mount Isa","name_fr":"Mount Isa","name_es":"Mount Isa","name_pt":"Mount Isa","name_ru":"Маунт-Айза","pop_max":33200,"featurecla":"Populated place","worldcity":0}},{"type":"Feature","geometry":{"type":"Point","coordinates":[150.52,-23.3639]},"properties":{"name":"Rockhampton","name_en":"Rockhampton","name_zh":"洛坎普頓","name_zht":"洛坎普頓","name_ja":"ロックハンプトン","name_ko":"록햄프턴","name_de":"Rockhampton","name_fr":"Rockhampton","name_es":"Rockhampton","name_pt":null,"name_ru":"Рокгемптон","pop_max":65850,"featurecla":"Populated place","worldcity":0}},{"type":"Feature","geometry":{"type":"Point","coordinates":[145.7633,-16.8878]},"properties":{"name":"Cairns","name_en":"Cairns","name_zh":"凱恩斯","name_zht":"凱恩斯","name_ja":"ケアンズ","name_ko":"케언스","name_de":"Cairns","name_fr":"Cairns","name_es":"Cairns","name_pt":"Cairns","name_ru":"Кэрнс","pop_max":154225,"featurecla":"Populated place","worldcity":0}},{"type":"Feature","geometry":{"type":"Point","coordinates":[153.4482,-28.0815]},"properties":{"name":"Gold Coast","name_en":"Gold Coast","name_zh":"黃金海岸","name_zht":"黄金海岸","name_ja":"ゴールドコースト","name_ko":null,"name_de":"Gold Coast","name_fr":"Gold Coast","name_es":"Gold Coast","name_pt":"Gold Coast","name_ru":"Голд-Кост","pop_max":527660,"featurecla":"Populated place","worldcity":0}},{"type":"Feature","geometry":{"type":"Point","coordinates":[146.3311,-41.1927]},"properties":{"name":"Devonport","name_en":"Devonport","name_zh":"德文港","name_zht":"德文港","name_ja":"デボンポート","name_ko":"데본포트","name_de":"Devonport","name_fr":"Devonport","name_es":"Devonport","name_pt":"Devonport","name_ru":"Девонпорт","pop_max":19317,"featurecla":"Populated place","worldcity":0}},{"type":"Feature","geometry":{"type":"Point","coordinates":[-4.29,11.18]},"properties":{"name":"Bobo Dioulasso","name_en":"Bobo Dioulasso","name_zh":"博博迪烏拉索機場","name_zht":"博博迪乌拉索","name_ja":"ボボ・ディウラッソ空港","name_ko":"보보디울라소 공항","name_de":"Bobo-Dioulasso","name_fr":"Bobo-Dioulasso","name_es":"Bobo-Dioulasso","name_pt":"Bobo Dioulasso","name_ru":"Бобо-Диуласо","pop_max":360106,"featurecla":"Admin-1 capital","worldcity":0}},{"type":"Feature","geometry":{"type":"Point","coordinates":[88.6031,24.3769]},"properties":{"name":"Rajshahi","name_en":"Rajshahi","name_zh":"拉杰沙希","name_zht":"拉杰沙希","name_ja":"ラージシャヒ","name_ko":null,"name_de":"Rajshahi","name_fr":"Râjshâhî","name_es":"Rajshahi","name_pt":"Rajshahi","name_ru":"Раджшахи","pop_max":810000,"featurecla":"Admin-1 capital","worldcity":0}},{"type":"Feature","geometry":{"type":"Point","coordinates":[96.0831,21.9719]},"properties":{"name":"Mandalay","name_en":"Mandalay","name_zh":"曼德勒","name_zht":"曼德勒","name_ja":"マンダレー","name_ko":"만달레이","name_de":"Mandalay","name_fr":"Mandalay","name_es":"Mandalay","name_pt":"Mandalay","name_ru":"Мандалай","pop_max":1300000,"featurecla":"Admin-1 capital","worldcity":0}},{"type":"Feature","geometry":{"type":"Point","coordinates":[92.88,20.14]},"properties":{"name":"Sittwe","name_en":"Sittwe","name_zh":"实兑","name_zht":"实兑","name_ja":"シットウェ","name_ko":"시트웨","name_de":"Sittwe","name_fr":"Sittwe","name_es":"Sittwe","name_pt":"Sittwe","name_ru":"Ситуэ","pop_max":179032,"featurecla":"Admin-1 capital","worldcity":0}},{"type":"Feature","geometry":{"type":"Point","coordinates":[29.36,-3.3761]},"properties":{"name":"Bujumbura","name_en":"Bujumbura","name_zh":"布琼布拉","name_zht":"布琼布拉","name_ja":"ブジュンブラ","name_ko":"부줌부라","name_de":"Bujumbura","name_fr":"Bujumbura","name_es":"Buyumbura","name_pt":"Bujumbura","name_ru":"Бужумбура","pop_max":331700,"featurecla":"Admin-0 capital","worldcity":0}},{"type":"Feature","geometry":{"type":"Point","coordinates":[-170.7066,-14.2766]},"properties":{"name":"Pago Pago","name_en":"Pago Pago","name_zh":"帕果帕果","name_zht":"帕果帕果","name_ja":"パゴパゴ","name_ko":"파고파고","name_de":"Pago Pago","name_fr":"Pago Pago","name_es":"Pago Pago","name_pt":"Pago Pago","name_ru":"Паго-Паго","pop_max":12576,"featurecla":"Admin-0 region capital","worldcity":0}},{"type":"Feature","geometry":{"type":"Point","coordinates":[-61.2121,13.1483]},"properties":{"name":"Kingstown","name_en":"Kingstown","name_zh":"金斯敦","name_zht":"金斯敦","name_ja":"キングスタウン","name_ko":"킹스타운","name_de":"Kingstown","name_fr":"Kingstown","name_es":"Kingstown","name_pt":"Kingstown","name_ru":"Кингстаун","pop_max":49485,"featurecla":"Admin-0 capital","worldcity":0}},{"type":"Feature","geometry":{"type":"Point","coordinates":[-61,14.002]},"properties":{"name":"Castries","name_en":"Castries","name_zh":"卡斯特里","name_zht":"卡斯特里","name_ja":"カストリーズ","name_ko":"캐스트리스","name_de":"Castries","name_fr":"Castries","name_es":"Castries","name_pt":"Castries","name_ru":"Кастри","pop_max":37963,"featurecla":"Admin-0 capital","worldcity":0}},{"type":"Feature","geometry":{"type":"Point","coordinates":[-62.717,17.302]},"properties":{"name":"Basseterre","name_en":"Basseterre","name_zh":"巴斯特尔","name_zht":"巴斯特尔","name_ja":"バセテール","name_ko":"바스테르","name_de":"Basseterre","name_fr":"Basseterre","name_es":"Basseterre","name_pt":"Basseterre","name_ru":"Бастер","pop_max":21887,"featurecla":"Admin-0 capital","worldcity":0}},{"type":"Feature","geometry":{"type":"Point","coordinates":[-15.43,28.1]},"properties":{"name":"Las Palmas","name_en":"Las Palmas","name_zh":"Las Palmas de Gran Canaria","name_zht":"拉斯帕尔马斯","name_ja":"ラス・パルマス・デ・グラン・カナリア","name_ko":"Las Palmas de Gran Canaria","name_de":"Las Palmas","name_fr":"Las Palmas","name_es":"Las Palmas","name_pt":"Las Palmas","name_ru":"Лас-Пальмас-де-Гран-Канария","pop_max":378495,"featurecla":"Populated place","worldcity":0}},{"type":"Feature","geometry":{"type":"Point","coordinates":[45.0164,10.4356]},"properties":{"name":"Berbera","name_en":"Berbera","name_zh":"柏培拉","name_zht":"柏培拉","name_ja":"ベルベラ","name_ko":"베르베라","name_de":"Berbera","name_fr":"Berbera","name_es":"Berbera","name_pt":"Berbera","name_ru":"Бербера","pop_max":242344,"featurecla":"Populated place","worldcity":0}},{"type":"Feature","geometry":{"type":"Point","coordinates":[57.5,-20.1666]},"properties":{"name":"Port Louis","name_en":"Port Louis","name_zh":"路易港","name_zht":"路易港","name_ja":"ポートルイス","name_ko":"포트루이스","name_de":"Port Louis","name_fr":"Port-Louis","name_es":"Port Louis","name_pt":"Port Louis","name_ru":"Порт-Луи","pop_max":595491,"featurecla":"Admin-0 capital","worldcity":0}},{"type":"Feature","geometry":{"type":"Point","coordinates":[34.445,31.53]},"properties":{"name":"Gaza","name_en":"Gaza City","name_zh":"加沙","name_zht":"加薩","name_ja":"ガザ","name_ko":"가자","name_de":"Gaza","name_fr":"Gaza","name_es":"Gaza","name_pt":"Gaza","name_ru":"Газа","pop_max":505700,"featurecla":"Admin-0 region capital","worldcity":0}},{"type":"Feature","geometry":{"type":"Point","coordinates":[-61.7416,12.0526]},"properties":{"name":"Saint George's","name_en":"St. George's","name_zh":"圣乔治","name_zht":"圣乔治","name_ja":"セントジョージズ","name_ko":"세인트조지스","name_de":"St. George’s","name_fr":"Saint-Georges","name_es":"Saint George","name_pt":"Saint George's","name_ru":"Сент-Джорджес","pop_max":33734,"featurecla":"Admin-0 capital","worldcity":0}},{"type":"Feature","geometry":{"type":"Point","coordinates":[-149.5667,-17.5334]},"properties":{"name":"Papeete","name_en":"Papeete","name_zh":"帕皮提","name_zht":"帕皮提","name_ja":"パペーテ","name_ko":"파페에테","name_de":"Papeete","name_fr":"Papeete","name_es":"Papeete","name_pt":"Papeete","name_ru":"Папеэте","pop_max":131695,"featurecla":"Admin-0 region capital","worldcity":0}},{"type":"Feature","geometry":{"type":"Point","coordinates":[50.5831,26.2361]},"properties":{"name":"Manama","name_en":"Manama","name_zh":"麦纳麦","name_zht":"麦纳麦","name_ja":"マナーマ","name_ko":"마나마","name_de":"Manama","name_fr":"Manama","name_es":"Manama","name_pt":"Manama","name_ru":"Манама","pop_max":563920,"featurecla":"Admin-0 capital","worldcity":0}},{"type":"Feature","geometry":{"type":"Point","coordinates":[-78.7,26.5333]},"properties":{"name":"Freeport","name_en":"Freeport","name_zh":"自由港","name_zht":"自由港","name_ja":"フリーポート","name_ko":null,"name_de":"Freeport","name_fr":"Freeport","name_es":"Freeport","name_pt":"Freeport","name_ru":"Фрипорт","pop_max":25383,"featurecla":"Populated place","worldcity":0}},{"type":"Feature","geometry":{"type":"Point","coordinates":[-61.85,17.118]},"properties":{"name":"Saint John's","name_en":"St. John's","name_zh":"聖約翰","name_zht":"聖約翰","name_ja":null,"name_ko":null,"name_de":"Saint John’s","name_fr":"Saint John's","name_es":"Saint John","name_pt":"Saint John's","name_ru":"Сент-Джонс","pop_max":35499,"featurecla":"Admin-0 capital","worldcity":0}},{"type":"Feature","geometry":{"type":"Point","coordinates":[120.6817,24.1521]},"properties":{"name":"Taichung","name_en":"Taichung","name_zh":"臺中市","name_zht":"臺中","name_ja":"台中市","name_ko":"타이중 시","name_de":"Taichung","name_fr":"Taichung","name_es":"Taichung","name_pt":"Taichung","name_ru":"Тайчжун","pop_max":2629323,"featurecla":"Admin-1 capital","worldcity":0}},{"type":"Feature","geometry":{"type":"Point","coordinates":[176.9265,-39.49]},"properties":{"name":"Napier","name_en":"Napier","name_zh":"內皮爾","name_zht":"內皮爾","name_ja":"ネーピア","name_ko":"네이피어","name_de":"Napier","name_fr":"Napier","name_es":"Napier","name_pt":"Napier","name_ru":"Нейпир","pop_max":57800,"featurecla":"Populated place","worldcity":0}},{"type":"Feature","geometry":{"type":"Point","coordinates":[174.885,-37]},"properties":{"name":"Manukau","name_en":"Manukau City","name_zh":"Manukau City","name_zht":"曼努考","name_ja":"Manukau City","name_ko":"Manukau City","name_de":"Manukau","name_fr":"Manukau City","name_es":"Manukau","name_pt":"Manukau","name_ru":null,"pop_max":375600,"featurecla":"Populated place","worldcity":0}},{"type":"Feature","geometry":{"type":"Point","coordinates":[175.2896,-37.7783]},"properties":{"name":"Hamilton","name_en":"Hamilton","name_zh":"哈密尔顿","name_zht":"哈密尔顿","name_ja":"ハミルトン","name_ko":"해밀턴","name_de":"Hamilton","name_fr":"Hamilton","name_es":"Hamilton","name_pt":"Hamilton","name_ru":"Гамильтон","pop_max":148200,"featurecla":"Admin-1 capital","worldcity":0}},{"type":"Feature","geometry":{"type":"Point","coordinates":[173.955,-41.5135]},"properties":{"name":"Blenheim","name_en":"Blenheim","name_zh":"布倫亨","name_zht":"布倫亨","name_ja":"ブレナム","name_ko":"블레넘","name_de":"Blenheim","name_fr":"Blenheim","name_es":"Blenheim","name_pt":"Blenheim","name_ru":"Бленем","pop_max":30300,"featurecla":"Populated place","worldcity":0}},{"type":"Feature","geometry":{"type":"Point","coordinates":[170.491,-45.8854]},"properties":{"name":"Dunedin","name_en":"Dunedin","name_zh":"但尼丁","name_zht":"但尼丁","name_ja":"ダニーデン","name_ko":null,"name_de":"Dunedin","name_fr":"Dunedin","name_es":"Dunedin","name_pt":"Dunedin","name_ru":"Данидин","pop_max":117700,"featurecla":"Admin-1 capital","worldcity":0}},{"type":"Feature","geometry":{"type":"Point","coordinates":[75.768,11.2524]},"properties":{"name":"Kozhikode","name_en":"Kozhikode","name_zh":"科泽科德","name_zht":"科泽科德","name_ja":"カリカット","name_ko":"코지코드","name_de":"Kozhikode","name_fr":"Kozhikode","name_es":"Kozhikode","name_pt":"Calecute","name_ru":"Кожикоде","pop_max":953000,"featurecla":"Populated place","worldcity":0}},{"type":"Feature","geometry":{"type":"Point","coordinates":[85.8254,20.2724]},"properties":{"name":"Bhubaneshwar","name_en":"Bhubaneswar","name_zh":"布巴内什瓦尔","name_zht":"布巴内什瓦尔","name_ja":null,"name_ko":null,"name_de":"Bhubaneswar","name_fr":"Bhubaneswar","name_es":"Bhubaneshwar","name_pt":"Bhubaneswar","name_ru":"Бхубанешвар","pop_max":844000,"featurecla":"Admin-1 capital","worldcity":0}},{"type":"Feature","geometry":{"type":"Point","coordinates":[86.1956,22.7895]},"properties":{"name":"Jamshedpur","name_en":"Jamshedpur","name_zh":"贾姆谢德布尔","name_zht":"贾姆谢德布尔","name_ja":"ジャムシェドプル","name_ko":"잠셰드푸르","name_de":"Jamshedpur","name_fr":"Jamshedpur","name_es":"Jamshedpur","name_pt":"Jamshedpur","name_ru":"Джамшедпур","pop_max":1300000,"featurecla":"Populated place","worldcity":0}},{"type":"Feature","geometry":{"type":"Point","coordinates":[-56.173,-34.8561]},"properties":{"name":"Montevideo","name_en":"Montevideo","name_zh":"蒙特維多","name_zht":"蒙得维的亚","name_ja":"モンテビデオ","name_ko":"몬테비데오","name_de":"Montevideo","name_fr":"Montevideo","name_es":"Montevideo","name_pt":"Montevidéu","name_ru":"Монтевидео","pop_max":1513000,"featurecla":"Admin-0 capital","worldcity":0}},{"type":"Feature","geometry":{"type":"Point","coordinates":[-112.0353,46.5927]},"properties":{"name":"Helena","name_en":"Helena","name_zh":"赫勒拿","name_zht":"赫勒拿","name_ja":"ヘレナ","name_ko":"헬레나","name_de":"Helena","name_fr":"Helena","name_es":"Helena","name_pt":"Helena","name_ru":"Хелена","pop_max":38725,"featurecla":"Admin-1 capital","worldcity":0}},{"type":"Feature","geometry":{"type":"Point","coordinates":[-100.7833,46.8083]},"properties":{"name":"Bismarck","name_en":"Bismarck","name_zh":"俾斯麥","name_zht":"俾斯麥","name_ja":"ビスマーク","name_ko":"비즈마크","name_de":"Bismarck","name_fr":"Bismarck","name_es":"Bismarck","name_pt":"Bismarck","name_ru":"Бисмарк","pop_max":63871,"featurecla":"Admin-1 capital","worldcity":0}},{"type":"Feature","geometry":{"type":"Point","coordinates":[-116.2275,43.6086]},"properties":{"name":"Boise","name_en":"Boise","name_zh":"博伊西","name_zht":"博伊西","name_ja":"ボイシ","name_ko":"보이시","name_de":"Boise","name_fr":"Boise","name_es":"Boise","name_pt":"Boise","name_ru":"Бойсе","pop_max":338071,"featurecla":"Admin-1 capital","worldcity":0}},{"type":"Feature","geometry":{"type":"Point","coordinates":[-121.8519,37.3019]},"properties":{"name":"San Jose","name_en":"San Jose","name_zh":"聖荷西","name_zht":"聖荷西","name_ja":"サンノゼ","name_ko":"산호세","name_de":"San José","name_fr":"San José","name_es":"San José","name_pt":"São José","name_ru":"Сан-Хосе","pop_max":1668000,"featurecla":"Populated place","worldcity":0}},{"type":"Feature","geometry":{"type":"Point","coordinates":[-121.472,38.577]},"properties":{"name":"Sacramento","name_en":"Sacramento","name_zh":"沙加緬度","name_zht":"沙加緬度","name_ja":"サクラメント","name_ko":"새크라멘토","name_de":"Sacramento","name_fr":"Sacramento","name_es":"Sacramento","name_pt":"Sacramento","name_ru":"Сакраменто","pop_max":1604000,"featurecla":"Admin-1 capital","worldcity":0}},{"type":"Feature","geometry":{"type":"Point","coordinates":[-115.222,36.2119]},"properties":{"name":"Las Vegas","name_en":"Las Vegas","name_zh":"拉斯维加斯","name_zht":"拉斯维加斯","name_ja":"ラスベガス","name_ko":"라스베이거스","name_de":"Las Vegas","name_fr":"Las Vegas","name_es":"Las Vegas","name_pt":"Las Vegas","name_ru":"Лас-Вегас","pop_max":1823000,"featurecla":"Populated place","worldcity":0}},{"type":"Feature","geometry":{"type":"Point","coordinates":[-105.9372,35.6869]},"properties":{"name":"Santa Fe","name_en":"Santa Fe","name_zh":"圣菲","name_zht":"圣菲","name_ja":"サンタフェ","name_ko":"산타페","name_de":"Santa Fe","name_fr":"Santa Fe","name_es":"Santa Fe","name_pt":"Santa Fé","name_ru":"Санта-Фе","pop_max":92681,"featurecla":"Admin-1 capital","worldcity":0}},{"type":"Feature","geometry":{"type":"Point","coordinates":[-122.6819,45.522]},"properties":{"name":"Portland","name_en":"Portland","name_zh":"波特蘭","name_zht":"波特蘭","name_ja":"ポートランド","name_ko":"포틀랜드","name_de":"Portland","name_fr":"Portland","name_es":"Portland","name_pt":"Portland","name_ru":"Портленд","pop_max":1875000,"featurecla":"Populated place","worldcity":0}},{"type":"Feature","geometry":{"type":"Point","coordinates":[-111.932,40.777]},"properties":{"name":"Salt Lake City","name_en":"Salt Lake City","name_zh":"盐湖城","name_zht":"盐湖城","name_ja":"ソルトレイクシティ","name_ko":"솔트레이크시티","name_de":"Salt Lake City","name_fr":"Salt Lake City","name_es":"Salt Lake City","name_pt":"Salt Lake City","name_ru":"Солт-Лейк-Сити","pop_max":966000,"featurecla":"Admin-1 capital","worldcity":0}},{"type":"Feature","geometry":{"type":"Point","coordinates":[-104.8197,41.14]},"properties":{"name":"Cheyenne","name_en":"Cheyenne","name_zh":"夏延","name_zht":"夏延","name_ja":"シャイアン","name_ko":"샤이엔","name_de":"Cheyenne","name_fr":"Cheyenne","name_es":"Cheyenne","name_pt":"Cheyenne","name_ru":"Шайенн","pop_max":72927,"featurecla":"Admin-1 capital","worldcity":0}},{"type":"Feature","geometry":{"type":"Point","coordinates":[-93.62,41.58]},"properties":{"name":"Des Moines","name_en":"Des Moines","name_zh":"德梅因","name_zht":"德梅因","name_ja":"デモイン","name_ko":"디모인","name_de":"Des Moines","name_fr":"Des Moines","name_es":"Des Moines","name_pt":"Des Moines","name_ru":"Де-Мойн","pop_max":380655,"featurecla":"Admin-1 capital","worldcity":0}},{"type":"Feature","geometry":{"type":"Point","coordinates":[-96.01,41.24]},"properties":{"name":"Omaha","name_en":"Omaha","name_zh":"奥马哈","name_zht":"奥马哈","name_ja":"オマハ","name_ko":"오마하","name_de":"Omaha","name_fr":"Omaha","name_es":"Omaha","name_pt":"Omaha","name_ru":"Омаха","pop_max":877110,"featurecla":"Populated place","worldcity":0}},{"type":"Feature","geometry":{"type":"Point","coordinates":[-97.5206,35.472]},"properties":{"name":"Oklahoma City","name_en":"Oklahoma City","name_zh":"奧克拉荷馬市","name_zht":"奧克拉荷馬","name_ja":"オクラホマシティ","name_ko":"오클라호마시티","name_de":"Oklahoma City","name_fr":"Oklahoma City","name_es":"Oklahoma City","name_pt":"Oklahoma City","name_ru":"Оклахома-Сити","pop_max":788000,"featurecla":"Admin-1 capital","worldcity":0}},{"type":"Feature","geometry":{"type":"Point","coordinates":[-100.3506,44.3683]},"properties":{"name":"Pierre","name_en":"Pierre","name_zh":"皮尔","name_zht":"皮尔","name_ja":"ピア","name_ko":"피어","name_de":"Pierre","name_fr":"Pierre","name_es":"Pierre","name_pt":"Pierre","name_ru":"Пирр","pop_max":13879,"featurecla":"Admin-1 capital","worldcity":0}},{"type":"Feature","geometry":{"type":"Point","coordinates":[-98.5093,29.4893]},"properties":{"name":"San Antonio","name_en":"San Antonio","name_zh":"圣安东尼奥","name_zht":"圣安东尼奥","name_ja":"サンアントニオ","name_ko":"샌안토니오","name_de":"San Antonio","name_fr":"San Antonio","name_es":"San Antonio","name_pt":"San Antonio","name_ru":"Сан-Антонио","pop_max":1473000,"featurecla":"Populated place","worldcity":0}},{"type":"Feature","geometry":{"type":"Point","coordinates":[-72.25,7.77]},"properties":{"name":"San Cristóbal","name_en":"San Cristóbal","name_zh":"聖克里斯托瓦爾","name_zht":"聖克里斯托瓦爾","name_ja":"サン・クリストバル","name_ko":"산크리스토발","name_de":"San Cristóbal","name_fr":"San Cristóbal","name_es":"San Cristóbal","name_pt":"San Cristóbal","name_ru":"Сан-Кристобаль","pop_max":438798,"featurecla":"Admin-1 capital","worldcity":0}},{"type":"Feature","geometry":{"type":"Point","coordinates":[-67.982,10.2319]},"properties":{"name":"Valencia","name_en":"Valencia","name_zh":"巴伦西亚","name_zht":"巴伦西亚","name_ja":"バレンシア","name_ko":"발렌시아","name_de":"Valencia","name_fr":"Valencia","name_es":"Valencia","name_pt":"Valencia","name_ru":"Валенсия","pop_max":1770000,"featurecla":"Admin-1 capital","worldcity":0}},{"type":"Feature","geometry":{"type":"Point","coordinates":[-90.185,32.2988]},"properties":{"name":"Jackson","name_en":"Jackson","name_zh":"杰克逊","name_zht":"杰克逊","name_ja":"ジャクソン","name_ko":"잭슨","name_de":"Jackson","name_fr":"Jackson","name_es":"Jackson","name_pt":"Jackson","name_ru":"Джэксон","pop_max":250902,"featurecla":"Admin-1 capital","worldcity":0}},{"type":"Feature","geometry":{"type":"Point","coordinates":[-78.6447,35.8188]},"properties":{"name":"Raleigh","name_en":"Raleigh","name_zh":"罗利","name_zht":"罗利","name_ja":"ローリー","name_ko":"롤리","name_de":"Raleigh","name_fr":"Raleigh","name_es":"Raleigh","name_pt":"Raleigh","name_ru":"Роли","pop_max":1163515,"featurecla":"Admin-1 capital","worldcity":0}},{"type":"Feature","geometry":{"type":"Point","coordinates":[-81.6969,41.4719]},"properties":{"name":"Cleveland","name_en":"Cleveland","name_zh":"克利夫兰","name_zht":"克里夫蘭","name_ja":"クリーブランド","name_ko":"클리블랜드","name_de":"Cleveland","name_fr":"Cleveland","name_es":"Cleveland","name_pt":"Cleveland","name_ru":"Кливленд","pop_max":1890000,"featurecla":"Populated place","worldcity":0}},{"type":"Feature","geometry":{"type":"Point","coordinates":[-84.4589,39.1638]},"properties":{"name":"Cincinnati","name_en":"Cincinnati","name_zh":"辛辛那提","name_zht":"辛辛那提","name_ja":"シンシナティ","name_ko":"신시내티","name_de":"Cincinnati","name_fr":"Cincinnati","name_es":"Cincinnati","name_pt":"Cincinnati","name_ru":"Цинциннати","pop_max":1636000,"featurecla":"Populated place","worldcity":0}},{"type":"Feature","geometry":{"type":"Point","coordinates":[-86.7819,36.1719]},"properties":{"name":"Nashville","name_en":"Nashville","name_zh":"纳什维尔","name_zht":"纳什维尔","name_ja":"ナッシュビル","name_ko":"내슈빌","name_de":"Nashville","name_fr":"Nashville","name_es":"Nashville","name_pt":"Nashville","name_ru":"Нашвилл","pop_max":877000,"featurecla":"Admin-1 capital","worldcity":0}},{"type":"Feature","geometry":{"type":"Point","coordinates":[-90.0019,35.1219]},"properties":{"name":"Memphis","name_en":"Memphis","name_zh":"孟菲斯","name_zht":"孟菲斯","name_ja":"メンフィス","name_ko":"멤피스","name_de":"Memphis","name_fr":"Memphis","name_es":"Memphis","name_pt":"Memphis","name_ru":"Мемфис","pop_max":1081000,"featurecla":"Populated place","worldcity":0}},{"type":"Feature","geometry":{"type":"Point","coordinates":[-76.28,36.85]},"properties":{"name":"Norfolk","name_en":"Norfolk","name_zh":"諾福克","name_zht":"諾福克","name_ja":"ノーフォーク","name_ko":"노퍽","name_de":"Norfolk","name_fr":"Norfolk","name_es":"Norfolk","name_pt":"Norfolk","name_ru":"Норфолк","pop_max":1047869,"featurecla":"Populated place","worldcity":0}},{"type":"Feature","geometry":{"type":"Point","coordinates":[-87.9219,43.0546]},"properties":{"name":"Milwaukee","name_en":"Milwaukee","name_zh":"密尔沃基","name_zht":"密尔沃基","name_ja":"ミルウォーキー","name_ko":"밀워키","name_de":"Milwaukee","name_fr":"Milwaukee","name_es":"Milwaukee","name_pt":"Milwaukee","name_ru":"Милуоки","pop_max":1388000,"featurecla":"Populated place","worldcity":0}},{"type":"Feature","geometry":{"type":"Point","coordinates":[-78.8819,42.8819]},"properties":{"name":"Buffalo","name_en":"Buffalo","name_zh":"水牛城","name_zht":"水牛城","name_ja":"バッファロー","name_ko":"버펄로","name_de":"Buffalo","name_fr":"Buffalo","name_es":"Búfalo","name_pt":"Buffalo","name_ru":"Буффало","pop_max":1016000,"featurecla":"Populated place","worldcity":0}},{"type":"Feature","geometry":{"type":"Point","coordinates":[-80.0019,40.4319]},"properties":{"name":"Pittsburgh","name_en":"Pittsburgh","name_zh":"匹兹堡","name_zht":"匹兹堡","name_ja":"ピッツバーグ","name_ko":"피츠버그","name_de":"Pittsburgh","name_fr":"Pittsburgh","name_es":"Pittsburgh","name_pt":"Pittsburgh","name_ru":"Питтсбург","pop_max":1838000,"featurecla":"Populated place","worldcity":0}},{"type":"Feature","geometry":{"type":"Point","coordinates":[-62.62,8.37]},"properties":{"name":"Ciudad Guayana","name_en":"Ciudad Guayana","name_zh":"圭亞那城","name_zht":"圭亞那城","name_ja":"シウダーグアヤナ","name_ko":"시우다드과야나","name_de":"Ciudad Guayana","name_fr":"Ciudad Guayana","name_es":"Ciudad Guayana","name_pt":"Ciudad Guayana","name_ru":"Сьюдад-Гуаяна","pop_max":746535,"featurecla":"Populated place","worldcity":0}},{"type":"Feature","geometry":{"type":"Point","coordinates":[1.2208,6.1339]},"properties":{"name":"Lomé","name_en":"Lomé","name_zh":"洛美","name_zht":"洛美","name_ja":"ロメ","name_ko":"로메","name_de":"Lomé","name_fr":"Lomé","name_es":"Lomé","name_pt":"Lomé","name_ru":"Ломе","pop_max":1452000,"featurecla":"Admin-0 capital","worldcity":0}},{"type":"Feature","geometry":{"type":"Point","coordinates":[10.1797,36.8028]},"properties":{"name":"Tunis","name_en":"Tunis","name_zh":"突尼斯","name_zht":"突尼斯","name_ja":"チュニス","name_ko":"튀니스","name_de":"Tunis","name_fr":"Tunis","name_es":"Túnez","name_pt":"Tunes","name_ru":"Тунис","pop_max":2412500,"featurecla":"Admin-0 capital","worldcity":0}},{"type":"Feature","geometry":{"type":"Point","coordinates":[-152.407,57.79]},"properties":{"name":"Kodiak","name_en":"Kodiak","name_zh":"科迪亚克","name_zht":"科迪亚克","name_ja":"コディアック","name_ko":"코디액","name_de":"Kodiak","name_fr":"Kodiak","name_es":"Kodiak","name_pt":"Kodiak","name_ru":"Кадьяк","pop_max":9461,"featurecla":"Populated place","worldcity":0}},{"type":"Feature","geometry":{"type":"Point","coordinates":[-162.7151,55.2]},"properties":{"name":"Cold Bay","name_en":"Cold Bay","name_zh":"的黎波里","name_zht":"冷湾","name_ja":"トリポリ","name_ko":"트리폴리","name_de":"Cold Bay","name_fr":"Cold Bay","name_es":"Cold Bay","name_pt":"Cold Bay","name_ru":"Колд-Бей","pop_max":200,"featurecla":"Populated place","worldcity":0}},{"type":"Feature","geometry":{"type":"Point","coordinates":[-161.7558,60.7933]},"properties":{"name":"Bethel","name_en":"Bethel","name_zh":"伯特利","name_zht":"伯特利","name_ja":"ベセル","name_ko":"베설","name_de":"Bethel","name_fr":"Bethel","name_es":"Bethel","name_pt":"Bethel","name_ru":"Бетел","pop_max":6228,"featurecla":"Populated place","worldcity":0}},{"type":"Feature","geometry":{"type":"Point","coordinates":[-166.808,68.3477]},"properties":{"name":"Point Hope","name_en":"Point Hope","name_zh":"的黎波里","name_zht":"波因特霍普","name_ja":"トリポリ","name_ko":"트리폴리","name_de":"Point Hope","name_fr":"Point Hope","name_es":"Point Hope","name_pt":null,"name_ru":"Пойнт-Хоуп","pop_max":461,"featurecla":"Populated place","worldcity":0}},{"type":"Feature","geometry":{"type":"Point","coordinates":[-156.7886,71.2906]},"properties":{"name":"Utqiaġvik","name_en":"Utqiaġvik","name_zh":"巴羅","name_zht":"巴羅","name_ja":"バロー","name_ko":"배로","name_de":"Barrow","name_fr":"Barrow","name_es":"Barrow","name_pt":"Barrow","name_ru":"Барроу","pop_max":4336,"featurecla":"Populated place","worldcity":0}},{"type":"Feature","geometry":{"type":"Point","coordinates":[-165.4064,64.5061]},"properties":{"name":"Nome","name_en":"Nome","name_zh":"诺姆","name_zht":"诺姆","name_ja":"ノーム","name_ko":"놈","name_de":"Nome","name_fr":"Nome","name_es":"Nome","name_pt":"Nome","name_ru":"Ном","pop_max":3485,"featurecla":"Populated place","worldcity":0}},{"type":"Feature","geometry":{"type":"Point","coordinates":[-146.3483,61.136]},"properties":{"name":"Valdez","name_en":"Valdez","name_zh":"瓦尔迪兹","name_zht":"瓦尔迪兹","name_ja":"バルディーズ","name_ko":"밸디즈","name_de":"Valdez","name_fr":"Valdez","name_es":"Valdez","name_pt":"Valdez","name_ru":"Валдиз","pop_max":4036,"featurecla":"Populated place","worldcity":0}},{"type":"Feature","geometry":{"type":"Point","coordinates":[-134.42,58.3141]},"properties":{"name":"Juneau","name_en":"Juneau","name_zh":"朱諾","name_zht":"朱諾","name_ja":"ジュノー","name_ko":"주노","name_de":"Juneau","name_fr":"Juneau","name_es":"Juneau","name_pt":"Juneau","name_ru":"Джуно","pop_max":30711,"featurecla":"Admin-1 capital","worldcity":0}},{"type":"Feature","geometry":{"type":"Point","coordinates":[-147.7107,64.837]},"properties":{"name":"Fairbanks","name_en":"Fairbanks","name_zh":"費爾班克斯","name_zht":"費爾班克斯","name_ja":"フェアバンクス","name_ko":"페어뱅크스","name_de":"Fairbanks","name_fr":"Fairbanks","name_es":"Fairbanks","name_pt":"Fairbanks","name_ru":"Фэрбанкс","pop_max":56993,"featurecla":"Populated place","worldcity":0}},{"type":"Feature","geometry":{"type":"Point","coordinates":[-148.6694,70.2922]},"properties":{"name":"Prudhoe Bay","name_en":"Prudhoe Bay","name_zh":"的黎波里","name_zht":"普拉德霍灣","name_ja":"トリポリ","name_ko":"트리폴리","name_de":"Prudhoe Bay","name_fr":"Prudhoe Bay","name_es":"Prudhoe Bay","name_pt":"Prudhoe Bay","name_ru":"Прадхо-Бей","pop_max":2500,"featurecla":"Populated place","worldcity":0}},{"type":"Feature","geometry":{"type":"Point","coordinates":[33.465,44.6]},"properties":{"name":"Sevastapol","name_en":"Sevastopol","name_zh":"塞瓦斯托波爾","name_zht":"塞瓦斯托波爾","name_ja":null,"name_ko":null,"name_de":"Sewastopol","name_fr":"Sébastopol","name_es":"Sebastopol","name_pt":"Sebastopol","name_ru":"Севастополь","pop_max":379200,"featurecla":"Admin-1 capital","worldcity":0}},{"type":"Feature","geometry":{"type":"Point","coordinates":[54.3666,24.4667]},"properties":{"name":"Abu Dhabi","name_en":"Abu Dhabi","name_zh":"阿布扎比","name_zht":"阿布扎比","name_ja":"アブダビ","name_ko":"아부다비","name_de":"Abu Dhabi","name_fr":"Abou Dabi","name_es":"Abu Dabi","name_pt":"Abu Dhabi","name_ru":"Абу-Даби","pop_max":603492,"featurecla":"Admin-0 capital","worldcity":0}},{"type":"Feature","geometry":{"type":"Point","coordinates":[58.3833,37.95]},"properties":{"name":"Ashgabat","name_en":"Ashgabat","name_zh":"阿什哈巴德","name_zht":"阿什哈巴德","name_ja":"アシガバート","name_ko":"아슈하바트","name_de":"Aşgabat","name_fr":"Achgabat","name_es":"Asjabad","name_pt":"Asgabate","name_ru":"Ашхабад","pop_max":727700,"featurecla":"Admin-0 capital","worldcity":0}},{"type":"Feature","geometry":{"type":"Point","coordinates":[66.945,39.67]},"properties":{"name":"Samarqand","name_en":"Samarkand","name_zh":"撒馬爾罕","name_zht":"撒馬爾罕","name_ja":null,"name_ko":null,"name_de":"Samarqand","name_fr":"Samarcande","name_es":"Samarcanda","name_pt":"Samarcanda","name_ru":"Самарканд","pop_max":708000,"featurecla":"Admin-1 capital","worldcity":0}},{"type":"Feature","geometry":{"type":"Point","coordinates":[28.2814,-15.4147]},"properties":{"name":"Lusaka","name_en":"Lusaka","name_zh":"路沙卡","name_zht":"路沙卡","name_ja":"ルサカ","name_ko":"루사카","name_de":"Lusaka","name_fr":"Lusaka","name_es":"Lusaka","name_pt":"Lusaka","name_ru":"Лусака","pop_max":1328000,"featurecla":"Admin-0 capital","worldcity":0}},{"type":"Feature","geometry":{"type":"Point","coordinates":[31.0428,-17.8158]},"properties":{"name":"Harare","name_en":"Harare","name_zh":"哈拉雷","name_zht":"哈拉雷","name_ja":"ハラレ","name_ko":"하라레","name_de":"Harare","name_fr":"Harare","name_es":"Harare","name_pt":"Harare","name_ru":"Хараре","pop_max":1572000,"featurecla":"Admin-0 capital","worldcity":0}},{"type":"Feature","geometry":{"type":"Point","coordinates":[28.58,-20.17]},"properties":{"name":"Bulawayo","name_en":"Bulawayo","name_zh":"布拉瓦约","name_zht":"布拉瓦约","name_ja":"ブラワヨ","name_ko":"불라와요","name_de":"Bulawayo","name_fr":"Bulawayo","name_es":"Bulawayo","name_pt":"Bulawayo","name_ru":"Булавайо","pop_max":699385,"featurecla":"Populated place","worldcity":0}},{"type":"Feature","geometry":{"type":"Point","coordinates":[125.5795,-8.5594]},"properties":{"name":"Dili","name_en":"Dili","name_zh":"帝力","name_zht":"帝力","name_ja":"ディリ","name_ko":"딜리","name_de":"Dili","name_fr":"Dili","name_es":"Dili","name_pt":"Díli","name_ru":"Дили","pop_max":234331,"featurecla":"Admin-0 capital","worldcity":0}},{"type":"Feature","geometry":{"type":"Point","coordinates":[168.3166,-17.7334]},"properties":{"name":"Port Vila","name_en":"Port Vila","name_zh":"維拉港國際機場","name_zht":"维拉港","name_ja":"Port Vila - Bauerfield International Airport","name_ko":"Port Vila - Bauerfield International Airport","name_de":"Port Vila","name_fr":"Port-Vila","name_es":"Port Vila","name_pt":"Port Vila","name_ru":"Порт-Вила","pop_max":44040,"featurecla":"Admin-0 capital","worldcity":0}},{"type":"Feature","geometry":{"type":"Point","coordinates":[-87.2195,14.104]},"properties":{"name":"Tegucigalpa","name_en":"Tegucigalpa","name_zh":"德古斯加巴","name_zht":"德古斯加巴","name_ja":"テグシガルパ","name_ko":"테구시갈파","name_de":"Tegucigalpa","name_fr":"Tegucigalpa","name_es":"Tegucigalpa","name_pt":"Tegucigalpa","name_ru":"Тегусигальпа","pop_max":946000,"featurecla":"Admin-0 capital","worldcity":0}},{"type":"Feature","geometry":{"type":"Point","coordinates":[-58.167,6.802]},"properties":{"name":"Georgetown","name_en":"Georgetown","name_zh":"乔治敦","name_zht":"乔治敦","name_ja":"ジョージタウン","name_ko":"조지타운","name_de":"Georgetown","name_fr":"Georgetown","name_es":"Georgetown","name_pt":"Georgetown","name_ru":"Джорджтаун","pop_max":264350,"featurecla":"Admin-0 capital","worldcity":0}},{"type":"Feature","geometry":{"type":"Point","coordinates":[-21.95,64.15]},"properties":{"name":"Reykjavík","name_en":"Reykjavík","name_zh":"雷克亞維克","name_zht":"雷克雅未克","name_ja":"レイキャヴィーク","name_ko":"레이캬비크","name_de":"Reykjavík","name_fr":"Reykjavik","name_es":"Reikiavik","name_pt":"Reykjavík","name_ru":"Рейкьявик","pop_max":166212,"featurecla":"Admin-0 capital","worldcity":0}},{"type":"Feature","geometry":{"type":"Point","coordinates":[-72.338,18.543]},"properties":{"name":"Port-au-Prince","name_en":"Port-au-Prince","name_zh":"太子港","name_zht":"太子港","name_ja":"ポルトープランス","name_ko":"포르토프랭스","name_de":"Port-au-Prince","name_fr":"Port-au-Prince","name_es":"Puerto Príncipe","name_pt":"Porto Príncipe","name_ru":"Порт-о-Пренс","pop_max":1998000,"featurecla":"Admin-0 capital","worldcity":0}},{"type":"Feature","geometry":{"type":"Point","coordinates":[-4.2527,55.8764]},"properties":{"name":"Glasgow","name_en":"Glasgow","name_zh":"格拉斯哥","name_zht":"格拉斯哥","name_ja":"グラスゴー","name_ko":"글래스고","name_de":"Glasgow","name_fr":"Glasgow","name_es":"Glasgow","name_pt":"Glasgow","name_ru":"Глазго","pop_max":1160000,"featurecla":"Populated place","worldcity":0}},{"type":"Feature","geometry":{"type":"Point","coordinates":[32.5814,0.3186]},"properties":{"name":"Kampala","name_en":"Kampala","name_zh":"坎帕拉","name_zht":"坎帕拉","name_ja":"カンパラ","name_ko":"캄팔라","name_de":"Kampala","name_fr":"Kampala","name_es":"Kampala","name_pt":"Kampala","name_ru":"Кампала","pop_max":1420000,"featurecla":"Admin-0 capital","worldcity":0}},{"type":"Feature","geometry":{"type":"Point","coordinates":[45.0095,12.7797]},"properties":{"name":"Aden","name_en":"Aden","name_zh":"亞丁","name_zht":"亞丁","name_ja":"アデン","name_ko":"아덴","name_de":"Aden","name_fr":"Aden","name_es":"Adén","name_pt":"Áden","name_ru":"Аден","pop_max":1000000,"featurecla":"Admin-1 capital","worldcity":0}},{"type":"Feature","geometry":{"type":"Point","coordinates":[-55.167,5.835]},"properties":{"name":"Paramaribo","name_en":"Paramaribo","name_zh":"帕拉马里博","name_zht":"帕拉马里博","name_ja":"パラマリボ","name_ko":"파라마리보","name_de":"Paramaribo","name_fr":"Paramaribo","name_es":"Paramaribo","name_pt":"Paramaribo","name_ru":"Парамарибо","pop_max":254169,"featurecla":"Admin-0 capital","worldcity":0}},{"type":"Feature","geometry":{"type":"Point","coordinates":[-5.98,37.405]},"properties":{"name":"Seville","name_en":"Seville","name_zh":"塞维利亚","name_zht":"塞维利亚","name_ja":null,"name_ko":null,"name_de":"Sevilla","name_fr":"Séville","name_es":"Sevilla","name_pt":"Sevilha","name_ru":"Севилья","pop_max":1212045,"featurecla":"Admin-1 capital","worldcity":0}},{"type":"Feature","geometry":{"type":"Point","coordinates":[8.9833,13.8]},"properties":{"name":"Zinder","name_en":"Zinder","name_zh":"津德尔","name_zht":"津德尔","name_ja":"ザンデール","name_ko":"잔데르","name_de":"Zinder","name_fr":"Zinder","name_es":"Zinder","name_pt":"Zinder","name_ru":"Зиндер","pop_max":230358,"featurecla":"Admin-1 capital","worldcity":0}},{"type":"Feature","geometry":{"type":"Point","coordinates":[2.1147,13.5187]},"properties":{"name":"Niamey","name_en":"Niamey","name_zh":"尼亞美","name_zht":"尼亞美","name_ja":"ニアメ","name_ko":"니아메","name_de":"Niamey","name_fr":"Niamey","name_es":"Niamey","name_pt":"Niamey","name_ru":"Ниамей","pop_max":915000,"featurecla":"Admin-0 capital","worldcity":0}},{"type":"Feature","geometry":{"type":"Point","coordinates":[37.2164,19.6158]},"properties":{"name":"Port Sudan","name_en":"Port Sudan","name_zh":"苏丹港","name_zht":"苏丹港","name_ja":"ポートスーダン","name_ko":"포트수단","name_de":"Bur Sudan","name_fr":"Port-Soudan","name_es":"Puerto Sudán","name_pt":"Porto Sudão","name_ru":"Порт-Судан","pop_max":489725,"featurecla":"Admin-1 capital","worldcity":0}},{"type":"Feature","geometry":{"type":"Point","coordinates":[68.7739,38.56]},"properties":{"name":"Dushanbe","name_en":"Dushanbe","name_zh":"杜尚别","name_zht":"杜尚别","name_ja":"ドゥシャンベ","name_ko":"두샨베","name_de":"Duschanbe","name_fr":"Douchanbé","name_es":"Dusambé","name_pt":"Duchambe","name_ru":"Душанбе","pop_max":1086244,"featurecla":"Admin-0 capital","worldcity":0}},{"type":"Feature","geometry":{"type":"Point","coordinates":[-71.9722,-13.525]},"properties":{"name":"Cusco","name_en":"Cusco","name_zh":"庫斯科","name_zht":"庫斯科","name_ja":"クスコ","name_ko":"쿠스코","name_de":"Cusco","name_fr":"Cuzco","name_es":"Cuzco","name_pt":"Cusco","name_ru":"Куско","pop_max":361182,"featurecla":"Admin-1 capital","worldcity":0}},{"type":"Feature","geometry":{"type":"Point","coordinates":[-70.25,-18]},"properties":{"name":"Tacna","name_en":"Tacna","name_zh":"塔克纳","name_zht":"塔克纳","name_ja":"タクナ","name_ko":"타크나","name_de":"Tacna","name_fr":"Tacna","name_es":"Tacna","name_pt":"Tacna","name_ru":"Такна","pop_max":280098,"featurecla":"Admin-1 capital","worldcity":0}},{"type":"Feature","geometry":{"type":"Point","coordinates":[-79.02,-8.12]},"properties":{"name":"Trujillo","name_en":"Trujillo","name_zh":"特鲁希略","name_zht":"特鲁希略","name_ja":"トルヒーリョ","name_ko":"트루히요","name_de":"Trujillo","name_fr":"Trujillo","name_es":"Trujillo","name_pt":"Trujillo","name_ru":"Трухильо","pop_max":765171,"featurecla":"Admin-1 capital","worldcity":0}},{"type":"Feature","geometry":{"type":"Point","coordinates":[-75.7255,-14.068]},"properties":{"name":"Ica","name_en":"Ica","name_zh":"伊卡","name_zht":"伊卡","name_ja":"イカ","name_ko":"이카","name_de":"Ica","name_fr":"Ica","name_es":"Ica","name_pt":"Ica","name_ru":"Ика","pop_max":279420,"featurecla":"Admin-1 capital","worldcity":0}},{"type":"Feature","geometry":{"type":"Point","coordinates":[-57.6435,-25.2945]},"properties":{"name":"Asunción","name_en":"Asunción","name_zh":"亞松森","name_zht":"亞松森","name_ja":"アスンシオン","name_ko":"아순시온","name_de":"Asunción","name_fr":"Asunción","name_es":"Asunción","name_pt":"Assunção","name_ru":"Асунсьон","pop_max":1870000,"featurecla":"Admin-0 capital","worldcity":0}},{"type":"Feature","geometry":{"type":"Point","coordinates":[-86.2704,12.155]},"properties":{"name":"Managua","name_en":"Managua","name_zh":"馬納瓜","name_zht":"馬納瓜","name_ja":"マナグア","name_ko":"마나과","name_de":"Managua","name_fr":"Managua","name_es":"Managua","name_pt":"Manágua","name_ru":"Манагуа","pop_max":920000,"featurecla":"Admin-0 capital","worldcity":0}},{"type":"Feature","geometry":{"type":"Point","coordinates":[-13.2362,8.472]},"properties":{"name":"Freetown","name_en":"Freetown","name_zh":"自由市","name_zht":"弗里敦","name_ja":"フリータウン","name_ko":"프리타운","name_de":"Freetown","name_fr":"Freetown","name_es":"Freetown","name_pt":"Freetown","name_ru":"Фритаун","pop_max":827000,"featurecla":"Admin-0 capital","worldcity":0}},{"type":"Feature","geometry":{"type":"Point","coordinates":[7.9828,16.9959]},"properties":{"name":"Agadez","name_en":"Agadez","name_zh":"阿加德茲","name_zht":"阿加德茲","name_ja":"アガデス","name_ko":"아가데즈","name_de":"Agadez","name_fr":"Agadez","name_es":"Agadez","name_pt":"Agadèz","name_ru":"Агадес","pop_max":117770,"featurecla":"Admin-1 capital","worldcity":0}},{"type":"Feature","geometry":{"type":"Point","coordinates":[24.89,12.06]},"properties":{"name":"Niyala","name_en":"Nyala","name_zh":"尼亚拉","name_zht":"尼亚拉","name_ja":null,"name_ko":null,"name_de":"Nyala","name_fr":"Nyala","name_es":"Nyala","name_pt":"Niala","name_ru":"Ньяла","pop_max":392373,"featurecla":"Populated place","worldcity":0}},{"type":"Feature","geometry":{"type":"Point","coordinates":[27.99,7.7]},"properties":{"name":"Wau","name_en":"Wau","name_zh":"瓦烏","name_zht":"瓦烏","name_ja":"ワーウ","name_ko":"와우","name_de":"Wau","name_fr":"Wau","name_es":"Wau","name_pt":"Wau","name_ru":"Вау","pop_max":127384,"featurecla":"Admin-1 region capital","worldcity":0}},{"type":"Feature","geometry":{"type":"Point","coordinates":[30.4833,19.1666]},"properties":{"name":"Dongola","name_en":"Dongola","name_zh":"棟古拉","name_zht":"棟古拉","name_ja":"ドンゴラ","name_ko":"동골라","name_de":"Dunqula","name_fr":"Dongola","name_es":"Dongola","name_pt":"Dongola","name_ru":"Донгола","pop_max":26404,"featurecla":"Admin-1 region capital","worldcity":0}},{"type":"Feature","geometry":{"type":"Point","coordinates":[36.39,15.46]},"properties":{"name":"Kassala","name_en":"Kassala","name_zh":"卡薩拉","name_zht":"卡薩拉","name_ja":"カッサラ","name_ko":"카살라","name_de":"Kassala","name_fr":"Kassala","name_es":"Kasala","name_pt":"Kassala","name_ru":"Кассала","pop_max":401477,"featurecla":"Populated place","worldcity":0}},{"type":"Feature","geometry":{"type":"Point","coordinates":[18.992,69.6351]},"properties":{"name":"Tromsø","name_en":"Tromsø","name_zh":"特罗姆瑟","name_zht":"特罗姆瑟","name_ja":"トロムソ","name_ko":"트롬쇠","name_de":"Tromsø","name_fr":"Tromsø","name_es":"Tromsø","name_pt":"Tromsø","name_ru":"Тромсё","pop_max":52436,"featurecla":"Admin-1 capital","worldcity":0}},{"type":"Feature","geometry":{"type":"Point","coordinates":[10.4167,63.4167]},"properties":{"name":"Trondheim","name_en":"Trondheim","name_zh":"特隆赫姆","name_zht":"特隆赫姆","name_ja":"トロンヘイム","name_ko":"트론헤임","name_de":"Trondheim","name_fr":"Trondheim","name_es":"Trondheim","name_pt":"Trondheim","name_ru":"Тронхейм","pop_max":147139,"featurecla":"Admin-1 capital","worldcity":0}},{"type":"Feature","geometry":{"type":"Point","coordinates":[5.3245,60.391]},"properties":{"name":"Bergen","name_en":"Bergen","name_zh":"卑爾根","name_zht":"卑爾根","name_ja":"ベルゲン","name_ko":"베르겐","name_de":"Bergen","name_fr":"Bergen","name_es":"Bergen","name_pt":"Bergen","name_ru":"Берген","pop_max":213585,"featurecla":"Populated place","worldcity":0}},{"type":"Feature","geometry":{"type":"Point","coordinates":[73.1647,33.7019]},"properties":{"name":"Islamabad","name_en":"Islamabad","name_zh":"伊斯兰堡","name_zht":"伊斯兰堡","name_ja":"イスラマバード","name_ko":"이슬라마바드","name_de":"Islamabad","name_fr":"Islamabad","name_es":"Islamabad","name_pt":"Islamabad","name_ru":"Исламабад","pop_max":780000,"featurecla":"Admin-0 capital","worldcity":0}},{"type":"Feature","geometry":{"type":"Point","coordinates":[71.4531,30.2019]},"properties":{"name":"Multan","name_en":"Multan","name_zh":"木爾坦","name_zht":"木爾坦","name_ja":"ムルターン","name_ko":"물탄","name_de":"Multan","name_fr":"Multan","name_es":"Multan","name_pt":"Multan","name_ru":"Мултан","pop_max":1522000,"featurecla":"Populated place","worldcity":0}},{"type":"Feature","geometry":{"type":"Point","coordinates":[68.373,25.3819]},"properties":{"name":"Hyderabad","name_en":"Hyderabad","name_zh":"海得拉巴","name_zht":"海得拉巴","name_ja":"ハイデラバード","name_ko":"하이데라바드","name_de":"Hyderabad","name_fr":"Hyderâbâd","name_es":"Hyderabad","name_pt":"Hyderabad","name_ru":"Хайдарабад","pop_max":1459000,"featurecla":"Populated place","worldcity":0}},{"type":"Feature","geometry":{"type":"Point","coordinates":[71.5331,34.007]},"properties":{"name":"Peshawar","name_en":"Peshawar","name_zh":"白沙瓦","name_zht":"白沙瓦","name_ja":"ペシャーワル","name_ko":"페샤와르","name_de":"Peschawar","name_fr":"Peshawar","name_es":"Peshawar","name_pt":"Peshawar","name_ru":"Пешавар","pop_max":1303000,"featurecla":"Admin-1 capital","worldcity":0}},{"type":"Feature","geometry":{"type":"Point","coordinates":[85.3147,27.7186]},"properties":{"name":"Kathmandu","name_en":"Kathmandu","name_zh":"加德滿都","name_zht":"加德滿都","name_ja":"カトマンズ","name_ko":"카트만두","name_de":"Kathmandu","name_fr":"Katmandou","name_es":"Katmandú","name_pt":"Catmandu","name_ru":"Катманду","pop_max":895000,"featurecla":"Admin-0 capital","worldcity":0}},{"type":"Feature","geometry":{"type":"Point","coordinates":[40.715,-14.5186]},"properties":{"name":"Nacala","name_en":"Nacala","name_zh":"纳卡拉","name_zht":"纳卡拉","name_ja":null,"name_ko":null,"name_de":"Nacala","name_fr":"Nacala","name_es":"Nacala","name_pt":"Nacala Porto","name_ru":"Накала","pop_max":224795,"featurecla":"Populated place","worldcity":0}},{"type":"Feature","geometry":{"type":"Point","coordinates":[26.2299,-29.12]},"properties":{"name":"Bloemfontein","name_en":"Bloemfontein","name_zh":"布隆方丹","name_zht":"布隆方丹","name_ja":"ブルームフォンテーン","name_ko":"블룸폰테인","name_de":"Bloemfontein","name_fr":"Bloemfontein","name_es":"Bloemfontein","name_pt":"Bloemfontein","name_ru":"Блумфонтейн","pop_max":463064,"featurecla":"Admin-0 capital","worldcity":0}},{"type":"Feature","geometry":{"type":"Point","coordinates":[28.2275,-25.705]},"properties":{"name":"Pretoria","name_en":"Pretoria","name_zh":"比勒陀利亞","name_zht":"比勒陀利亞","name_ja":"プレトリア","name_ko":"프리토리아","name_de":"Pretoria","name_fr":"Pretoria","name_es":"Pretoria","name_pt":"Pretória","name_ru":"Претория","pop_max":1338000,"featurecla":"Admin-0 capital","worldcity":0}},{"type":"Feature","geometry":{"type":"Point","coordinates":[147.1925,-9.4647]},"properties":{"name":"Port Moresby","name_en":"Port Moresby","name_zh":"莫尔兹比港","name_zht":"莫尔兹比港","name_ja":"ポートモレスビー","name_ko":"포트모르즈비","name_de":"Port Moresby","name_fr":"Port Moresby","name_es":"Puerto Moresby","name_pt":"Port Moresby","name_ru":"Порт-Морсби","pop_max":283733,"featurecla":"Admin-0 capital","worldcity":0}},{"type":"Feature","geometry":{"type":"Point","coordinates":[159.9498,-9.438]},"properties":{"name":"Honiara","name_en":"Honiara","name_zh":"霍尼亚拉","name_zht":"霍尼亚拉","name_ja":"ホニアラ","name_ko":"호니아라","name_de":"Honiara","name_fr":"Honiara","name_es":"Honiara","name_pt":"Honiara","name_ru":"Хониара","pop_max":76328,"featurecla":"Admin-0 capital","worldcity":0}},{"type":"Feature","geometry":{"type":"Point","coordinates":[-79.535,8.97]},"properties":{"name":"Panama City","name_en":"Panama City","name_zh":"巴拿馬城","name_zht":"巴拿馬城","name_ja":"パナマシティ","name_ko":"파나마시티","name_de":"Panama-Stadt","name_fr":"Panama","name_es":"Panamá","name_pt":"Cidade do Panamá","name_ru":"Панама","pop_max":1281000,"featurecla":"Admin-0 capital","worldcity":0}},{"type":"Feature","geometry":{"type":"Point","coordinates":[-5.0023,34.0565]},"properties":{"name":"Fez","name_en":"Fes","name_zh":"Fes","name_zht":"非斯","name_ja":"フェズ","name_ko":"Fes","name_de":"Fès","name_fr":"Fès","name_es":"Fez","name_pt":"Fez","name_ru":"Фес","pop_max":1002000,"featurecla":"Admin-1 capital","worldcity":0}},{"type":"Feature","geometry":{"type":"Point","coordinates":[-6.8364,34.0253]},"properties":{"name":"Rabat","name_en":"Rabat","name_zh":"拉巴特","name_zht":"拉巴特","name_ja":"ラバト","name_ko":"라바트","name_de":"Rabat","name_fr":"Rabat","name_es":"Rabat","name_pt":"Rabat","name_ru":"Рабат","pop_max":1705000,"featurecla":"Admin-0 capital","worldcity":0}},{"type":"Feature","geometry":{"type":"Point","coordinates":[-8.0019,31.6319]},"properties":{"name":"Marrakesh","name_en":"Marrakesh","name_zh":"马拉喀什","name_zht":"马拉喀什","name_ja":"マラケシュ","name_ko":null,"name_de":"Marrakesch","name_fr":"Marrakech","name_es":"Marrakech","name_pt":"Marraquexe","name_ru":"Марракеш","pop_max":872000,"featurecla":"Admin-1 capital","worldcity":0}},{"type":"Feature","geometry":{"type":"Point","coordinates":[28.8577,47.005]},"properties":{"name":"Chișinău","name_en":"Chișinău","name_zh":"基希讷乌","name_zht":"基希讷乌","name_ja":"キシナウ","name_ko":"키시너우","name_de":"Chișinău","name_fr":"Chișinău","name_es":"Chisináu","name_pt":"Chişinău","name_ru":"Кишинёв","pop_max":688134,"featurecla":"Admin-0 capital","worldcity":0}},{"type":"Feature","geometry":{"type":"Point","coordinates":[34.87,-19.82]},"properties":{"name":"Beira","name_en":"Beira","name_zh":"贝拉","name_zht":"贝拉","name_ja":"ベイラ","name_ko":"베이라","name_de":"Beira","name_fr":"Beira","name_es":"Beira","name_pt":"Beira","name_ru":"Бейра","pop_max":530604,"featurecla":"Admin-1 capital","worldcity":0}},{"type":"Feature","geometry":{"type":"Point","coordinates":[25.5981,-33.9681]},"properties":{"name":"Port Elizabeth","name_en":"Port Elizabeth","name_zh":"Port Elizabeth Airport","name_zht":"伊莉莎白港","name_ja":"Port Elizabeth Airport","name_ko":"Port Elizabeth Airport","name_de":"Port Elizabeth","name_fr":"Port Elizabeth","name_es":"Puerto Elizabeth","name_pt":"Porto Elizabeth","name_ru":"Порт-Элизабет","pop_max":1021000,"featurecla":"Populated place","worldcity":0}},{"type":"Feature","geometry":{"type":"Point","coordinates":[32.5872,-25.9533]},"properties":{"name":"Maputo","name_en":"Maputo","name_zh":"马普托","name_zht":"马普托","name_ja":"マプト","name_ko":"마푸투","name_de":"Maputo","name_fr":"Maputo","name_es":"Maputo","name_pt":"Maputo","name_ru":"Мапуту","pop_max":1446000,"featurecla":"Admin-0 capital","worldcity":0}},{"type":"Feature","geometry":{"type":"Point","coordinates":[84.975,56.495]},"properties":{"name":"Tomsk","name_en":"Tomsk","name_zh":"托木斯克","name_zht":"托木斯克","name_ja":"トムスク","name_ko":"톰스크","name_de":"Tomsk","name_fr":"Tomsk","name_es":"Tomsk","name_pt":"Tomsk","name_ru":"Томск","pop_max":535479,"featurecla":"Admin-1 capital","worldcity":0}},{"type":"Feature","geometry":{"type":"Point","coordinates":[177.475,64.737]},"properties":{"name":"Anadyr","name_en":"Anadyr","name_zh":"阿纳德尔","name_zht":"阿纳德尔","name_ja":"アナディリ","name_ko":"아나디리","name_de":"Anadyr","name_fr":"Anadyr","name_es":"Anádyr","name_pt":"Anadyr","name_ru":"Анадырь","pop_max":10332,"featurecla":"Admin-1 capital","worldcity":0}},{"type":"Feature","geometry":{"type":"Point","coordinates":[33.1,68.97]},"properties":{"name":"Murmansk","name_en":"Murmansk","name_zh":"摩爾曼斯克","name_zht":"摩爾曼斯克","name_ja":"ムルマンスク","name_ko":"무르만스크","name_de":"Murmansk","name_fr":"Mourmansk","name_es":"Múrmansk","name_pt":"Murmansk","name_ru":"Мурманск","pop_max":319263,"featurecla":"Admin-1 capital","worldcity":0}},{"type":"Feature","geometry":{"type":"Point","coordinates":[40.545,64.575]},"properties":{"name":"Archangel","name_en":"Arkhangelsk","name_zh":"阿尔汉格尔斯克","name_zht":"阿尔汉格尔斯克","name_ja":null,"name_ko":null,"name_de":"Archangelsk","name_fr":"Arkhangelsk","name_es":"Arjánguelsk","name_pt":"Arcangel","name_ru":"Архангельск","pop_max":356051,"featurecla":"Populated place","worldcity":0}},{"type":"Feature","geometry":{"type":"Point","coordinates":[43.9981,56.335]},"properties":{"name":"Nizhny Novgorod","name_en":"Nizhny Novgorod","name_zh":"Nizhny Novgorod International Airport","name_zht":"下诺夫哥罗德","name_ja":"Nizhny Novgorod International Airport","name_ko":"Nizhny Novgorod International Airport","name_de":"Nischni Nowgorod","name_fr":"Nijni Novgorod","name_es":"Nizhni Nóvgorod","name_pt":"Níjni Novgorod","name_ru":"Нижний Новгород","pop_max":1278000,"featurecla":"Admin-1 capital","worldcity":0}},{"type":"Feature","geometry":{"type":"Point","coordinates":[44.498,48.712]},"properties":{"name":"Volgograd","name_en":"Volgograd","name_zh":"伏尔加格勒","name_zht":"伏尔加格勒","name_ja":"ヴォルゴグラード","name_ko":"볼고그라드","name_de":"Wolgograd","name_fr":"Volgograd","name_es":"Volgogrado","name_pt":"Volgogrado","name_ru":"Волгоград","pop_max":984000,"featurecla":"Admin-1 capital","worldcity":0}},{"type":"Feature","geometry":{"type":"Point","coordinates":[56.0381,54.7919]},"properties":{"name":"Ufa","name_en":"Ufa","name_zh":"烏法","name_zht":"烏法","name_ja":"ウファ","name_ko":"우파","name_de":"Ufa","name_fr":"Oufa","name_es":"Ufá","name_pt":"Ufa","name_ru":"Уфа","pop_max":1018000,"featurecla":"Admin-1 capital","worldcity":0}},{"type":"Feature","geometry":{"type":"Point","coordinates":[60.598,56.852]},"properties":{"name":"Yekaterinburg","name_en":"Yekaterinburg","name_zh":"葉卡捷琳堡","name_zht":"葉卡捷琳堡","name_ja":"エカテリンブルク","name_ko":"예카테린부르크","name_de":"Jekaterinburg","name_fr":"Iekaterinbourg","name_es":"Ekaterimburgo","name_pt":"Ecaterimburgo","name_ru":"Екатеринбург","pop_max":1313000,"featurecla":"Admin-1 capital","worldcity":0}},{"type":"Feature","geometry":{"type":"Point","coordinates":[50.1493,53.197]},"properties":{"name":"Samara","name_en":"Samara","name_zh":"薩馬拉","name_zht":"薩馬拉","name_ja":"サマーラ","name_ko":"사마라","name_de":"Samara","name_fr":"Samara","name_es":"Samara","name_pt":"Samara","name_ru":"Самара","pop_max":1137000,"featurecla":"Admin-1 capital","worldcity":0}},{"type":"Feature","geometry":{"type":"Point","coordinates":[49.1244,55.7519]},"properties":{"name":"Kazan","name_en":"Kazan","name_zh":"喀山","name_zht":"喀山","name_ja":"カザン","name_ko":"카잔","name_de":"Kasan","name_fr":"Kazan","name_es":"Kazán","name_pt":"Cazã","name_ru":"Казань","pop_max":1115000,"featurecla":"Admin-1 capital","worldcity":0}},{"type":"Feature","geometry":{"type":"Point","coordinates":[73.425,61.2599]},"properties":{"name":"Surgut","name_en":"Surgut","name_zh":"蘇爾古特","name_zht":"蘇爾古特","name_ja":"スルグト","name_ko":"수르구트","name_de":"Surgut","name_fr":"Sourgout","name_es":"Surgut","name_pt":"Surgut","name_ru":"Сургут","pop_max":400000,"featurecla":"Populated place","worldcity":0}},{"type":"Feature","geometry":{"type":"Point","coordinates":[83.745,53.355]},"properties":{"name":"Barnaul","name_en":"Barnaul","name_zh":"巴尔瑙尔","name_zht":"巴尔瑙尔","name_ja":"バルナウル","name_ko":"바르나울","name_de":"Barnaul","name_fr":"Barnaoul","name_es":"Barnaúl","name_pt":"Barnaul","name_ru":"Барнаул","pop_max":599579,"featurecla":"Admin-1 capital","worldcity":0}},{"type":"Feature","geometry":{"type":"Point","coordinates":[82.9581,55.0319]},"properties":{"name":"Novosibirsk","name_en":"Novosibirsk","name_zh":"新西伯利亚","name_zht":"新西伯利亚","name_ja":"ノヴォシビルスク","name_ko":"노보시비르스크","name_de":"Nowosibirsk","name_fr":"Novossibirsk","name_es":"Novosibirsk","name_pt":"Novosibirsk","name_ru":"Новосибирск","pop_max":1389000,"featurecla":"Admin-1 capital","worldcity":0}},{"type":"Feature","geometry":{"type":"Point","coordinates":[45.3647,2.0686]},"properties":{"name":"Mogadishu","name_en":"Mogadishu","name_zh":"摩加迪休","name_zht":"摩加迪休","name_ja":"モガディシュ","name_ko":"모가디슈","name_de":"Mogadischu","name_fr":"Mogadiscio","name_es":"Mogadiscio","name_pt":"Mogadíscio","name_ru":"Могадишо","pop_max":1100000,"featurecla":"Admin-0 capital","worldcity":0}},{"type":"Feature","geometry":{"type":"Point","coordinates":[58.5933,23.6133]},"properties":{"name":"Muscat","name_en":"Muscat","name_zh":"马斯喀特","name_zht":"马斯喀特","name_ja":"マスカット","name_ko":"무스카트","name_de":"Maskat","name_fr":"Mascate","name_es":"Mascate","name_pt":"Mascate","name_ru":"Маскат","pop_max":734697,"featurecla":"Admin-0 capital","worldcity":0}},{"type":"Feature","geometry":{"type":"Point","coordinates":[79.8578,6.932]},"properties":{"name":"Colombo","name_en":"Colombo","name_zh":"可倫坡","name_zht":"科伦坡","name_ja":"コロンボ","name_ko":"콜롬보","name_de":"Colombo","name_fr":"Colombo","name_es":"Colombo","name_pt":"Colombo","name_ru":"Коломбо","pop_max":217000,"featurecla":"Admin-0 capital","worldcity":0}},{"type":"Feature","geometry":{"type":"Point","coordinates":[123.8981,10.3219]},"properties":{"name":"Cebu","name_en":"Cebu City","name_zh":"Cebu City","name_zht":"宿霧","name_ja":"セブ市","name_ko":"세부","name_de":"Cebu City","name_fr":"Cebu","name_es":"Cebú","name_pt":"Cebu","name_ru":"Себу","pop_max":815000,"featurecla":"Populated place","worldcity":0}},{"type":"Feature","geometry":{"type":"Point","coordinates":[122.545,10.705]},"properties":{"name":"Iloilo","name_en":"Iloilo City","name_zh":"伊洛伊洛","name_zht":"伊洛伊洛","name_ja":null,"name_ko":null,"name_de":"Iloilo City","name_fr":"Iloilo","name_es":"Iloílo","name_pt":"Iloilo","name_ru":"Илоило","pop_max":387681,"featurecla":"Populated place","worldcity":0}},{"type":"Feature","geometry":{"type":"Point","coordinates":[125.628,7.112]},"properties":{"name":"Davao","name_en":"Davao City","name_zh":"达沃市","name_zht":"达沃","name_ja":"ダバオ","name_ko":"다바오","name_de":"Davao City","name_fr":"Davao","name_es":"Davao","name_pt":"Davao","name_ru":"Давао","pop_max":1402000,"featurecla":"Populated place","worldcity":0}},{"type":"Feature","geometry":{"type":"Point","coordinates":[101.615,56.157]},"properties":{"name":"Bratsk","name_en":"Bratsk","name_zh":"布拉茨克","name_zht":"布拉茨克","name_ja":"ブラーツク","name_ko":"브라츠크","name_de":"Bratsk","name_fr":"Bratsk","name_es":"Bratsk","name_pt":"Bratsk","name_ru":"Братск","pop_max":246348,"featurecla":"Populated place","worldcity":0}},{"type":"Feature","geometry":{"type":"Point","coordinates":[104.245,52.32]},"properties":{"name":"Irkutsk","name_en":"Irkutsk","name_zh":"伊爾庫茨克","name_zht":"伊爾庫茨克","name_ja":"イルクーツク","name_ko":"이르쿠츠크","name_de":"Irkutsk","name_fr":"Irkoutsk","name_es":"Irkutsk","name_pt":"Irkutsk","name_ru":"Иркутск","pop_max":586695,"featurecla":"Admin-1 capital","worldcity":0}},{"type":"Feature","geometry":{"type":"Point","coordinates":[92.8641,56.0159]},"properties":{"name":"Krasnoyarsk","name_en":"Krasnoyarsk","name_zh":"克拉斯諾亞爾斯克","name_zht":"克拉斯諾亞爾斯克","name_ja":"クラスノヤルスク","name_ko":"크라스노야르스크","name_de":"Krasnojarsk","name_fr":"Krasnoïarsk","name_es":"Krasnoyarsk","name_pt":"Krasnoyarsk","name_ru":"Красноярск","pop_max":925000,"featurecla":"Admin-1 capital","worldcity":0}},{"type":"Feature","geometry":{"type":"Point","coordinates":[80.5451,73.507]},"properties":{"name":"Dikson","name_en":"Dikson","name_zh":"迪克森市","name_zht":"迪克森市","name_ja":"ディクソン","name_ko":null,"name_de":"Dikson","name_fr":"Dikson","name_es":"Dikson","name_pt":"Dikson","name_ru":"Диксон","pop_max":1113,"featurecla":"Populated place","worldcity":0}},{"type":"Feature","geometry":{"type":"Point","coordinates":[113.465,52.055]},"properties":{"name":"Chita","name_en":"Chita","name_zh":"赤塔","name_zht":"赤塔","name_ja":"チタ","name_ko":"치타","name_de":"Tschita","name_fr":"Tchita","name_es":"Chitá","name_pt":"Chita","name_ru":"Чита","pop_max":308500,"featurecla":"Admin-1 capital","worldcity":0}},{"type":"Feature","geometry":{"type":"Point","coordinates":[131.91,43.13]},"properties":{"name":"Vladivostok","name_en":"Vladivostok","name_zh":"海参崴","name_zht":"海參崴","name_ja":"ウラジオストク","name_ko":"블라디보스토크","name_de":"Wladiwostok","name_fr":"Vladivostok","name_es":"Vladivostok","name_pt":"Vladivostok","name_ru":"Владивосток","pop_max":587022,"featurecla":"Admin-1 capital","worldcity":0}},{"type":"Feature","geometry":{"type":"Point","coordinates":[136.0666,71.4333]},"properties":{"name":"Nizhneyansk","name_en":"Nizhneyansk","name_zh":"下揚斯克","name_zht":null,"name_ja":null,"name_ko":null,"name_de":"Nischnejansk","name_fr":null,"name_es":null,"name_pt":null,"name_ru":"Нижнеянск","pop_max":400,"featurecla":"Populated place","worldcity":0}},{"type":"Feature","geometry":{"type":"Point","coordinates":[129.735,62.035]},"properties":{"name":"Yakutsk","name_en":"Yakutsk","name_zh":"雅库茨克","name_zht":"雅库茨克","name_ja":"ヤクーツク","name_ko":"야쿠츠크","name_de":"Jakutsk","name_fr":"Iakoutsk","name_es":"Yakutsk","name_pt":"Yakutsk","name_ru":"Якутск","pop_max":235600,"featurecla":"Admin-1 capital","worldcity":0}},{"type":"Feature","geometry":{"type":"Point","coordinates":[128.835,71.6269]},"properties":{"name":"Tiksi","name_en":"Tiksi","name_zh":"季克西","name_zht":"季克西","name_ja":"ティクシ","name_ko":"틱시","name_de":"Tiksi","name_fr":"Tiksi","name_es":"Tiksi","name_pt":"Tiksi","name_ru":"Тикси","pop_max":5700,"featurecla":"Populated place","worldcity":0}},{"type":"Feature","geometry":{"type":"Point","coordinates":[150.81,59.575]},"properties":{"name":"Magadan","name_en":"Magadan","name_zh":"马加丹","name_zht":"马加丹","name_ja":"マガダン","name_ko":"마가단","name_de":"Magadan","name_fr":"Magadan","name_es":"Magadán","name_pt":"Magadan","name_ru":"Магадан","pop_max":95282,"featurecla":"Admin-1 capital","worldcity":0}},{"type":"Feature","geometry":{"type":"Point","coordinates":[-117.0819,32.502]},"properties":{"name":"Tijuana","name_en":"Tijuana","name_zh":"蒂華納","name_zht":"蒂華納","name_ja":"ティフアナ","name_ko":"티후아나","name_de":"Tijuana","name_fr":"Tijuana","name_es":"Tijuana","name_pt":"Tijuana","name_ru":"Тихуана","pop_max":1553000,"featurecla":"Populated place","worldcity":0}},{"type":"Feature","geometry":{"type":"Point","coordinates":[-106.0869,28.6469]},"properties":{"name":"Chihuahua","name_en":"Chihuahua","name_zh":"奇瓦瓦市","name_zht":"奇瓦瓦","name_ja":"チワワ","name_ko":"치와와","name_de":"Chihuahua","name_fr":"Chihuahua","name_es":"Chihuahua","name_pt":"Chihuahua","name_ru":"Чиуауа","pop_max":793000,"featurecla":"Admin-1 capital","worldcity":0}},{"type":"Feature","geometry":{"type":"Point","coordinates":[-106.42,23.2211]},"properties":{"name":"Mazatlán","name_en":"Mazatlán","name_zh":"馬薩特蘭","name_zht":"馬薩特蘭","name_ja":"マサトラン","name_ko":"마사틀란","name_de":"Mazatlán","name_fr":"Mazatlán","name_es":"Mazatlán","name_pt":"Mazatlán","name_ru":"Масатлан","pop_max":368204,"featurecla":"Populated place","worldcity":0}},{"type":"Feature","geometry":{"type":"Point","coordinates":[-97.87,22.3]},"properties":{"name":"Tampico","name_en":"Tampico","name_zh":"坦皮科","name_zht":"坦皮科","name_ja":"タンピコ","name_ko":"탐피코","name_de":"Tampico","name_fr":"Tampico","name_es":"Tampico","name_pt":"Tampico","name_ru":"Тампико","pop_max":859419,"featurecla":"Populated place","worldcity":0}},{"type":"Feature","geometry":{"type":"Point","coordinates":[-99.916,16.85]},"properties":{"name":"Acapulco","name_en":"Acapulco","name_zh":"阿卡普尔科","name_zht":"阿卡普尔科","name_ja":"アカプルコ","name_ko":"아카풀코","name_de":"Acapulco","name_fr":"Acapulco","name_es":"Acapulco de Juárez","name_pt":"Acapulco","name_ru":"Акапулько","pop_max":715584,"featurecla":"Populated place","worldcity":0}},{"type":"Feature","geometry":{"type":"Point","coordinates":[-96.16,19.1773]},"properties":{"name":"Veracruz","name_en":"Veracruz","name_zh":"韦拉克鲁斯","name_zht":"韦拉克鲁斯","name_ja":"ベラクルス","name_ko":"베라크루스","name_de":"Veracruz","name_fr":"Veracruz","name_es":"Veracruz","name_pt":"Veracruz","name_ru":"Веракрус","pop_max":578963,"featurecla":"Populated place","worldcity":0}},{"type":"Feature","geometry":{"type":"Point","coordinates":[-93.15,16.75]},"properties":{"name":"Tuxtla Gutiérrez","name_en":"Tuxtla Gutiérrez","name_zh":"图斯特拉－古铁雷斯","name_zht":"图斯特拉－古铁雷斯","name_ja":null,"name_ko":null,"name_de":"Tuxtla Gutiérrez","name_fr":"Tuxtla Gutiérrez","name_es":"Tuxtla Gutiérrez","name_pt":"Tuxtla Gutiérrez","name_ru":"Тустла-Гутьеррес","pop_max":481128,"featurecla":"Admin-1 capital","worldcity":0}},{"type":"Feature","geometry":{"type":"Point","coordinates":[-86.83,21.17]},"properties":{"name":"Cancún","name_en":"Cancún","name_zh":"坎昆","name_zht":"坎昆","name_ja":"カンクン","name_ko":"칸쿤","name_de":"Cancún","name_fr":"Cancún","name_es":"Cancún","name_pt":"Cancún","name_ru":"Канкун","pop_max":542043,"featurecla":"Populated place","worldcity":0}},{"type":"Feature","geometry":{"type":"Point","coordinates":[-89.6186,20.9686]},"properties":{"name":"Mérida","name_en":"Mérida","name_zh":"梅里达","name_zht":"梅里達","name_ja":"メリダ","name_ko":"메리다","name_de":"Mérida","name_fr":"Mérida","name_es":"Mérida","name_pt":"Mérida","name_ru":"Мерида","pop_max":965000,"featurecla":"Admin-1 capital","worldcity":0}},{"type":"Feature","geometry":{"type":"Point","coordinates":[7.5,6.45]},"properties":{"name":"Enugu","name_en":"Enugu","name_zh":"埃努古","name_zht":"埃努古","name_ja":"エヌグ","name_ko":"에누구","name_de":"Enugu","name_fr":"Enugu","name_es":"Enugu","name_pt":"Enugu","name_ru":"Энугу","pop_max":688862,"featurecla":"Admin-1 capital","worldcity":0}},{"type":"Feature","geometry":{"type":"Point","coordinates":[5.24,13.06]},"properties":{"name":"Sokoto","name_en":"Sokoto","name_zh":"索科托","name_zht":"索科托","name_ja":"ソコト","name_ko":"소코토","name_de":"Sokoto","name_fr":"Sokoto","name_es":"Sokoto","name_pt":"Sokoto","name_ru":"Сокото","pop_max":732178,"featurecla":"Admin-1 capital","worldcity":0}},{"type":"Feature","geometry":{"type":"Point","coordinates":[56.248,58.0019]},"properties":{"name":"Perm","name_en":"Perm","name_zh":"彼尔姆","name_zht":"彼尔姆","name_ja":"ペルミ","name_ko":"페름","name_de":"Perm","name_fr":"Perm","name_es":"Perm","name_pt":"Perm","name_ru":"Пермь","pop_max":997000,"featurecla":"Admin-1 capital","worldcity":0}},{"type":"Feature","geometry":{"type":"Point","coordinates":[104.1183,49.0533]},"properties":{"name":"Erdenet","name_en":"Erdenet","name_zh":"额尔登特","name_zht":"额尔登特","name_ja":"エルデネト","name_ko":"에르데네트","name_de":"Erdenet","name_fr":"Erdenet","name_es":"Erdenet","name_pt":"Erdenet","name_ru":"Эрдэнэт","pop_max":79647,"featurecla":"Populated place","worldcity":0}},{"type":"Feature","geometry":{"type":"Point","coordinates":[106.9147,47.9186]},"properties":{"name":"Ulaanbaatar","name_en":"Ulaanbaatar","name_zh":"乌兰巴托","name_zht":"乌兰巴托","name_ja":null,"name_ko":null,"name_de":"Ulaanbaatar","name_fr":"Oulan-Bator","name_es":"Ulán Bator","name_pt":"Ulan Bator","name_ru":"Улан-Батор","pop_max":885000,"featurecla":"Admin-0 capital","worldcity":0}},{"type":"Feature","geometry":{"type":"Point","coordinates":[33.43,-8.89]},"properties":{"name":"Mbeya","name_en":"Mbeya","name_zh":"姆貝亞","name_zht":"姆貝亞","name_ja":"ムベヤ","name_ko":"므베야","name_de":"Mbeya","name_fr":"Mbeya","name_es":"Mbeya","name_pt":"Mbeya","name_ru":"Мбея","pop_max":291649,"featurecla":"Admin-1 capital","worldcity":0}},{"type":"Feature","geometry":{"type":"Point","coordinates":[17.0835,-22.57]},"properties":{"name":"Windhoek","name_en":"Windhoek","name_zh":"温得和克","name_zht":"温得和克","name_ja":"ウィントフック","name_ko":"빈트후크","name_de":"Windhoek","name_fr":"Windhoek","name_es":"Windhoek","name_pt":"Windhoek","name_ru":"Виндхук","pop_max":268132,"featurecla":"Admin-0 capital","worldcity":0}},{"type":"Feature","geometry":{"type":"Point","coordinates":[18.1166,-19.5666]},"properties":{"name":"Grootfontein","name_en":"Grootfontein","name_zh":"赫魯特方丹","name_zht":"赫魯特方丹","name_ja":"グルートフォンテイン","name_ko":"그루트폰테인","name_de":"Grootfontein","name_fr":"Grootfontein","name_es":"Grootfontein","name_pt":"Grootfontein","name_ru":"Хрутфонтейн","pop_max":24099,"featurecla":"Populated place","worldcity":0}},{"type":"Feature","geometry":{"type":"Point","coordinates":[39.2,-6.16]},"properties":{"name":"Zanzibar","name_en":"Zanzibar City","name_zh":"桑给巴尔市","name_zht":"桑给巴尔","name_ja":"ザンジバルシティ","name_ko":"잔지바르시티","name_de":"Sansibar-Stadt","name_fr":"Zanzibar","name_es":"Zanzíbar","name_pt":"Zanzibar","name_ru":"Занзибар","pop_max":403658,"featurecla":"Admin-1 capital","worldcity":0}},{"type":"Feature","geometry":{"type":"Point","coordinates":[-0.402,39.487]},"properties":{"name":"Valencia","name_en":"Valencia","name_zh":"巴倫西亞","name_zht":"巴倫西亞","name_ja":"バレンシア","name_ko":"발렌시아","name_de":"Valencia","name_fr":"Valence","name_es":"Valencia","name_pt":"Valência","name_ru":"Валенсия","pop_max":808000,"featurecla":"Admin-1 capital","worldcity":0}},{"type":"Feature","geometry":{"type":"Point","coordinates":[159.95,59.084]},"properties":{"name":"Palana","name_en":"Palana","name_zh":"帕拉纳","name_zht":"帕拉纳","name_ja":"パラナ","name_ko":"팔라나","name_de":"Palana","name_fr":"Palana","name_es":"Palana","name_pt":"Palana","name_ru":"Палана","pop_max":3671,"featurecla":"Populated place","worldcity":0}},{"type":"Feature","geometry":{"type":"Point","coordinates":[158.623,53.062]},"properties":{"name":"Petropavlovsk Kamchatskiy","name_en":"Petropavlovsk-Kamchatsky","name_zh":"堪察加彼得巴甫洛夫斯克","name_zht":"堪察加彼得巴甫洛夫斯克","name_ja":null,"name_ko":null,"name_de":"Petropawlowsk-Kamtschatski","name_fr":"Petropavlovsk-Kamtchatski","name_es":"Petropávlovsk-Kamchatski","name_pt":"Petropavlovsk-Kamchatski","name_ru":"Петропавловск-Камчатский","pop_max":187282,"featurecla":"Admin-1 capital","worldcity":0}},{"type":"Feature","geometry":{"type":"Point","coordinates":[7.5314,9.0853]},"properties":{"name":"Abuja","name_en":"Abuja","name_zh":"阿布贾","name_zht":"阿布贾","name_ja":"アブジャ","name_ko":"아부자","name_de":"Abuja","name_fr":"Abuja","name_es":"Abuya","name_pt":"Abuja","name_ru":"Абуджа","pop_max":1576000,"featurecla":"Admin-0 capital","worldcity":0}},{"type":"Feature","geometry":{"type":"Point","coordinates":[100.3581,-0.9581]},"properties":{"name":"Padang","name_en":"Padang","name_zh":"巴東","name_zht":"巴東","name_ja":"パダン","name_ko":"파당","name_de":"Padang","name_fr":"Padang","name_es":"Padang","name_pt":"Padang","name_ru":"Паданг","pop_max":855000,"featurecla":"Admin-1 capital","worldcity":0}},{"type":"Feature","geometry":{"type":"Point","coordinates":[-15.5984,11.865]},"properties":{"name":"Bissau","name_en":"Bissau","name_zh":"比绍","name_zht":"比绍","name_ja":"ビサウ","name_ko":"비사우","name_de":"Bissau","name_fr":"Bissau","name_es":"Bisáu","name_pt":"Bissau","name_ru":"Бисау","pop_max":403339,"featurecla":"Admin-0 capital","worldcity":0}},{"type":"Feature","geometry":{"type":"Point","coordinates":[13.3481,38.127]},"properties":{"name":"Palermo","name_en":"Palermo","name_zh":"巴勒莫市","name_zht":"巴勒莫","name_ja":"パレルモ","name_ko":"팔레르모","name_de":"Palermo","name_fr":"Palerme","name_es":"Palermo","name_pt":"Palermo","name_ru":"Палермо","pop_max":863000,"featurecla":"Admin-1 region capital","worldcity":0}},{"type":"Feature","geometry":{"type":"Point","coordinates":[35.9314,31.952]},"properties":{"name":"Amman","name_en":"Amman","name_zh":"安曼","name_zht":"安曼","name_ja":"アンマン","name_ko":"암만","name_de":"Amman","name_fr":"Amman","name_es":"Amán","name_pt":"Amã","name_ru":"Амман","pop_max":1060000,"featurecla":"Admin-0 capital","worldcity":0}},{"type":"Feature","geometry":{"type":"Point","coordinates":[25.3166,54.6834]},"properties":{"name":"Vilnius","name_en":"Vilnius","name_zh":"维尔纽斯","name_zht":"维尔纽斯","name_ja":"ヴィリニュス","name_ko":"빌뉴스","name_de":"Vilnius","name_fr":"Vilnius","name_es":"Vilna","name_pt":"Vilnius","name_ru":"Вильнюс","pop_max":542366,"featurecla":"Admin-0 capital","worldcity":0}},{"type":"Feature","geometry":{"type":"Point","coordinates":[24.1,56.95]},"properties":{"name":"Riga","name_en":"Riga","name_zh":"里加","name_zht":"里加","name_ja":"リガ","name_ko":"리가","name_de":"Riga","name_fr":"Riga","name_es":"Riga","name_pt":"Riga","name_ru":"Рига","pop_max":742572,"featurecla":"Admin-0 capital","worldcity":0}},{"type":"Feature","geometry":{"type":"Point","coordinates":[74.5833,42.875]},"properties":{"name":"Bishkek","name_en":"Bishkek","name_zh":"比什凯克","name_zht":"比什凯克","name_ja":"ビシュケク","name_ko":"비슈케크","name_de":"Bischkek","name_fr":"Bichkek","name_es":"Biskek","name_pt":"Bisqueque","name_ru":"Бишкек","pop_max":837000,"featurecla":"Admin-0 capital","worldcity":0}},{"type":"Feature","geometry":{"type":"Point","coordinates":[98.3,39.82]},"properties":{"name":"Jiayuguan","name_en":"Jiayuguan City","name_zh":"嘉峪关市","name_zht":"嘉峪關","name_ja":"嘉峪関市","name_ko":"자위관 시","name_de":"Jiayuguan","name_fr":"Jiayuguan","name_es":"Jiayuguan","name_pt":"Jiayuguan","name_ru":"Цзяюйгуань","pop_max":148279,"featurecla":"Populated place","worldcity":0}},{"type":"Feature","geometry":{"type":"Point","coordinates":[101.7681,36.6219]},"properties":{"name":"Xining","name_en":"Xining","name_zh":"西宁","name_zht":"西宁","name_ja":"西寧市","name_ko":"시닝 시","name_de":"Xining","name_fr":"Xining","name_es":"Xining","name_pt":"Xining","name_ru":"Синин","pop_max":1048000,"featurecla":"Admin-1 capital","worldcity":0}},{"type":"Feature","geometry":{"type":"Point","coordinates":[110.2781,25.2819]},"properties":{"name":"Guilin","name_en":"Guilin","name_zh":"桂林市","name_zht":"桂林","name_ja":"桂林市","name_ko":"구이린 시","name_de":"Guilin","name_fr":"Guilin","name_es":"Guilin","name_pt":"Guilin","name_ru":"Гуйлинь","pop_max":987000,"featurecla":"Populated place","worldcity":0}},{"type":"Feature","geometry":{"type":"Point","coordinates":[116.978,32.6319]},"properties":{"name":"Huainan","name_en":"Huainan","name_zh":"淮南","name_zht":"淮南","name_ja":null,"name_ko":null,"name_de":"Huainan","name_fr":"Huainan","name_es":"Huainan","name_pt":"Huainan","name_ru":"Хуайнань","pop_max":1451000,"featurecla":"Populated place","worldcity":0}},{"type":"Feature","geometry":{"type":"Point","coordinates":[116.6681,23.372]},"properties":{"name":"Shantou","name_en":"Shantou","name_zh":"汕头市","name_zht":"汕头","name_ja":"汕頭","name_ko":"산터우 시","name_de":"Shantou","name_fr":"Shantou","name_es":"Shantou","name_pt":"Shantou","name_ru":"Шаньтоу","pop_max":1601000,"featurecla":"Populated place","worldcity":0}},{"type":"Feature","geometry":{"type":"Point","coordinates":[117.633,3.3]},"properties":{"name":"Tarakan","name_en":"Tarakan","name_zh":"塔拉卡恩","name_zht":"塔拉卡恩","name_ja":null,"name_ko":null,"name_de":"Tarakan","name_fr":"Tarakan","name_es":"Tarakan","name_pt":"Tarakan","name_ru":"Таракан","pop_max":193069,"featurecla":"Populated place","worldcity":0}},{"type":"Feature","geometry":{"type":"Point","coordinates":[39.688,-4.0381]},"properties":{"name":"Mombasa","name_en":"Mombasa","name_zh":"蒙巴萨","name_zht":"蒙巴萨","name_ja":"モンバサ","name_ko":"몸바사","name_de":"Mombasa","name_fr":"Mombasa","name_es":"Mombasa","name_pt":"Mombaça","name_ru":"Момбаса","pop_max":882000,"featurecla":"Admin-1 capital","worldcity":0}},{"type":"Feature","geometry":{"type":"Point","coordinates":[27.4833,-29.3167]},"properties":{"name":"Maseru","name_en":"Maseru","name_zh":"马塞卢","name_zht":"马塞卢","name_ja":"マセル","name_ko":"마세루","name_de":"Maseru","name_fr":"Maseru","name_es":"Maseru","name_pt":"Maseru","name_ru":"Масеру","pop_max":361324,"featurecla":"Admin-0 capital","worldcity":0}},{"type":"Feature","geometry":{"type":"Point","coordinates":[47.5147,-18.9147]},"properties":{"name":"Antananarivo","name_en":"Antananarivo","name_zh":"塔那那利佛","name_zht":"塔那那利佛","name_ja":"アンタナナリボ","name_ko":"안타나나리보","name_de":"Antananarivo","name_fr":"Antananarivo","name_es":"Antananarivo","name_pt":"Antananarivo","name_ru":"Антананариву","pop_max":1697000,"featurecla":"Admin-0 capital","worldcity":0}},{"type":"Feature","geometry":{"type":"Point","coordinates":[110.4181,-6.9647]},"properties":{"name":"Semarang","name_en":"Semarang","name_zh":"三寶瓏","name_zht":"三寶瓏","name_ja":"スマラン","name_ko":"스마랑","name_de":"Semarang","name_fr":"Semarang","name_es":"Semarang","name_pt":"Semarang","name_ru":"Семаранг","pop_max":1396000,"featurecla":"Admin-1 capital","worldcity":0}},{"type":"Feature","geometry":{"type":"Point","coordinates":[104.7481,-2.9781]},"properties":{"name":"Palembang","name_en":"Palembang","name_zh":"巨港","name_zht":"巨港","name_ja":"パレンバン","name_ko":"팔렘방","name_de":"Palembang","name_fr":"Palembang","name_es":"Palembang","name_pt":"Palimbão","name_ru":"Палембанг","pop_max":1749000,"featurecla":"Admin-1 capital","worldcity":0}},{"type":"Feature","geometry":{"type":"Point","coordinates":[114.5801,-3.33]},"properties":{"name":"Bandjarmasin","name_en":"Banjarmasin","name_zh":"馬辰","name_zht":"馬辰","name_ja":null,"name_ko":null,"name_de":"Banjarmasin","name_fr":"Banjarmasin","name_es":"Banjarmasin","name_pt":"Banjarmasin","name_ru":"Банджармасин","pop_max":603576,"featurecla":"Admin-1 capital","worldcity":0}},{"type":"Feature","geometry":{"type":"Point","coordinates":[119.4301,-5.138]},"properties":{"name":"Ujungpandang","name_en":"Makassar","name_zh":"Makassar","name_zht":"望加錫","name_ja":"マカッサル","name_ko":"마카사르","name_de":"Makassar","name_fr":"Makassar","name_es":"Macasar","name_pt":"Macáçar","name_ru":"Макасар","pop_max":1262000,"featurecla":"Populated place","worldcity":0}},{"type":"Feature","geometry":{"type":"Point","coordinates":[4.8281,45.772]},"properties":{"name":"Lyon","name_en":"Lyon","name_zh":"里昂","name_zht":"里昂","name_ja":"リヨン","name_ko":"리옹","name_de":"Lyon","name_fr":"Lyon","name_es":"Lyon","name_pt":"Lyon","name_ru":"Лион","pop_max":1423000,"featurecla":"Admin-1 region capital","worldcity":0}},{"type":"Feature","geometry":{"type":"Point","coordinates":[-78.502,-0.213]},"properties":{"name":"Quito","name_en":"Quito","name_zh":"基多","name_zht":"基多","name_ja":"キト","name_ko":"키토","name_de":"Quito","name_fr":"Quito","name_es":"Quito","name_pt":"Quito","name_ru":"Кито","pop_max":1701000,"featurecla":"Admin-0 capital","worldcity":0}},{"type":"Feature","geometry":{"type":"Point","coordinates":[-84.086,9.937]},"properties":{"name":"San José","name_en":"San José","name_zh":"聖荷西","name_zht":"聖荷西","name_ja":"サンホセ","name_ko":"산호세","name_de":"San José","name_fr":"San José","name_es":"San José","name_pt":"San José","name_ru":"Сан-Хосе","pop_max":1284000,"featurecla":"Admin-0 capital","worldcity":0}},{"type":"Feature","geometry":{"type":"Point","coordinates":[-89.205,13.7119]},"properties":{"name":"San Salvador","name_en":"San Salvador","name_zh":"聖薩爾瓦多","name_zht":"聖薩爾瓦多","name_ja":"サンサルバドル","name_ko":"산살바도르","name_de":"San Salvador","name_fr":"San Salvador","name_es":"San Salvador","name_pt":"San Salvador","name_ru":"Сан-Сальвадор","pop_max":1433000,"featurecla":"Admin-0 capital","worldcity":0}},{"type":"Feature","geometry":{"type":"Point","coordinates":[-76.7674,17.9771]},"properties":{"name":"Kingston","name_en":"Kingston","name_zh":"京斯敦","name_zht":"京斯敦","name_ja":"キングストン","name_ko":"킹스턴","name_de":"Kingston","name_fr":"Kingston","name_es":"Kingston","name_pt":"Kingston","name_ru":"Кингстон","pop_max":937700,"featurecla":"Admin-0 capital","worldcity":0}},{"type":"Feature","geometry":{"type":"Point","coordinates":[-75.5163,10.4017]},"properties":{"name":"Cartagena","name_en":"Cartagena of Indias","name_zh":"卡塔赫纳","name_zht":"卡塔赫纳","name_ja":"カルタヘナ","name_ko":"카르타헤나","name_de":"Cartagena","name_fr":"Carthagène des Indes","name_es":"Cartagena de Indias","name_pt":"Cartagena das Índias","name_ru":"Картахена","pop_max":887000,"featurecla":"Admin-1 capital","worldcity":0}},{"type":"Feature","geometry":{"type":"Point","coordinates":[-70.1736,1.1983]},"properties":{"name":"Mitú","name_en":"Mitú","name_zh":"米图","name_zht":"米图","name_ja":"ミトゥ","name_ko":null,"name_de":"Mitú","name_fr":"Mitú","name_es":"Mitú","name_pt":"Mitú","name_ru":"Миту","pop_max":5917,"featurecla":"Admin-1 capital","worldcity":0}},{"type":"Feature","geometry":{"type":"Point","coordinates":[22.46,2.19]},"properties":{"name":"Bumba","name_en":"Bumba","name_zh":"奔巴","name_zht":"奔巴","name_ja":"ブンバ","name_ko":"붐바","name_de":"Bumba","name_fr":"Bumba","name_es":null,"name_pt":"Bumba","name_ru":"Бумба","pop_max":160539,"featurecla":"Populated place","worldcity":0}},{"type":"Feature","geometry":{"type":"Point","coordinates":[15.0472,12.115]},"properties":{"name":"Ndjamena","name_en":"N'Djamena","name_zh":"恩賈梅納","name_zht":"恩賈梅納","name_ja":null,"name_ko":null,"name_de":"N’Djamena","name_fr":"N'Djamena","name_es":"Yamena","name_pt":"N'Djamena","name_ru":"Нджамена","pop_max":989000,"featurecla":"Admin-0 capital","worldcity":0}},{"type":"Feature","geometry":{"type":"Point","coordinates":[20.83,13.84]},"properties":{"name":"Abéché","name_en":"Abéché","name_zh":"阿贝歇","name_zht":"阿贝歇","name_ja":"アベシェ","name_ko":"아베셰","name_de":"Abéché","name_fr":"Abéché","name_es":"Abéché","name_pt":"Abéché","name_ru":"Абеше","pop_max":158317,"featurecla":"Admin-1 capital","worldcity":0}},{"type":"Feature","geometry":{"type":"Point","coordinates":[8.7833,3.75]},"properties":{"name":"Malabo","name_en":"Malabo","name_zh":"馬拉博","name_zht":"馬拉博","name_ja":"マラボ","name_ko":"말라보","name_de":"Malabo","name_fr":"Malabo","name_es":"Malabo","name_pt":"Malabo","name_ru":"Малабо","pop_max":155963,"featurecla":"Admin-0 capital","worldcity":0}},{"type":"Feature","geometry":{"type":"Point","coordinates":[32.65,25.7]},"properties":{"name":"Luxor","name_en":"Luxor","name_zh":"樂蜀","name_zht":"樂蜀","name_ja":"ルクソール","name_ko":"룩소르","name_de":"Luxor","name_fr":"Louxor","name_es":"Lúxor","name_pt":"Luxor","name_ru":"Луксор","pop_max":609248,"featurecla":"Populated place","worldcity":0}},{"type":"Feature","geometry":{"type":"Point","coordinates":[38.9333,15.3333]},"properties":{"name":"Asmara","name_en":"Asmara","name_zh":"阿斯馬拉","name_zht":"阿斯馬拉","name_ja":"アスマラ","name_ko":"아스마라","name_de":"Asmara","name_fr":"Asmara","name_es":"Asmara","name_pt":"Asmara","name_ru":"Асмэра","pop_max":620802,"featurecla":"Admin-0 capital","worldcity":0}},{"type":"Feature","geometry":{"type":"Point","coordinates":[16,45.8]},"properties":{"name":"Zagreb","name_en":"Zagreb","name_zh":"萨格勒布","name_zht":"萨格勒布","name_ja":"ザグレブ","name_ko":"자그레브","name_de":"Zagreb","name_fr":"Zagreb","name_es":"Zagreb","name_pt":"Zagreb","name_ru":"Загреб","pop_max":722526,"featurecla":"Admin-0 capital","worldcity":0}},{"type":"Feature","geometry":{"type":"Point","coordinates":[24.728,59.4339]},"properties":{"name":"Tallinn","name_en":"Tallinn","name_zh":"塔林","name_zht":"塔林","name_ja":"タリン","name_ko":"탈린","name_de":"Tallinn","name_fr":"Tallinn","name_es":"Tallin","name_pt":"Tallinn","name_ru":"Таллин","pop_max":394024,"featurecla":"Admin-0 capital","worldcity":0}},{"type":"Feature","geometry":{"type":"Point","coordinates":[91.1,29.645]},"properties":{"name":"Lhasa","name_en":"Lhasa","name_zh":"拉萨","name_zht":"拉萨","name_ja":"ラサ市","name_ko":"라싸 시","name_de":"Lhasa","name_fr":"Lhassa","name_es":"Lhasa","name_pt":"Lassa","name_ru":"Лхаса","pop_max":219599,"featurecla":"Admin-1 capital","worldcity":0}},{"type":"Feature","geometry":{"type":"Point","coordinates":[93.515,42.827]},"properties":{"name":"Hami","name_en":"Yizhou","name_zh":"哈密地区","name_zht":"伊州区","name_ja":"クムル市","name_ko":"하미","name_de":"Kumul","name_fr":"Yizhou","name_es":"Ciudad de Kumul","name_pt":"Kumul","name_ru":"Хами","pop_max":300848,"featurecla":"Populated place","worldcity":0}},{"type":"Feature","geometry":{"type":"Point","coordinates":[79.9269,37.0997]},"properties":{"name":"Hotan","name_en":"Hotan","name_zh":"和田","name_zht":"和田","name_ja":null,"name_ko":null,"name_de":"Hotan","name_fr":"Hotan","name_es":"Jotán","name_pt":"Hotan","name_ru":"Хотан","pop_max":261730,"featurecla":"Populated place","worldcity":0}},{"type":"Feature","geometry":{"type":"Point","coordinates":[75.9699,39.4763]},"properties":{"name":"Kashgar","name_en":"Kashgar","name_zh":"喀什","name_zht":"喀什","name_ja":"カシュガル市","name_ko":"카스 시","name_de":"Kaxgar","name_fr":"Kachgar","name_es":"Kasgar","name_pt":"Kashgar","name_ru":"Кашгар","pop_max":543914,"featurecla":"Populated place","worldcity":0}},{"type":"Feature","geometry":{"type":"Point","coordinates":[106.2711,38.4699]},"properties":{"name":"Yinchuan","name_en":"Yinchuan","name_zh":"银川","name_zht":"銀川","name_ja":"銀川市","name_ko":"인촨 시","name_de":"Yinchuan","name_fr":"Yinchuan","name_es":"Yinchuan","name_pt":"Yinchuan","name_ru":"Иньчуань","pop_max":991000,"featurecla":"Admin-1 capital","worldcity":0}},{"type":"Feature","geometry":{"type":"Point","coordinates":[113.8481,27.622]},"properties":{"name":"Pingxiang","name_en":"Pingxiang","name_zh":"萍乡","name_zht":"萍乡","name_ja":"萍郷市","name_ko":"핑샹 시","name_de":"Pingxiang","name_fr":"Pingxiang","name_es":"Pingxiang","name_pt":"Pingxiang","name_ru":"Пинсян","pop_max":961000,"featurecla":"Populated place","worldcity":0}},{"type":"Feature","geometry":{"type":"Point","coordinates":[129.885,32.765]},"properties":{"name":"Nagasaki","name_en":"Nagasaki","name_zh":"长崎","name_zht":"长崎","name_ja":"長崎市","name_ko":"나가사키 시","name_de":"Nagasaki","name_fr":"Nagasaki","name_es":"Nagasaki","name_pt":"Nagasaki","name_ru":"Нагасаки","pop_max":435455,"featurecla":"Populated place","worldcity":0}},{"type":"Feature","geometry":{"type":"Point","coordinates":[123.988,47.3469]},"properties":{"name":"Qiqihar","name_en":"Qiqihar","name_zh":"齐齐哈尔","name_zht":"齐齐哈尔","name_ja":"チチハル市","name_ko":"치치하얼 시","name_de":"Qiqihar","name_fr":"Qiqihar","name_es":"Qiqihar","name_pt":"Qiqihar","name_ru":"Цицикар","pop_max":1641000,"featurecla":"Populated place","worldcity":0}},{"type":"Feature","geometry":{"type":"Point","coordinates":[18.85,-5.03]},"properties":{"name":"Kikwit","name_en":"Kikwit","name_zh":"基奎特","name_zht":"基奎特","name_ja":"キクウィト","name_ko":"키퀴트","name_de":"Kikwit","name_fr":"Kikwit","name_es":"Kikwit","name_pt":"Kikwit","name_ru":"Киквит","pop_max":637736,"featurecla":"Populated place","worldcity":0}},{"type":"Feature","geometry":{"type":"Point","coordinates":[13.45,-5.8166]},"properties":{"name":"Matadi","name_en":"Matadi","name_zh":"马塔迪","name_zht":"马塔迪","name_ja":"マタディ","name_ko":"마타디","name_de":"Matadi","name_fr":"Matadi","name_es":"Matadi","name_pt":"Matadi","name_ru":"Матади","pop_max":245862,"featurecla":"Admin-1 capital","worldcity":0}},{"type":"Feature","geometry":{"type":"Point","coordinates":[25.4724,-10.7167]},"properties":{"name":"Kolwezi","name_en":"Kolwezi","name_zh":"科卢韦齐","name_zht":"科卢韦齐","name_ja":null,"name_ko":null,"name_de":"Kolwezi","name_fr":"Kolwezi","name_es":"Kolwezi","name_pt":"Kolwezi","name_ru":"Колвези","pop_max":418000,"featurecla":"Admin-1 capital","worldcity":0}},{"type":"Feature","geometry":{"type":"Point","coordinates":[27.4781,-11.6781]},"properties":{"name":"Lubumbashi","name_en":"Lubumbashi","name_zh":"盧本巴希","name_zht":"盧本巴希","name_ja":"ルブンバシ","name_ko":"루붐바시","name_de":"Lubumbashi","name_fr":"Lubumbashi","name_es":"Lubumbashi","name_pt":"Lubumbashi","name_ru":"Лубумбаши","pop_max":1352000,"featurecla":"Populated place","worldcity":0}},{"type":"Feature","geometry":{"type":"Point","coordinates":[33.7833,-13.9833]},"properties":{"name":"Lilongwe","name_en":"Lilongwe","name_zh":"利隆圭","name_zht":"利隆圭","name_ja":"リロングウェ","name_ko":"릴롱궤","name_de":"Lilongwe","name_fr":"Lilongwe","name_es":"Lilongüe","name_pt":"Lilongwe","name_ru":"Лилонгве","pop_max":646750,"featurecla":"Admin-0 capital","worldcity":0}},{"type":"Feature","geometry":{"type":"Point","coordinates":[-90.5289,14.6231]},"properties":{"name":"Guatemala","name_en":"Guatemala City","name_zh":"Guatemala City","name_zht":"瓜地馬拉","name_ja":"グアテマラシティ","name_ko":"과테말라시티","name_de":"Guatemala-Stadt","name_fr":"Guatemala","name_es":"Ciudad de Guatemala","name_pt":"Cidade da Guatemala","name_ru":"Гватемала","pop_max":1024000,"featurecla":"Admin-0 capital","worldcity":0}},{"type":"Feature","geometry":{"type":"Point","coordinates":[-52.33,4.933]},"properties":{"name":"Cayenne","name_en":"Cayenne","name_zh":"開雲","name_zht":"開雲","name_ja":"カイエンヌ","name_ko":"카옌","name_de":"Cayenne","name_fr":"Cayenne","name_es":"Cayena","name_pt":"Caiena","name_ru":"Кайенна","pop_max":61550,"featurecla":"Populated place","worldcity":0}},{"type":"Feature","geometry":{"type":"Point","coordinates":[9.458,0.3854]},"properties":{"name":"Libreville","name_en":"Libreville","name_zh":"利伯维尔","name_zht":"利伯维尔","name_ja":"リーブルヴィル","name_ko":"리브르빌","name_de":"Libreville","name_fr":"Libreville","name_es":"Libreville","name_pt":"Libreville","name_ru":"Либревиль","pop_max":578156,"featurecla":"Admin-0 capital","worldcity":0}},{"type":"Feature","geometry":{"type":"Point","coordinates":[83.303,17.732]},"properties":{"name":"Vishakhapatnam","name_en":"Visakhapatnam","name_zh":"维沙卡帕特南","name_zht":"维沙卡帕特南","name_ja":null,"name_ko":null,"name_de":"Visakhapatnam","name_fr":"Visakhapatnam","name_es":"Visakhapatnam","name_pt":"Vishakhapatnam","name_ru":"Вишакхапатнам","pop_max":1529000,"featurecla":"Populated place","worldcity":0}},{"type":"Feature","geometry":{"type":"Point","coordinates":[178.4417,-18.133]},"properties":{"name":"Suva","name_en":"Suva","name_zh":"蘇瓦","name_zht":"蘇瓦","name_ja":"スバ","name_ko":"수바","name_de":"Suva","name_fr":"Suva","name_es":"Suva","name_pt":"Suva","name_ru":"Сува","pop_max":175399,"featurecla":"Admin-0 capital","worldcity":0}},{"type":"Feature","geometry":{"type":"Point","coordinates":[8.78,-0.72]},"properties":{"name":"Port-Gentil","name_en":"Port-Gentil","name_zh":"让蒂尔港","name_zht":"让蒂尔港","name_ja":"ポールジャンティ","name_ko":"포르장티","name_de":"Port-Gentil","name_fr":"Port-Gentil","name_es":"Port-Gentil","name_pt":"Port-Gentil","name_ru":"Порт-Жантиль","pop_max":116836,"featurecla":"Admin-1 capital","worldcity":0}},{"type":"Feature","geometry":{"type":"Point","coordinates":[-3.0166,16.7666]},"properties":{"name":"Timbuktu","name_en":"Timbuktu","name_zh":"廷巴克图","name_zht":"廷巴克图","name_ja":"トンブクトゥ","name_ko":"팀북투","name_de":"Timbuktu","name_fr":"Tombouctou","name_es":"Tombuctú","name_pt":"Tombuctu","name_ru":"Томбукту","pop_max":68872,"featurecla":"Populated place","worldcity":0}},{"type":"Feature","geometry":{"type":"Point","coordinates":[-70.94,-53.165]},"properties":{"name":"Punta Arenas","name_en":"Punta Arenas","name_zh":"蓬塔阿雷纳斯","name_zht":"蓬塔阿雷纳斯","name_ja":"プンタ・アレーナス","name_ko":"푼타아레나스","name_de":"Punta Arenas","name_fr":"Punta Arenas","name_es":"Punta Arenas","name_pt":"Punta Arenas","name_ru":"Пунта-Аренас","pop_max":117430,"featurecla":"Admin-1 capital","worldcity":0}},{"type":"Feature","geometry":{"type":"Point","coordinates":[-70.13,-20.25]},"properties":{"name":"Iquique","name_en":"Iquique","name_zh":"伊基克","name_zht":"伊基克","name_ja":"イキケ","name_ko":"이키케","name_de":"Iquique","name_fr":"Iquique","name_es":"Iquique","name_pt":"Iquique","name_ru":"Икике","pop_max":227499,"featurecla":"Admin-1 capital","worldcity":0}},{"type":"Feature","geometry":{"type":"Point","coordinates":[-70.4,-23.65]},"properties":{"name":"Antofagasta","name_en":"Antofagasta","name_zh":"安托法加斯塔","name_zht":"安托法加斯塔","name_ja":"アントファガスタ","name_ko":"안토파가스타","name_de":"Antofagasta","name_fr":"Antofagasta","name_es":"Antofagasta","name_pt":"Antofagasta","name_ru":"Антофагаста","pop_max":309832,"featurecla":"Admin-1 capital","worldcity":0}},{"type":"Feature","geometry":{"type":"Point","coordinates":[-71.623,-33.0458]},"properties":{"name":"Valparaíso","name_en":"Valparaíso","name_zh":"瓦尔帕莱索","name_zht":"瓦尔帕莱索","name_ja":"バルパライソ","name_ko":"발파라이소","name_de":"Valparaíso","name_fr":"Valparaíso","name_es":"Valparaíso","name_pt":"Valparaíso","name_ru":"Вальпараисо","pop_max":854000,"featurecla":"Admin-0 capital alt","worldcity":0}},{"type":"Feature","geometry":{"type":"Point","coordinates":[-73.245,-39.795]},"properties":{"name":"Valdivia","name_en":"Valdivia","name_zh":"瓦尔迪维亚","name_zht":"瓦尔迪维亚","name_ja":"バルディビア","name_ko":"발디비아","name_de":"Valdivia","name_fr":"Valdivia","name_es":"Valdivia","name_pt":"Valdivia","name_ru":"Вальдивия","pop_max":159599,"featurecla":"Admin-1 capital","worldcity":0}},{"type":"Feature","geometry":{"type":"Point","coordinates":[-73.05,-36.83]},"properties":{"name":"Concepción","name_en":"Concepción","name_zh":"康塞普西翁","name_zht":"康塞普西翁","name_ja":"コンセプシオン","name_ko":"콘셉시온","name_de":"Concepción","name_fr":"Concepción","name_es":"Concepción","name_pt":"Concepción","name_ru":"Консепсьон","pop_max":889725,"featurecla":"Admin-1 capital","worldcity":0}},{"type":"Feature","geometry":{"type":"Point","coordinates":[-72.93,-41.47]},"properties":{"name":"Puerto Montt","name_en":"Puerto Montt","name_zh":"蒙特港","name_zht":"蒙特港","name_ja":"プエルトモント","name_ko":"푸에르토몬트","name_de":"Puerto Montt","name_fr":"Puerto Montt","name_es":"Puerto Montt","name_pt":"Puerto Montt","name_ru":"Пуэрто-Монт","pop_max":174629,"featurecla":"Admin-1 capital","worldcity":0}},{"type":"Feature","geometry":{"type":"Point","coordinates":[-51.7327,64.1983]},"properties":{"name":"Nuuk","name_en":"Nuuk","name_zh":"努克","name_zht":"努克","name_ja":"ヌーク","name_ko":"누크","name_de":"Nuuk","name_fr":"Nuuk","name_es":"Nuuk","name_pt":"Nuuk","name_ru":"Нуук","pop_max":14798,"featurecla":"Admin-0 region capital","worldcity":0}},{"type":"Feature","geometry":{"type":"Point","coordinates":[-15.9753,18.0864]},"properties":{"name":"Nouakchott","name_en":"Nouakchott","name_zh":"努瓦克肖特","name_zht":"努瓦克肖特","name_ja":"ヌアクショット","name_ko":"누악쇼트","name_de":"Nouakchott","name_fr":"Nouakchott","name_es":"Nuakchot","name_pt":"Nouakchott","name_ru":"Нуакшот","pop_max":742144,"featurecla":"Admin-0 capital","worldcity":0}},{"type":"Feature","geometry":{"type":"Point","coordinates":[-8.002,12.652]},"properties":{"name":"Bamako","name_en":"Bamako","name_zh":"巴馬科","name_zht":"巴馬科","name_ja":"バマコ","name_ko":"바마코","name_de":"Bamako","name_fr":"Bamako","name_es":"Bamako","name_pt":"Bamako","name_ru":"Бамако","pop_max":1494000,"featurecla":"Admin-0 capital","worldcity":0}},{"type":"Feature","geometry":{"type":"Point","coordinates":[-13.05,20.5166]},"properties":{"name":"Atar","name_en":"Atar","name_zh":"阿塔爾","name_zht":"阿塔爾","name_ja":"アタール","name_ko":"아타르","name_de":"Atar","name_fr":"Atar","name_es":"Atar","name_pt":"Atar","name_ru":"Атар","pop_max":44265,"featurecla":"Admin-1 capital","worldcity":0}},{"type":"Feature","geometry":{"type":"Point","coordinates":[-4.55,13.9]},"properties":{"name":"Djenné","name_en":"Djenné","name_zh":"杰内","name_zht":"杰内","name_ja":null,"name_ko":null,"name_de":"Djenné","name_fr":"Djenné","name_es":"Djenné","name_pt":"Djenné","name_ru":"Дженне","pop_max":32944,"featurecla":"Populated place","worldcity":0}},{"type":"Feature","geometry":{"type":"Point","coordinates":[14.4333,27.0333]},"properties":{"name":"Sabha","name_en":"Sabha","name_zh":"拾哈","name_zht":"拾哈","name_ja":"サブハ","name_ko":null,"name_de":"Sabha","name_fr":"Sebha","name_es":"Sabha","name_pt":"Sabha","name_ru":"Себха","pop_max":100249,"featurecla":"Admin-1 capital","worldcity":0}},{"type":"Feature","geometry":{"type":"Point","coordinates":[20.0648,32.1187]},"properties":{"name":"Banghazi","name_en":"Benghazi","name_zh":"班加西","name_zht":"班加西","name_ja":null,"name_ko":null,"name_de":"Bengasi","name_fr":"Benghazi","name_es":"Bengasi","name_pt":"Bengasi","name_ru":"Бенгази","pop_max":1180000,"featurecla":"Admin-1 capital","worldcity":0}},{"type":"Feature","geometry":{"type":"Point","coordinates":[22.8831,40.6981]},"properties":{"name":"Thessaloniki","name_en":"Thessaloniki","name_zh":"Thessaloníki","name_zht":"塞萨洛尼基","name_ja":"テッサロニキ","name_ko":"Thessaloníki","name_de":"Thessaloniki","name_fr":"Thessalonique","name_es":"Salónica","name_pt":"Salonica","name_ru":"Салоники","pop_max":828000,"featurecla":"Populated place","worldcity":0}},{"type":"Feature","geometry":{"type":"Point","coordinates":[35.5078,33.8739]},"properties":{"name":"Beirut","name_en":"Beirut","name_zh":"贝鲁特","name_zht":"贝鲁特","name_ja":"ベイルート","name_ko":"베이루트","name_de":"Beirut","name_fr":"Beyrouth","name_es":"Beirut","name_pt":"Beirute","name_ru":"Бейрут","pop_max":1846000,"featurecla":"Admin-0 capital","worldcity":0}},{"type":"Feature","geometry":{"type":"Point","coordinates":[44.7888,41.727]},"properties":{"name":"Tbilisi","name_en":"Tbilisi","name_zh":"第比利斯","name_zht":"第比利斯","name_ja":"トビリシ","name_ko":"트빌리시","name_de":"Tiflis","name_fr":"Tbilissi","name_es":"Tiflis","name_pt":"Tbilisi","name_ru":"Тбилиси","pop_max":1100000,"featurecla":"Admin-0 capital","worldcity":0}},{"type":"Feature","geometry":{"type":"Point","coordinates":[37.46,12.61]},"properties":{"name":"Gondar","name_en":"Gondar","name_zh":"貢德爾","name_zht":"貢德爾","name_ja":"ゴンダール","name_ko":"곤다르","name_de":"Gonder","name_fr":"Gondar","name_es":"Gondar","name_pt":"Gondar","name_ru":"Гондэр","pop_max":156230,"featurecla":"Admin-1 capital","worldcity":0}},{"type":"Feature","geometry":{"type":"Point","coordinates":[71.4278,51.1811]},"properties":{"name":"Astana","name_en":"Astana","name_zh":"阿斯塔納","name_zht":"阿斯塔納","name_ja":null,"name_ko":"아스타나","name_de":"Astana","name_fr":"Astana","name_es":"Astaná","name_pt":"Astana","name_ru":"Астана","pop_max":345604,"featurecla":"Admin-0 capital","worldcity":0}},{"type":"Feature","geometry":{"type":"Point","coordinates":[73.115,49.885]},"properties":{"name":"Qaraghandy","name_en":"Karaganda","name_zh":"卡拉干達","name_zht":"卡拉干達","name_ja":null,"name_ko":null,"name_de":"Qaraghandy","name_fr":"Karaganda","name_es":"Karagandá","name_pt":"Qaraghandy","name_ru":"Караганда","pop_max":451800,"featurecla":"Populated place","worldcity":0}},{"type":"Feature","geometry":{"type":"Point","coordinates":[76.9131,43.3269]},"properties":{"name":"Almaty","name_en":"Almaty","name_zh":"阿拉木圖","name_zht":"阿拉木圖","name_ja":"アルマトイ","name_ko":"알마티","name_de":"Almaty","name_fr":"Almaty","name_es":"Almatý","name_pt":"Almaty","name_ru":"Алма-Ата","pop_max":1209000,"featurecla":"Admin-1 capital","worldcity":0}},{"type":"Feature","geometry":{"type":"Point","coordinates":[51.6981,32.702]},"properties":{"name":"Isfahan","name_en":"Isfahan","name_zh":"伊斯法罕","name_zht":"伊斯法罕","name_ja":"エスファハーン","name_ko":"이스파한","name_de":"Isfahan","name_fr":"Ispahan","name_es":"Isfahán","name_pt":"Isfahan","name_ru":"Исфахан","pop_max":1628000,"featurecla":"Admin-1 capital","worldcity":0}},{"type":"Feature","geometry":{"type":"Point","coordinates":[52.5681,29.6319]},"properties":{"name":"Shiraz","name_en":"Shiraz","name_zh":"設拉子","name_zht":"設拉子","name_ja":"シーラーズ","name_ko":"시라즈","name_de":"Schiras","name_fr":"Chiraz","name_es":"Shiraz","name_pt":"Xiraz","name_ru":"Шираз","pop_max":1240000,"featurecla":"Admin-1 capital","worldcity":0}},{"type":"Feature","geometry":{"type":"Point","coordinates":[74.868,31.6419]},"properties":{"name":"Amritsar","name_en":"Amritsar","name_zh":"阿姆利则","name_zht":"阿姆利则","name_ja":"アムリトサル","name_ko":"암리차르","name_de":"Amritsar","name_fr":"Amritsar","name_es":"Amritsar","name_pt":"Amritsar","name_ru":"Амритсар","pop_max":1212000,"featurecla":"Populated place","worldcity":0}},{"type":"Feature","geometry":{"type":"Point","coordinates":[82.9981,25.3319]},"properties":{"name":"Varanasi","name_en":"Varanasi","name_zh":"瓦拉納西","name_zht":"瓦拉納西","name_ja":"ワーラーナシー","name_ko":"바라나시","name_de":"Varanasi","name_fr":"Varanasi","name_es":"Benarés","name_pt":"Varanasi","name_ru":"Варанаси","pop_max":1352000,"featurecla":"Populated place","worldcity":0}},{"type":"Feature","geometry":{"type":"Point","coordinates":[86.9814,23.6853]},"properties":{"name":"Asansol","name_en":"Asansol","name_zh":"Āsansol","name_zht":"阿桑索尔","name_ja":"アサンソル","name_ko":"Āsansol","name_de":"Asansol","name_fr":"Asansol","name_es":"Asansol","name_pt":"Asansol","name_ru":"Асансол","pop_max":1328000,"featurecla":"Populated place","worldcity":0}},{"type":"Feature","geometry":{"type":"Point","coordinates":[81.4314,21.2186]},"properties":{"name":"Bhilai","name_en":"Bhilai","name_zh":"比萊","name_zht":"比萊","name_ja":"ビラーイー","name_ko":"빌라이","name_de":"Bhilai","name_fr":"Bhilai","name_es":"Bhilai","name_pt":"Bhilai","name_ru":"Бхилаи","pop_max":1097000,"featurecla":"Populated place","worldcity":0}},{"type":"Feature","geometry":{"type":"Point","coordinates":[77.408,23.2519]},"properties":{"name":"Bhopal","name_en":"Bhopal","name_zh":"博帕尔","name_zht":"博帕尔","name_ja":"ボパール","name_ko":"보팔","name_de":"Bhopal","name_fr":"Bhopal","name_es":"Bhopal","name_pt":"Bhopal","name_ru":"Бхопал","pop_max":1727000,"featurecla":"Admin-1 capital","worldcity":0}},{"type":"Feature","geometry":{"type":"Point","coordinates":[78.1181,9.922]},"properties":{"name":"Madurai","name_en":"Madurai","name_zh":"马杜赖","name_zht":"马杜赖","name_ja":"マドゥライ","name_ko":"마두라이","name_de":"Madurai","name_fr":"Madurai","name_es":"Madurai","name_pt":"Madurai","name_ru":"Мадурай","pop_max":1294000,"featurecla":"Populated place","worldcity":0}},{"type":"Feature","geometry":{"type":"Point","coordinates":[76.9481,11.0019]},"properties":{"name":"Coimbatore","name_en":"Coimbatore","name_zh":"哥印拜陀","name_zht":"哥印拜陀","name_ja":"コーヤンブットゥール","name_ko":"코임바토르","name_de":"Coimbatore","name_fr":"Coimbatore","name_es":"Coimbatore","name_pt":"Coimbatore","name_ru":"Коимбатур","pop_max":1696000,"featurecla":"Populated place","worldcity":0}},{"type":"Feature","geometry":{"type":"Point","coordinates":[102.6,17.9667]},"properties":{"name":"Vientiane","name_en":"Vientiane","name_zh":"永珍","name_zht":"永珍","name_ja":"ヴィエンチャン市","name_ko":"비엔티안","name_de":"Vientiane","name_fr":"Vientiane","name_es":"Vientián","name_pt":"Vienciana","name_ru":"Вьентьян","pop_max":754000,"featurecla":"Admin-0 capital","worldcity":0}},{"type":"Feature","geometry":{"type":"Point","coordinates":[15.2827,-4.2572]},"properties":{"name":"Brazzaville","name_en":"Brazzaville","name_zh":"布拉柴维尔","name_zht":"布拉柴维尔","name_ja":"ブラザヴィル","name_ko":"브라자빌","name_de":"Brazzaville","name_fr":"Brazzaville","name_es":"Brazzaville","name_pt":"Brazzaville","name_ru":"Браззавиль","pop_max":1355000,"featurecla":"Admin-0 capital","worldcity":0}},{"type":"Feature","geometry":{"type":"Point","coordinates":[-13.6822,9.5335]},"properties":{"name":"Conakry","name_en":"Conakry","name_zh":"科納克里","name_zht":"科納克里","name_ja":"コナクリ","name_ko":"코나크리","name_de":"Conakry","name_fr":"Conakry","name_es":"Conakri","name_pt":"Conacri","name_ru":"Конакри","pop_max":1494000,"featurecla":"Admin-0 capital","worldcity":0}},{"type":"Feature","geometry":{"type":"Point","coordinates":[-5.2755,6.8184]},"properties":{"name":"Yamoussoukro","name_en":"Yamoussoukro","name_zh":"亚穆苏克罗","name_zht":"亚穆苏克罗","name_ja":"ヤムスクロ","name_ko":"야무수크로","name_de":"Yamoussoukro","name_fr":"Yamoussoukro","name_es":"Yamusukro","name_pt":"Yamoussoukro","name_ru":"Ямусукро","pop_max":206499,"featurecla":"Admin-0 capital","worldcity":0}},{"type":"Feature","geometry":{"type":"Point","coordinates":[-72.67,-7.63]},"properties":{"name":"Cruzeiro do Sul","name_en":"Cruzeiro do Sul","name_zh":"南克魯賽羅","name_zht":"南克魯賽羅","name_ja":null,"name_ko":null,"name_de":"Cruzeiro do Sul","name_fr":"Cruzeiro do Sul","name_es":"Cruzeiro do Sul","name_pt":"Cruzeiro do Sul","name_ru":"Крузейру-ду-Сул","pop_max":56862,"featurecla":"Populated place","worldcity":0}},{"type":"Feature","geometry":{"type":"Point","coordinates":[-69.9553,-4.2012]},"properties":{"name":"Leticia","name_en":"Leticia","name_zh":"萊蒂西亞","name_zht":"萊蒂西亞","name_ja":"レティシア","name_ko":"레티시아","name_de":"Leticia","name_fr":"Leticia","name_es":"Leticia","name_pt":"Leticia","name_ru":"Летисия","pop_max":59575,"featurecla":"Admin-1 capital","worldcity":0}},{"type":"Feature","geometry":{"type":"Point","coordinates":[-60.002,-3.0981]},"properties":{"name":"Manaus","name_en":"Manaus","name_zh":"马瑙斯","name_zht":"马瑙斯","name_ja":"マナウス","name_ko":null,"name_de":"Manaus","name_fr":"Manaus","name_es":"Manaos","name_pt":"Manaus","name_ru":"Манаус","pop_max":1753000,"featurecla":"Admin-1 capital","worldcity":0}},{"type":"Feature","geometry":{"type":"Point","coordinates":[-43.35,-4.833]},"properties":{"name":"Caxias","name_en":"Caxias","name_zh":"卡希亚斯","name_zht":"卡希亚斯","name_ja":null,"name_ko":null,"name_de":"Caxias","name_fr":"Caxias","name_es":"Caxias","name_pt":"Caxias","name_ru":"Кашиас","pop_max":134640,"featurecla":"Populated place","worldcity":0}},{"type":"Feature","geometry":{"type":"Point","coordinates":[-54.7,-2.4333]},"properties":{"name":"Santarém","name_en":"Santarém","name_zh":"聖塔倫","name_zht":"聖塔倫","name_ja":"サンタレン","name_ko":"산타렝","name_de":"Santarém","name_fr":"Santarém","name_es":"Santarém","name_pt":"Santarém","name_ru":"Сантарен","pop_max":230428,"featurecla":"Populated place","worldcity":0}},{"type":"Feature","geometry":{"type":"Point","coordinates":[-49.116,-5.35]},"properties":{"name":"Marabá","name_en":"Marabá","name_zh":"马拉巴","name_zht":"马拉巴","name_ja":null,"name_ko":"마라바","name_de":"Marabá","name_fr":"Marabá","name_es":"Marabá","name_pt":"Marabá","name_ru":"Мараба","pop_max":166182,"featurecla":"Populated place","worldcity":0}},{"type":"Feature","geometry":{"type":"Point","coordinates":[-60.1166,-12.7166]},"properties":{"name":"Vilhena","name_en":"Vilhena","name_zh":"維列納","name_zht":"維列納","name_ja":null,"name_ko":null,"name_de":"Vilhena","name_fr":"Vilhena","name_es":"Vilhena","name_pt":"Vilhena","name_ru":"Вильена","pop_max":63231,"featurecla":"Populated place","worldcity":0}},{"type":"Feature","geometry":{"type":"Point","coordinates":[-61.967,-10.8333]},"properties":{"name":"Ji-Paraná","name_en":"Ji-Paraná","name_zh":"Ji-Paraná Airport","name_zht":"日帕拉納","name_ja":"ジ＝パラナ空港","name_ko":"Ji-Paraná Airport","name_de":"Ji-Paraná","name_fr":"Ji-Paraná","name_es":"Ji-Paraná","name_pt":"Ji-Paraná","name_ru":"Жи-Парана","pop_max":65016,"featurecla":"Populated place","worldcity":0}},{"type":"Feature","geometry":{"type":"Point","coordinates":[-54.6186,-20.4481]},"properties":{"name":"Campo Grande","name_en":"Campo Grande","name_zh":"格蘭德營","name_zht":"格蘭德營","name_ja":"カンポ・グランデ","name_ko":"캄푸그란지","name_de":"Campo Grande","name_fr":"Campo Grande","name_es":"Campo Grande","name_pt":"Campo Grande","name_ru":"Кампу-Гранди","pop_max":778000,"featurecla":"Admin-1 capital","worldcity":0}},{"type":"Feature","geometry":{"type":"Point","coordinates":[-48.522,-27.578]},"properties":{"name":"Florianópolis","name_en":"Florianópolis","name_zh":"弗洛里亚诺波利斯","name_zht":"弗洛里亚诺波利斯","name_ja":"フロリアノーポリス","name_ko":"플로리아노폴리스","name_de":"Florianópolis","name_fr":"Florianópolis","name_es":"Florianópolis","name_pt":"Florianópolis","name_ru":"Флорианополис","pop_max":1023000,"featurecla":"Admin-1 capital","worldcity":0}},{"type":"Feature","geometry":{"type":"Point","coordinates":[-38.97,-12.25]},"properties":{"name":"Feira de Santana","name_en":"Feira de Santana","name_zh":"費拉迪聖安娜","name_zht":"費拉迪聖安娜","name_ja":"フェイラ・デ・サンタナ","name_ko":"페이라지산타나","name_de":"Feira de Santana","name_fr":"Feira de Santana","name_es":"Feira de Santana","name_pt":"Feira de Santana","name_ru":"Фейра-ди-Сантана","pop_max":481911,"featurecla":"Populated place","worldcity":0}},{"type":"Feature","geometry":{"type":"Point","coordinates":[-97.166,49.883]},"properties":{"name":"Winnipeg","name_en":"Winnipeg","name_zh":"温尼伯","name_zht":"温尼伯","name_ja":"ウィニペグ","name_ko":"위니펙","name_de":"Winnipeg","name_fr":"Winnipeg","name_es":"Winnipeg","name_pt":"Winnipeg","name_ru":"Виннипег","pop_max":632063,"featurecla":"Admin-1 capital","worldcity":0}},{"type":"Feature","geometry":{"type":"Point","coordinates":[-94.166,58.766]},"properties":{"name":"Churchill","name_en":"Churchill","name_zh":"邱吉爾市","name_zht":"邱吉爾市","name_ja":null,"name_ko":null,"name_de":"Churchill","name_fr":"Churchill","name_es":"Churchill","name_pt":"Churchill","name_ru":"Черчилл","pop_max":1000,"featurecla":"Populated place","worldcity":0}},{"type":"Feature","geometry":{"type":"Point","coordinates":[-104.617,50.45]},"properties":{"name":"Regina","name_en":"Regina","name_zh":"里贾纳","name_zht":"里贾纳","name_ja":"レジャイナ","name_ko":"리자이나","name_de":"Regina","name_fr":"Regina","name_es":"Regina","name_pt":"Regina","name_ru":"Реджайна","pop_max":176183,"featurecla":"Admin-1 capital","worldcity":0}},{"type":"Feature","geometry":{"type":"Point","coordinates":[-106.67,52.17]},"properties":{"name":"Saskatoon","name_en":"Saskatoon","name_zh":"萨斯卡通","name_zht":"萨斯卡通","name_ja":"サスカトゥーン","name_ko":"새스커툰","name_de":"Saskatoon","name_fr":"Saskatoon","name_es":"Saskatoon","name_pt":"Saskatoon","name_ru":"Саскатун","pop_max":198958,"featurecla":"Populated place","worldcity":0}},{"type":"Feature","geometry":{"type":"Point","coordinates":[-114.0819,51.0849]},"properties":{"name":"Calgary","name_en":"Calgary","name_zh":"卡尔加里","name_zht":"卡尔加里","name_ja":"カルガリー","name_ko":"캘거리","name_de":"Calgary","name_fr":"Calgary","name_es":"Calgary","name_pt":"Calgary","name_ru":"Калгари","pop_max":1110000,"featurecla":"Populated place","worldcity":0}},{"type":"Feature","geometry":{"type":"Point","coordinates":[-130.33,54.3167]},"properties":{"name":"Prince Rupert","name_en":"Prince Rupert","name_zh":"鲁珀特王子港","name_zht":"鲁珀特王子港","name_ja":"プリンスルパート","name_ko":"프린스루퍼트","name_de":"Prince Rupert","name_fr":"Prince Rupert","name_es":"Prince Rupert","name_pt":"Prince Rupert","name_ru":"Принс-Руперт","pop_max":14708,"featurecla":"Populated place","worldcity":0}},{"type":"Feature","geometry":{"type":"Point","coordinates":[-123.35,48.4333]},"properties":{"name":"Victoria","name_en":"Victoria","name_zh":"維多利亞","name_zht":"維多利亞","name_ja":"ヴィクトリア","name_ko":"빅토리아","name_de":"Victoria","name_fr":"Victoria","name_es":"Victoria","name_pt":"Victoria","name_ru":"Виктория","pop_max":289625,"featurecla":"Admin-1 capital","worldcity":0}},{"type":"Feature","geometry":{"type":"Point","coordinates":[-85.1666,73.0333]},"properties":{"name":"Arctic Bay","name_en":"Arctic Bay","name_zh":"北極灣","name_zht":"北極灣","name_ja":null,"name_ko":null,"name_de":"Arctic Bay","name_fr":"Arctic Bay","name_es":null,"name_pt":"Arctic Bay","name_ru":"Арктик-Бей","pop_max":604,"featurecla":"Populated place","worldcity":0}},{"type":"Feature","geometry":{"type":"Point","coordinates":[-94.9,74.6833]},"properties":{"name":"Resolute","name_en":"Resolute","name_zh":"堅毅灣","name_zht":"堅毅灣","name_ja":"レゾリュート","name_ko":null,"name_de":"Resolute Bay","name_fr":"Resolute","name_es":"Resolute","name_pt":"Resolute","name_ru":"Резольют","pop_max":250,"featurecla":"Populated place","worldcity":0}},{"type":"Feature","geometry":{"type":"Point","coordinates":[-86.2829,66.5295]},"properties":{"name":"Naujaat","name_en":"Naujaat","name_zh":"的黎波里","name_zht":null,"name_ja":"トリポリ","name_ko":"트리폴리","name_de":"Naujaat","name_fr":"Naujaat","name_es":"Naujaat","name_pt":"Repulse Bay","name_ru":"Репалс-Бей","pop_max":1000,"featurecla":"Populated place","worldcity":0}},{"type":"Feature","geometry":{"type":"Point","coordinates":[-114.397,62.442]},"properties":{"name":"Yellowknife","name_en":"Yellowknife","name_zh":"黃刀鎮","name_zht":"黃刀鎮","name_ja":"イエローナイフ","name_ko":"옐로나이프","name_de":"Yellowknife","name_fr":"Yellowknife","name_es":"Yellowknife","name_pt":"Yellowknife","name_ru":"Йеллоунайф","pop_max":19234,"featurecla":"Admin-1 capital","worldcity":0}},{"type":"Feature","geometry":{"type":"Point","coordinates":[-128.6333,66.2666]},"properties":{"name":"Fort Good Hope","name_en":"Fort Good Hope","name_zh":null,"name_zht":null,"name_ja":null,"name_ko":null,"name_de":"Fort Good Hope","name_fr":"Fort Good Hope","name_es":null,"name_pt":"Fort Good Hope","name_ru":"Форт-Гуд-Хоп","pop_max":597,"featurecla":"Populated place","worldcity":0}},{"type":"Feature","geometry":{"type":"Point","coordinates":[-135.05,60.7167]},"properties":{"name":"Whitehorse","name_en":"Whitehorse","name_zh":"白馬市","name_zht":"白馬","name_ja":"ホワイトホース","name_ko":"화이트호스","name_de":"Whitehorse","name_fr":"Whitehorse","name_es":"Whitehorse","name_pt":"Whitehorse","name_ru":"Уайтхорс","pop_max":23276,"featurecla":"Admin-1 capital","worldcity":0}},{"type":"Feature","geometry":{"type":"Point","coordinates":[-60.666,2.8161]},"properties":{"name":"Boa Vista","name_en":"Boa Vista","name_zh":"博阿維斯塔","name_zht":"博阿維斯塔","name_ja":"ボアビスタ","name_ko":null,"name_de":"Boa Vista","name_fr":"Boa Vista","name_es":"Boa Vista","name_pt":"Boa Vista","name_ru":"Боа-Виста","pop_max":235150,"featurecla":"Admin-1 capital","worldcity":0}},{"type":"Feature","geometry":{"type":"Point","coordinates":[-51.05,0.033]},"properties":{"name":"Macapá","name_en":"Macapá","name_zh":"馬卡帕","name_zht":"馬卡帕","name_ja":"マカパ","name_ko":"마카파","name_de":"Macapá","name_fr":"Macapá","name_es":"Macapá","name_pt":"Macapá","name_ru":"Макапа","pop_max":499166,"featurecla":"Admin-1 capital","worldcity":0}},{"type":"Feature","geometry":{"type":"Point","coordinates":[-75.702,45.4186]},"properties":{"name":"Ottawa","name_en":"Ottawa","name_zh":"渥太華","name_zht":"渥太華","name_ja":"オタワ","name_ko":"오타와","name_de":"Ottawa","name_fr":"Ottawa","name_es":"Ottawa","name_pt":"Ottawa","name_ru":"Оттава","pop_max":1145000,"featurecla":"Admin-0 capital","worldcity":0}},{"type":"Feature","geometry":{"type":"Point","coordinates":[-87.65,55.9833]},"properties":{"name":"Fort Severn","name_en":"Fort Severn","name_zh":"的黎波里","name_zht":null,"name_ja":"トリポリ","name_ko":"트리폴리","name_de":null,"name_fr":"Fort Severn","name_es":null,"name_pt":null,"name_ru":null,"pop_max":125,"featurecla":"Populated place","worldcity":0}},{"type":"Feature","geometry":{"type":"Point","coordinates":[-89.275,48.4462]},"properties":{"name":"Thunder Bay","name_en":"Thunder Bay","name_zh":"桑德贝","name_zht":"桑德贝","name_ja":"サンダーベイ","name_ko":"선더베이","name_de":"Thunder Bay","name_fr":"Thunder Bay","name_es":"Thunder Bay","name_pt":"Thunder Bay","name_ru":"Тандер-Бей","pop_max":99334,"featurecla":"Populated place","worldcity":0}},{"type":"Feature","geometry":{"type":"Point","coordinates":[-71.2456,46.84]},"properties":{"name":"Québec","name_en":"Quebec City","name_zh":"魁北克市","name_zht":"魁北克","name_ja":"ケベック・シティー","name_ko":"퀘벡","name_de":"Québec","name_fr":"Québec","name_es":"Quebec","name_pt":"Quebec","name_ru":"Квебек","pop_max":624177,"featurecla":"Admin-1 capital","worldcity":0}},{"type":"Feature","geometry":{"type":"Point","coordinates":[-63.6,44.65]},"properties":{"name":"Halifax","name_en":"Halifax","name_zh":"哈利法克斯","name_zht":"哈利法克斯","name_ja":"ハリファックス","name_ko":null,"name_de":"Halifax","name_fr":"Halifax","name_es":"Halifax","name_pt":"Halifax","name_ru":"Галифакс","pop_max":359111,"featurecla":"Admin-1 capital","worldcity":0}},{"type":"Feature","geometry":{"type":"Point","coordinates":[-52.681,47.585]},"properties":{"name":"St. John's","name_en":"St. John's","name_zh":"聖約翰斯","name_zht":"聖約翰斯","name_ja":"セントジョンズ","name_ko":"세인트존스","name_de":"St. John’s","name_fr":"Saint-Jean de Terre-Neuve","name_es":"San Juan de Terranova","name_pt":"St. John's","name_ru":"Сент-Джонс","pop_max":131469,"featurecla":"Admin-1 capital","worldcity":0}},{"type":"Feature","geometry":{"type":"Point","coordinates":[-61.686,56.5474]},"properties":{"name":"Nain","name_en":"Nain","name_zh":null,"name_zht":null,"name_ja":null,"name_ko":null,"name_de":null,"name_fr":"Nain","name_es":null,"name_pt":"Nain","name_ru":"Нейн","pop_max":1151,"featurecla":"Populated place","worldcity":0}},{"type":"Feature","geometry":{"type":"Point","coordinates":[-63.1313,46.2493]},"properties":{"name":"Charlottetown","name_en":"Charlottetown","name_zh":"夏洛特顿","name_zht":"夏洛特顿","name_ja":"シャーロットタウン","name_ko":"샬럿타운","name_de":"Charlottetown","name_fr":"Charlottetown","name_es":"Charlottetown","name_pt":"Charlottetown","name_ru":"Шарлоттаун","pop_max":42402,"featurecla":"Admin-1 capital","worldcity":0}},{"type":"Feature","geometry":{"type":"Point","coordinates":[20.653,8.4091]},"properties":{"name":"Ndele","name_en":"N'Délé","name_zh":"Ndélé","name_zht":"恩代萊","name_ja":"ンデレ","name_ko":"Ndélé","name_de":"Ndélé","name_fr":"Ndélé","name_es":"Ndele","name_pt":"Ndele","name_ru":"Нделе","pop_max":11764,"featurecla":"Admin-1 capital","worldcity":0}},{"type":"Feature","geometry":{"type":"Point","coordinates":[20.466,44.8206]},"properties":{"name":"Belgrade","name_en":"Belgrade","name_zh":"贝尔格莱德","name_zht":"贝尔格莱德","name_ja":"ベオグラード","name_ko":"베오그라드","name_de":"Belgrad","name_fr":"Belgrade","name_es":"Belgrado","name_pt":"Belgrado","name_ru":"Белград","pop_max":1099000,"featurecla":"Admin-0 capital","worldcity":0}},{"type":"Feature","geometry":{"type":"Point","coordinates":[26.5,5.4]},"properties":{"name":"Obo","name_en":"Obo","name_zh":"奧博","name_zht":"奧博","name_ja":"オボ","name_ko":null,"name_de":"Obo","name_fr":"Obo","name_es":"Obo","name_pt":"Obo","name_ru":"Обо","pop_max":12887,"featurecla":"Admin-1 capital","worldcity":0}},{"type":"Feature","geometry":{"type":"Point","coordinates":[114.9333,4.8833]},"properties":{"name":"Bandar Seri Begawan","name_en":"Bandar Seri Begawan","name_zh":"斯里巴加湾市","name_zht":"斯里巴加湾","name_ja":"バンダルスリブガワン","name_ko":"반다르스리브가완","name_de":"Bandar Seri Begawan","name_fr":"Bandar Seri Begawan","name_es":"Bandar Seri Begawan","name_pt":"Bandar Seri Begawan","name_ru":"Бандар-Сери-Бегаван","pop_max":296500,"featurecla":"Admin-0 capital","worldcity":0}},{"type":"Feature","geometry":{"type":"Point","coordinates":[-65.9,-47.75]},"properties":{"name":"Puerto Deseado","name_en":"Puerto Deseado","name_zh":"的黎波里","name_zht":"德塞阿多港","name_ja":"トリポリ","name_ko":"트리폴리","name_de":"Puerto Deseado","name_fr":"Puerto Deseado","name_es":"Puerto Deseado","name_pt":"Puerto Deseado","name_ru":"Пуэрто-Десеадо","pop_max":3305,"featurecla":"Populated place","worldcity":0}},{"type":"Feature","geometry":{"type":"Point","coordinates":[-69.2166,-51.6333]},"properties":{"name":"Río Gallegos","name_en":"Río Gallegos","name_zh":"里奥加耶戈斯","name_zht":"里奥加耶戈斯","name_ja":"リオ・ガジェゴス","name_ko":"리오가예고스","name_de":"Río Gallegos","name_fr":"Río Gallegos","name_es":"Río Gallegos","name_pt":"Río Gallegos","name_ru":"Рио-Гальегос","pop_max":85700,"featurecla":"Admin-1 capital","worldcity":0}},{"type":"Feature","geometry":{"type":"Point","coordinates":[-67.5,-45.87]},"properties":{"name":"Comodoro Rivadavia","name_en":"Comodoro Rivadavia","name_zh":"里瓦达维亚海军准将城","name_zht":"里瓦达维亚海军准将城","name_ja":"コモドーロ・リバダビア","name_ko":"코모도로리바다비아","name_de":"Comodoro Rivadavia","name_fr":"Comodoro Rivadavia","name_es":"Comodoro Rivadavia","name_pt":"Comodoro Rivadavia","name_ru":"Комодоро-Ривадавия","pop_max":140850,"featurecla":"Populated place","worldcity":0}},{"type":"Feature","geometry":{"type":"Point","coordinates":[-68.8186,-32.8814]},"properties":{"name":"Mendoza","name_en":"Mendoza","name_zh":"门多萨","name_zht":"门多萨","name_ja":"メンドーサ","name_ko":"멘도사","name_de":"Mendoza","name_fr":"Mendoza","name_es":"Mendoza","name_pt":"Mendoza","name_ru":"Мендоса","pop_max":893000,"featurecla":"Admin-1 capital","worldcity":0}},{"type":"Feature","geometry":{"type":"Point","coordinates":[-65.2595,-19.041]},"properties":{"name":"Sucre","name_en":"Sucre","name_zh":"苏克雷","name_zht":"苏克雷","name_ja":"スクレ","name_ko":"수크레","name_de":"Sucre","name_fr":"Sucre","name_es":"Sucre","name_pt":"Sucre","name_ru":"Сукре","pop_max":224838,"featurecla":"Admin-0 capital","worldcity":0}},{"type":"Feature","geometry":{"type":"Point","coordinates":[-66.1,-10.983]},"properties":{"name":"Riberalta","name_en":"Riberalta","name_zh":"里韋拉爾塔","name_zht":"里韋拉爾塔","name_ja":"リベラルタ","name_ko":"리베랄타","name_de":"Riberalta","name_fr":"Riberalta","name_es":"Riberalta","name_pt":"Riberalta","name_ru":"Риберальта","pop_max":74014,"featurecla":"Populated place","worldcity":0}},{"type":"Feature","geometry":{"type":"Point","coordinates":[-62.265,-38.74]},"properties":{"name":"Bahía Blanca","name_en":"Bahía Blanca","name_zh":"布兰卡港","name_zht":"布兰卡港","name_ja":"バイアブランカ","name_ko":"바이아블랑카","name_de":"Bahía Blanca","name_fr":"Bahía Blanca","name_es":"Bahía Blanca","name_pt":"Bahía Blanca","name_ru":"Баия-Бланка","pop_max":281536,"featurecla":"Populated place","worldcity":0}},{"type":"Feature","geometry":{"type":"Point","coordinates":[-57.58,-38]},"properties":{"name":"Mar del Plata","name_en":"Mar del Plata","name_zh":"马德普拉塔","name_zht":"马德普拉塔","name_ja":"マル・デル・プラタ","name_ko":"마르델플라타","name_de":"Mar del Plata","name_fr":"Mar del Plata","name_es":"Mar del Plata","name_pt":"Mar del Plata","name_ru":"Мар-дель-Плата","pop_max":555897,"featurecla":"Populated place","worldcity":0}},{"type":"Feature","geometry":{"type":"Point","coordinates":[-64.1842,-31.398]},"properties":{"name":"Córdoba","name_en":"Córdoba","name_zh":"科尔多瓦","name_zht":"科尔多瓦","name_ja":"コルドバ","name_ko":"코르도바","name_de":"Córdoba","name_fr":"Córdoba","name_es":"Córdoba","name_pt":"Córdova","name_ru":"Кордова","pop_max":1452000,"featurecla":"Admin-1 capital","worldcity":0}},{"type":"Feature","geometry":{"type":"Point","coordinates":[-55.8851,-27.3578]},"properties":{"name":"Posadas","name_en":"Posadas","name_zh":"波萨达斯","name_zht":"波萨达斯","name_ja":"ポサーダス","name_ko":"포사다스","name_de":"Posadas","name_fr":"Posadas","name_es":"Posadas","name_pt":"Posadas","name_ru":"Посадас","pop_max":357119,"featurecla":"Admin-1 capital","worldcity":0}},{"type":"Feature","geometry":{"type":"Point","coordinates":[-88.7671,17.252]},"properties":{"name":"Belmopan","name_en":"Belmopan","name_zh":"貝爾墨邦","name_zht":"貝爾墨邦","name_ja":"ベルモパン","name_ko":"벨모판","name_de":"Belmopan","name_fr":"Belmopan","name_es":"Belmopán","name_pt":"Belmopan","name_ru":"Бельмопан","pop_max":15220,"featurecla":"Admin-0 capital","worldcity":0}},{"type":"Feature","geometry":{"type":"Point","coordinates":[18.5583,4.3666]},"properties":{"name":"Bangui","name_en":"Bangui","name_zh":"班基","name_zht":"班基","name_ja":"バンギ","name_ko":"방기","name_de":"Bangui","name_fr":"Bangui","name_es":"Bangui","name_pt":"Bangui","name_ru":"Банги","pop_max":831925,"featurecla":"Admin-0 capital","worldcity":0}},{"type":"Feature","geometry":{"type":"Point","coordinates":[14.3247,10.5956]},"properties":{"name":"Maroua","name_en":"Maroua","name_zh":"马鲁阿","name_zht":"马鲁阿","name_ja":"マルア","name_ko":"마루아","name_de":"Maroua","name_fr":"Maroua","name_es":"Maroua","name_pt":"Maroua","name_ru":"Маруа","pop_max":319941,"featurecla":"Admin-1 capital","worldcity":0}},{"type":"Feature","geometry":{"type":"Point","coordinates":[11.5147,3.8686]},"properties":{"name":"Yaounde","name_en":"Yaounde","name_zh":"雅温得","name_zht":"雅温得","name_ja":"ヤウンデ","name_ko":"야운데","name_de":"Jaunde","name_fr":"Yaoundé","name_es":"Yaundé","name_pt":"Yaoundé","name_ru":"Яунде","pop_max":1611000,"featurecla":"Admin-0 capital","worldcity":0}},{"type":"Feature","geometry":{"type":"Point","coordinates":[19.8189,41.3275]},"properties":{"name":"Tirana","name_en":"Tirana","name_zh":"地拉那","name_zht":"地拉那","name_ja":"ティラナ","name_ko":"티라나","name_de":"Tirana","name_fr":"Tirana","name_es":"Tirana","name_pt":"Tirana","name_ru":"Тирана","pop_max":895350,"featurecla":"Admin-0 capital","worldcity":0}},{"type":"Feature","geometry":{"type":"Point","coordinates":[44.5116,40.1831]},"properties":{"name":"Yerevan","name_en":"Yerevan","name_zh":"葉里溫","name_zht":"葉里溫","name_ja":"エレバン","name_ko":"예레반","name_de":"Jerewan","name_fr":"Erevan","name_es":"Ereván","name_pt":"Erevan","name_ru":"Ереван","pop_max":1102000,"featurecla":"Admin-0 capital","worldcity":0}},{"type":"Feature","geometry":{"type":"Point","coordinates":[49.8603,40.3972]},"properties":{"name":"Baku","name_en":"Baku","name_zh":"巴库","name_zht":"巴库","name_ja":"バクー","name_ko":"바쿠","name_de":"Baku","name_fr":"Bakou","name_es":"Bakú","name_pt":"Baku","name_ru":"Баку","pop_max":2122300,"featurecla":"Admin-0 capital","worldcity":0}},{"type":"Feature","geometry":{"type":"Point","coordinates":[65.6949,31.61]},"properties":{"name":"Kandahar","name_en":"Kandahar","name_zh":"坎大哈","name_zht":"坎大哈","name_ja":"カンダハール","name_ko":"Kandahār","name_de":"Kandahar","name_fr":"Kandahar","name_es":"Kandahar","name_pt":"Kandahar","name_ru":"Кандагар","pop_max":715542,"featurecla":"Admin-1 capital","worldcity":0}},{"type":"Feature","geometry":{"type":"Point","coordinates":[104.9147,11.552]},"properties":{"name":"Phnom Penh","name_en":"Phnom Penh","name_zh":"金边","name_zht":"金边","name_ja":"プノンペン","name_ko":"프놈펜","name_de":"Phnom Penh","name_fr":"Phnom Penh","name_es":"Nom Pen","name_pt":"Phnom Penh","name_ru":"Пномпень","pop_max":1466000,"featurecla":"Admin-0 capital","worldcity":0}},{"type":"Feature","geometry":{"type":"Point","coordinates":[17.7,-14.6666]},"properties":{"name":"Menongue","name_en":"Menongue","name_zh":"梅農蓋","name_zht":"梅農蓋","name_ja":"メノングエ","name_ko":"메농그","name_de":"Menongue","name_fr":"Menongue","name_es":"Menongue","name_pt":"Menongue","name_ru":"Менонгве","pop_max":13030,"featurecla":"Admin-1 capital","worldcity":0}},{"type":"Feature","geometry":{"type":"Point","coordinates":[15.7581,-12.748]},"properties":{"name":"Huambo","name_en":"Huambo","name_zh":"万博","name_zht":"万博","name_ja":"ウアンボ","name_ko":"우암부","name_de":"Huambo","name_fr":"Huambo","name_es":"Huambo","name_pt":"Huambo","name_ru":"Уамбо","pop_max":1100000,"featurecla":"Admin-1 capital","worldcity":0}},{"type":"Feature","geometry":{"type":"Point","coordinates":[-68.1519,-16.496]},"properties":{"name":"La Paz","name_en":"La Paz","name_zh":"拉巴斯","name_zht":"拉巴斯","name_ja":"ラパス","name_ko":"라파스","name_de":"La Paz","name_fr":"La Paz","name_es":"La Paz","name_pt":"La Paz","name_ru":"Ла-Пас","pop_max":1590000,"featurecla":"Admin-0 capital","worldcity":0}},{"type":"Feature","geometry":{"type":"Point","coordinates":[-63.2279,-17.752]},"properties":{"name":"Santa Cruz","name_en":"Santa Cruz","name_zh":"圣克鲁斯","name_zht":"圣克鲁斯","name_ja":null,"name_ko":null,"name_de":"Santa Cruz de la Sierra","name_fr":"Santa Cruz de la Sierra","name_es":"Santa Cruz de la Sierra","name_pt":"Santa Cruz de la Sierra","name_ru":"Санта-Крус-де-ла-Сьерра","pop_max":2102998,"featurecla":"Admin-1 capital","worldcity":0}},{"type":"Feature","geometry":{"type":"Point","coordinates":[-0.6219,35.7119]},"properties":{"name":"Oran","name_en":"Oran","name_zh":"瓦赫蘭","name_zht":"瓦赫蘭","name_ja":"オラン","name_ko":"오랑","name_de":"Oran","name_fr":"Oran","name_es":"Orán","name_pt":"Orã","name_ru":"Оран","pop_max":798000,"featurecla":"Populated place","worldcity":0}},{"type":"Feature","geometry":{"type":"Point","coordinates":[2.518,6.402]},"properties":{"name":"Cotonou","name_en":"Cotonou","name_zh":"科托努","name_zht":"科托努","name_ja":"コトヌー","name_ko":"코토누","name_de":"Cotonou","name_fr":"Cotonou","name_es":"Cotonú","name_pt":"Cotonou","name_ru":"Котону","pop_max":762000,"featurecla":"Admin-0 capital","worldcity":0}},{"type":"Feature","geometry":{"type":"Point","coordinates":[5.5228,22.785]},"properties":{"name":"Tamanrasset","name_en":"Tamanrasset","name_zh":"塔曼拉塞特","name_zht":"塔曼拉塞特","name_ja":null,"name_ko":null,"name_de":"Tamanrasset","name_fr":"Tamanrasset","name_es":"Tamanrasset","name_pt":"Tamanrasset","name_ru":"Таманрассет","pop_max":76000,"featurecla":"Populated place","worldcity":0}},{"type":"Feature","geometry":{"type":"Point","coordinates":[3.67,32.49]},"properties":{"name":"Ghardaia","name_en":"Ghardaia","name_zh":"的黎波里","name_zht":"盖尔达耶","name_ja":"トリポリ","name_ko":"트리폴리","name_de":"Ghardaia","name_fr":"Ghardaïa","name_es":"Ghardaïa","name_pt":"Ghardaïa","name_ru":"Гардая","pop_max":125480,"featurecla":"Populated place","worldcity":0}},{"type":"Feature","geometry":{"type":"Point","coordinates":[23.3147,42.6853]},"properties":{"name":"Sofia","name_en":"Sofia","name_zh":"索菲亞","name_zht":"索菲亞","name_ja":"ソフィア","name_ko":"소피아","name_de":"Sofia","name_fr":"Sofia","name_es":"Sofía","name_pt":"Sófia","name_ru":"София","pop_max":1185000,"featurecla":"Admin-0 capital","worldcity":0}},{"type":"Feature","geometry":{"type":"Point","coordinates":[27.5647,53.9019]},"properties":{"name":"Minsk","name_en":"Minsk","name_zh":"明斯克","name_zht":"明斯克","name_ja":"ミンスク","name_ko":"민스크","name_de":"Minsk","name_fr":"Minsk","name_es":"Minsk","name_pt":"Minsk","name_ru":"Минск","pop_max":1805000,"featurecla":"Admin-0 capital","worldcity":0}},{"type":"Feature","geometry":{"type":"Point","coordinates":[89.639,27.473]},"properties":{"name":"Thimphu","name_en":"Thimphu","name_zh":"廷布","name_zht":"廷布","name_ja":"ティンプー","name_ko":"팀부","name_de":"Thimphu","name_fr":"Thimphou","name_es":"Timbu","name_pt":"Thimbu","name_ru":"Тхимпху","pop_max":98676,"featurecla":"Admin-0 capital","worldcity":0}},{"type":"Feature","geometry":{"type":"Point","coordinates":[25.9119,-24.6463]},"properties":{"name":"Gaborone","name_en":"Gaborone","name_zh":"嘉柏隆里","name_zht":"嘉柏隆里","name_ja":"ハボローネ","name_ko":"가보로네","name_de":"Gaborone","name_fr":"Gaborone","name_es":"Gaborone","name_pt":"Gaborone","name_ru":"Габороне","pop_max":208411,"featurecla":"Admin-0 capital","worldcity":0}},{"type":"Feature","geometry":{"type":"Point","coordinates":[130.85,-12.4254]},"properties":{"name":"Darwin","name_en":"Darwin","name_zh":"达尔文","name_zht":"达尔文","name_ja":"ダーウィン","name_ko":"다윈","name_de":"Darwin","name_fr":"Darwin","name_es":"Darwin","name_pt":"Darwin","name_ru":"Дарвин","pop_max":93080,"featurecla":"Admin-1 capital","worldcity":0}},{"type":"Feature","geometry":{"type":"Point","coordinates":[133.88,-23.701]},"properties":{"name":"Alice Springs","name_en":"Alice Springs","name_zh":"愛麗斯泉","name_zht":"愛麗斯泉","name_ja":"アリススプリングス","name_ko":"앨리스스프링스","name_de":"Alice Springs","name_fr":"Alice Springs","name_es":"Alice Springs","name_pt":"Alice Springs","name_ru":"Алис-Спрингс","pop_max":27710,"featurecla":"Populated place","worldcity":0}},{"type":"Feature","geometry":{"type":"Point","coordinates":[149.129,-35.283]},"properties":{"name":"Canberra","name_en":"Canberra","name_zh":"堪培拉","name_zht":"堪培拉","name_ja":"キャンベラ","name_ko":"캔버라","name_de":"Canberra","name_fr":"Canberra","name_es":"Canberra","name_pt":"Camberra","name_ru":"Канберра","pop_max":327700,"featurecla":"Admin-0 capital","worldcity":0}},{"type":"Feature","geometry":{"type":"Point","coordinates":[151.815,-32.8453]},"properties":{"name":"Newcastle","name_en":"Newcastle","name_zh":"纽卡斯尔","name_zht":"纽卡斯尔","name_ja":"ニューカッスル","name_ko":"뉴캐슬","name_de":"Newcastle","name_fr":"Newcastle","name_es":"Newcastle","name_pt":"Newcastle","name_ru":"Ньюкасл","pop_max":1134616,"featurecla":"Populated place","worldcity":0}},{"type":"Feature","geometry":{"type":"Point","coordinates":[138.5981,-34.933]},"properties":{"name":"Adelaide","name_en":"Adelaide","name_zh":"阿德莱德","name_zht":"阿德莱德","name_ja":"アデレード","name_ko":"애들레이드","name_de":"Adelaide","name_fr":"Adélaïde","name_es":"Adelaida","name_pt":"Adelaide","name_ru":"Аделаида","pop_max":1145000,"featurecla":"Admin-1 capital","worldcity":0}},{"type":"Feature","geometry":{"type":"Point","coordinates":[146.77,-19.25]},"properties":{"name":"Townsville","name_en":"Townsville","name_zh":"汤斯维尔","name_zht":"汤斯维尔","name_ja":"タウンズビル","name_ko":"타운즈빌","name_de":"Townsville","name_fr":"Townsville","name_es":"Townsville","name_pt":"Townsville","name_ru":"Таунсвилл","pop_max":138954,"featurecla":"Populated place","worldcity":0}},{"type":"Feature","geometry":{"type":"Point","coordinates":[153.0331,-27.4531]},"properties":{"name":"Brisbane","name_en":"Brisbane","name_zh":"布里斯班","name_zht":"布里斯班","name_ja":"ブリスベン","name_ko":"브리즈번","name_de":"Brisbane","name_fr":"Brisbane","name_es":"Brisbane","name_pt":"Brisbane","name_ru":"Брисбен","pop_max":1860000,"featurecla":"Admin-1 capital","worldcity":0}},{"type":"Feature","geometry":{"type":"Point","coordinates":[147.295,-42.85]},"properties":{"name":"Hobart","name_en":"Hobart","name_zh":"荷巴特","name_zht":"荷巴特","name_ja":"ホバート","name_ko":"호바트","name_de":"Hobart","name_fr":"Hobart","name_es":"Hobart","name_pt":"Hobart","name_ru":"Хобарт","pop_max":80870,"featurecla":"Admin-1 capital","worldcity":0}},{"type":"Feature","geometry":{"type":"Point","coordinates":[-1.5267,12.3723]},"properties":{"name":"Ouagadougou","name_en":"Ouagadougou","name_zh":"瓦加杜古","name_zht":"瓦加杜古","name_ja":"ワガドゥグー","name_ko":"와가두구","name_de":"Ouagadougou","name_fr":"Ouagadougou","name_es":"Uagadugú","name_pt":"Ouagadougou","name_ru":"Уагадугу","pop_max":1149000,"featurecla":"Admin-0 capital","worldcity":0}},{"type":"Feature","geometry":{"type":"Point","coordinates":[18.383,43.85]},"properties":{"name":"Sarajevo","name_en":"Sarajevo","name_zh":"塞拉耶佛","name_zht":"塞拉耶佛","name_ja":"サラエヴォ","name_ko":"사라예보","name_de":"Sarajevo","name_fr":"Sarajevo","name_es":"Sarajevo","name_pt":"Sarajevo","name_ru":"Сараево","pop_max":696731,"featurecla":"Admin-0 capital","worldcity":0}},{"type":"Feature","geometry":{"type":"Point","coordinates":[96.1167,19.7685]},"properties":{"name":"Naypyidaw","name_en":"Naypyidaw","name_zh":"奈比多","name_zht":"奈比多","name_ja":null,"name_ko":null,"name_de":"Naypyidaw","name_fr":"Naypyidaw","name_es":"Naipyidó","name_pt":"Naypyidaw","name_ru":"Нейпьидо","pop_max":930000,"featurecla":"Admin-0 capital","worldcity":0}},{"type":"Feature","geometry":{"type":"Point","coordinates":[-66.13,18.44]},"properties":{"name":"San Juan","name_en":"San Juan","name_zh":"圣胡安","name_zht":"圣胡安","name_ja":"サンフアン","name_ko":"산후안","name_de":"San Juan","name_fr":"San Juan","name_es":"San Juan","name_pt":"San Juan","name_ru":"Сан-Хуан","pop_max":2478905,"featurecla":"Admin-1 capital","worldcity":0}},{"type":"Feature","geometry":{"type":"Point","coordinates":[-57.85,-51.7]},"properties":{"name":"Stanley","name_en":"Stanley","name_zh":"斯坦利","name_zht":"斯坦利","name_ja":"スタンレー","name_ko":"스탠리","name_de":"Stanley","name_fr":"Port Stanley","name_es":"Puerto Stanley","name_pt":"Stanley","name_ru":"Порт-Стэнли","pop_max":2213,"featurecla":"Admin-0 region capital","worldcity":0}},{"type":"Feature","geometry":{"type":"Point","coordinates":[-64.7839,32.2942]},"properties":{"name":"Hamilton","name_en":"Hamilton","name_zh":"哈密尔顿","name_zht":"哈密尔顿","name_ja":"ハミルトン","name_ko":"해밀턴","name_de":"Hamilton","name_fr":"Hamilton","name_es":"Hamilton","name_pt":"Hamilton","name_ru":"Гамильтон","pop_max":52320,"featurecla":"Admin-0 region capital","worldcity":0}},{"type":"Feature","geometry":{"type":"Point","coordinates":[-175.2206,-21.1385]},"properties":{"name":"Nukualofa","name_en":"Nuku'alofa","name_zh":"努库阿洛法","name_zht":"努库阿洛法","name_ja":null,"name_ko":null,"name_de":"Nukuʻalofa","name_fr":"Nukuʻalofa","name_es":"Nukualofa","name_pt":"Nuku'alofa","name_ru":"Нукуалофа","pop_max":42620,"featurecla":"Admin-0 capital","worldcity":0}},{"type":"Feature","geometry":{"type":"Point","coordinates":[44.0653,9.56]},"properties":{"name":"Hargeysa","name_en":"Hargeisa","name_zh":"哈尔格萨","name_zht":"哈尔格萨","name_ja":"ハルゲイサ","name_ko":null,"name_de":"Hargeysa","name_fr":"Hargeisa","name_es":"Hargeisa","name_pt":"Hargeisa","name_ru":"Харгейса","pop_max":477876,"featurecla":"Admin-0 capital","worldcity":0}},{"type":"Feature","geometry":{"type":"Point","coordinates":[55.45,-4.6166]},"properties":{"name":"Victoria","name_en":"Victoria","name_zh":"维多利亚","name_zht":"维多利亚","name_ja":"ヴィクトリア","name_ko":"빅토리아","name_de":"Victoria","name_fr":"Victoria","name_es":"Victoria","name_pt":"Victoria","name_ru":"Виктория","pop_max":33576,"featurecla":"Admin-0 capital","worldcity":0}},{"type":"Feature","geometry":{"type":"Point","coordinates":[6.7333,0.3334]},"properties":{"name":"São Tomé","name_en":"São Tomé","name_zh":"圣多美","name_zht":"圣多美","name_ja":"サントメ","name_ko":"상투메","name_de":"São Tomé","name_fr":"São Tomé","name_es":"Santo Tomé","name_pt":"São Tomé","name_ru":"Сан-Томе","pop_max":88219,"featurecla":"Admin-0 capital","worldcity":0}},{"type":"Feature","geometry":{"type":"Point","coordinates":[-171.7386,-13.8415]},"properties":{"name":"Apia","name_en":"Apia","name_zh":"阿皮亚","name_zht":"阿皮亚","name_ja":"アピア","name_ko":"아피아","name_de":"Apia","name_fr":"Apia","name_es":"Apia","name_pt":"Apia","name_ru":"Апиа","pop_max":61916,"featurecla":"Admin-0 capital","worldcity":0}},{"type":"Feature","geometry":{"type":"Point","coordinates":[14.5147,35.8997]},"properties":{"name":"Valletta","name_en":"Valletta","name_zh":"瓦莱塔","name_zht":"瓦莱塔","name_ja":"バレッタ","name_ko":"발레타","name_de":"Valletta","name_fr":"La Valette","name_es":"La Valeta","name_pt":"Valeta","name_ru":"Валлетта","pop_max":368250,"featurecla":"Admin-0 capital","worldcity":0}},{"type":"Feature","geometry":{"type":"Point","coordinates":[73.4999,4.1667]},"properties":{"name":"Malé","name_en":"Malé","name_zh":"馬累","name_zht":"馬累","name_ja":"マレ","name_ko":"말레","name_de":"Malé","name_fr":"Malé","name_es":"Malé","name_pt":"Malé","name_ru":"Мале","pop_max":112927,"featurecla":"Admin-0 capital","worldcity":0}},{"type":"Feature","geometry":{"type":"Point","coordinates":[35.2066,31.7784]},"properties":{"name":"Jerusalem","name_en":"Jerusalem","name_zh":"耶路撒冷","name_zht":"耶路撒冷","name_ja":"エルサレム","name_ko":"예루살렘","name_de":"Jerusalem","name_fr":"Jérusalem","name_es":"Jerusalén","name_pt":"Jerusalém","name_ru":"Иерусалим","pop_max":1029300,"featurecla":"Admin-0 capital","worldcity":0}},{"type":"Feature","geometry":{"type":"Point","coordinates":[-23.5167,14.9167]},"properties":{"name":"Praia","name_en":"Praia","name_zh":"培亞","name_zht":"培亞","name_ja":"プライア","name_ko":"프라이아","name_de":"Praia","name_fr":"Praia","name_es":"Praia","name_pt":"Praia","name_ru":"Прая","pop_max":113364,"featurecla":"Admin-0 capital","worldcity":0}},{"type":"Feature","geometry":{"type":"Point","coordinates":[-77.35,25.0834]},"properties":{"name":"Nassau","name_en":"Nassau","name_zh":"拿骚","name_zht":"拿骚","name_ja":"ナッソー","name_ko":"나사우","name_de":"Nassau","name_fr":"Nassau","name_es":"Nasáu","name_pt":"Nassau","name_ru":"Нассау","pop_max":227940,"featurecla":"Admin-0 capital","worldcity":0}},{"type":"Feature","geometry":{"type":"Point","coordinates":[33.3666,35.1667]},"properties":{"name":"Nicosia","name_en":"Nicosia","name_zh":"尼科西亚","name_zht":"尼科西亚","name_ja":"ニコシア","name_ko":"니코시아","name_de":"Nikosia","name_fr":"Nicosie","name_es":"Nicosia","name_pt":"Nicósia","name_ru":"Никосия","pop_max":224300,"featurecla":"Admin-0 capital","worldcity":0}},{"type":"Feature","geometry":{"type":"Point","coordinates":[120.2666,22.6333]},"properties":{"name":"Kaohsiung","name_en":"Kaohsiung City","name_zh":"高雄市","name_zht":"高雄","name_ja":"高雄市","name_ko":"가오슝 시","name_de":"Kaohsiung","name_fr":"Kaohsiung","name_es":"Kaohsiung","name_pt":"Kaohsiung","name_ru":"Гаосюн","pop_max":2769072,"featurecla":"Admin-1 capital","worldcity":0}},{"type":"Feature","geometry":{"type":"Point","coordinates":[174.7833,-41.3]},"properties":{"name":"Wellington","name_en":"Wellington","name_zh":"惠灵顿","name_zht":"惠灵顿","name_ja":"ウェリントン","name_ko":"웰링턴","name_de":"Wellington","name_fr":"Wellington","name_es":"Wellington","name_pt":"Wellington","name_ru":"Веллингтон","pop_max":393400,"featurecla":"Admin-0 capital","worldcity":0}},{"type":"Feature","geometry":{"type":"Point","coordinates":[172.63,-43.535]},"properties":{"name":"Christchurch","name_en":"Christchurch","name_zh":"基督城","name_zht":"基督城","name_ja":"クライストチャーチ","name_ko":"크라이스트처치","name_de":"Christchurch","name_fr":"Christchurch","name_es":"Christchurch","name_pt":"Christchurch","name_ru":"Крайстчерч","pop_max":363200,"featurecla":"Admin-1 capital","worldcity":0}},{"type":"Feature","geometry":{"type":"Point","coordinates":[114.1202,22.5543]},"properties":{"name":"Shenzhen","name_en":"Shenzhen","name_zh":"深圳","name_zht":"深圳","name_ja":"深セン市","name_ko":"선전 시","name_de":"Shenzhen","name_fr":"Shenzhen","name_es":"Shenzhen","name_pt":"Shenzhen","name_ru":"Шэньчжэнь","pop_max":7581000,"featurecla":"Populated place","worldcity":0}},{"type":"Feature","geometry":{"type":"Point","coordinates":[118.048,36.8019]},"properties":{"name":"Zibo","name_en":"Zibo","name_zh":"淄博","name_zht":"淄博","name_ja":"シ博市","name_ko":"쯔보 시","name_de":"Zibo","name_fr":"Zibo","name_es":"Zibo","name_pt":"Zibo","name_ru":"Цзыбо","pop_max":3061000,"featurecla":"Populated place","worldcity":0}},{"type":"Feature","geometry":{"type":"Point","coordinates":[-93.2537,44.9819]},"properties":{"name":"Minneapolis","name_en":"Minneapolis","name_zh":"明尼阿波利斯","name_zht":"明尼阿波利斯","name_ja":"ミネアポリス","name_ko":"미니애폴리스","name_de":"Minneapolis","name_fr":"Minneapolis","name_es":"Mineápolis","name_pt":"Minneapolis","name_ru":"Миннеаполис","pop_max":2616000,"featurecla":"Populated place","worldcity":0}},{"type":"Feature","geometry":{"type":"Point","coordinates":[-157.8599,21.3088]},"properties":{"name":"Honolulu","name_en":"Honolulu","name_zh":"檀香山","name_zht":"檀香山","name_ja":"ホノルル","name_ko":"호놀룰루","name_de":"Honolulu","name_fr":"Honolulu","name_es":"Honolulu","name_pt":"Honolulu","name_ru":"Гонолулу","pop_max":786000,"featurecla":"Admin-1 capital","worldcity":0}},{"type":"Feature","geometry":{"type":"Point","coordinates":[-122.3419,47.5719]},"properties":{"name":"Seattle","name_en":"Seattle","name_zh":"西雅圖","name_zht":"西雅圖","name_ja":"シアトル","name_ko":"시애틀","name_de":"Seattle","name_fr":"Seattle","name_es":"Seattle","name_pt":"Seattle","name_ru":"Сиэтл","pop_max":3074000,"featurecla":"Populated place","worldcity":0}},{"type":"Feature","geometry":{"type":"Point","coordinates":[-112.0719,33.5419]},"properties":{"name":"Phoenix","name_en":"Phoenix","name_zh":"凤凰城","name_zht":"鳳凰城","name_ja":"フェニックス","name_ko":"피닉스","name_de":"Phoenix","name_fr":"Phoenix","name_es":"Phoenix","name_pt":"Phoenix","name_ru":"Финикс","pop_max":3551000,"featurecla":"Admin-1 capital","worldcity":0}},{"type":"Feature","geometry":{"type":"Point","coordinates":[-117.1819,32.822]},"properties":{"name":"San Diego","name_en":"San Diego","name_zh":"聖地牙哥","name_zht":"聖地牙哥","name_ja":"サンディエゴ","name_ko":"샌디에고","name_de":"San Diego","name_fr":"San Diego","name_es":"San Diego","name_pt":"San Diego","name_ru":"Сан-Диего","pop_max":2916000,"featurecla":"Populated place","worldcity":0}},{"type":"Feature","geometry":{"type":"Point","coordinates":[-90.2419,38.637]},"properties":{"name":"St. Louis","name_en":"St. Louis","name_zh":"圣路易斯","name_zht":"圣路易斯","name_ja":"セントルイス","name_ko":"세인트루이스","name_de":"St. Louis","name_fr":"Saint-Louis","name_es":"San Luis","name_pt":"St. Louis","name_ru":"Сент-Луис","pop_max":2199000,"featurecla":"Populated place","worldcity":0}},{"type":"Feature","geometry":{"type":"Point","coordinates":[-90.0419,29.9969]},"properties":{"name":"New Orleans","name_en":"New Orleans","name_zh":"新奥尔良","name_zht":"新奥尔良","name_ja":"ニューオーリンズ","name_ko":"뉴올리언스","name_de":"New Orleans","name_fr":"La Nouvelle-Orléans","name_es":"Nueva Orleans","name_pt":"Nova Orleães","name_ru":"Новый Орлеан","pop_max":785000,"featurecla":"Populated place","worldcity":0}},{"type":"Feature","geometry":{"type":"Point","coordinates":[-96.842,32.822]},"properties":{"name":"Dallas","name_en":"Dallas","name_zh":"達拉斯","name_zht":"達拉斯","name_ja":"ダラス","name_ko":"댈러스","name_de":"Dallas","name_fr":"Dallas","name_es":"Dallas","name_pt":"Dallas","name_ru":"Даллас","pop_max":4798000,"featurecla":"Populated place","worldcity":0}},{"type":"Feature","geometry":{"type":"Point","coordinates":[-71.6619,10.7319]},"properties":{"name":"Maracaibo","name_en":"Maracaibo","name_zh":"马拉开波","name_zht":"马拉开波","name_ja":"マラカイボ","name_ko":"마라카이보","name_de":"Maracaibo","name_fr":"Maracaibo","name_es":"Maracaibo","name_pt":"Maracaibo","name_ru":"Маракайбо","pop_max":2072000,"featurecla":"Admin-1 capital","worldcity":0}},{"type":"Feature","geometry":{"type":"Point","coordinates":[-71.072,42.3319]},"properties":{"name":"Boston","name_en":"Boston","name_zh":"波士顿","name_zht":"波士顿","name_ja":"ボストン","name_ko":"보스턴","name_de":"Boston","name_fr":"Boston","name_es":"Boston","name_pt":"Boston","name_ru":"Бостон","pop_max":4467000,"featurecla":"Admin-1 capital","worldcity":1}},{"type":"Feature","geometry":{"type":"Point","coordinates":[-82.4606,27.9489]},"properties":{"name":"Tampa","name_en":"Tampa","name_zh":"坦帕","name_zht":"坦帕","name_ja":"タンパ","name_ko":"탬파","name_de":"Tampa","name_fr":"Tampa","name_es":"Tampa","name_pt":"Tampa","name_ru":"Тампа","pop_max":2314000,"featurecla":"Populated place","worldcity":0}},{"type":"Feature","geometry":{"type":"Point","coordinates":[-75.1719,40.0019]},"properties":{"name":"Philadelphia","name_en":"Philadelphia","name_zh":"費城","name_zht":"費城","name_ja":"フィラデルフィア","name_ko":"필라델피아","name_de":"Philadelphia","name_fr":"Philadelphie","name_es":"Filadelfia","name_pt":"Filadélfia","name_ru":"Филадельфия","pop_max":5492000,"featurecla":"Populated place","worldcity":0}},{"type":"Feature","geometry":{"type":"Point","coordinates":[-83.082,42.3319]},"properties":{"name":"Detroit","name_en":"Detroit","name_zh":"底特律","name_zht":"底特律","name_ja":"デトロイト","name_ko":"디트로이트","name_de":"Detroit","name_fr":"Détroit","name_es":"Detroit","name_pt":"Detroit","name_ru":"Детройт","pop_max":4101000,"featurecla":"Populated place","worldcity":0}},{"type":"Feature","geometry":{"type":"Point","coordinates":[-149.9002,61.22]},"properties":{"name":"Anchorage","name_en":"Anchorage","name_zh":"安克拉治","name_zht":"安克拉治","name_ja":"アンカレッジ","name_ko":"앵커리지","name_de":"Anchorage","name_fr":"Anchorage","name_es":"Anchorage","name_pt":"Anchorage","name_ru":"Анкоридж","pop_max":260283,"featurecla":"Populated place","worldcity":0}},{"type":"Feature","geometry":{"type":"Point","coordinates":[105.8481,21.0353]},"properties":{"name":"Hanoi","name_en":"Hanoi","name_zh":"河內市","name_zht":"河內","name_ja":"ハノイ","name_ko":"하노이","name_de":"Hanoi","name_fr":"Hanoï","name_es":"Hanói","name_pt":"Hanói","name_ru":"Ханой","pop_max":4378000,"featurecla":"Admin-0 capital","worldcity":0}},{"type":"Feature","geometry":{"type":"Point","coordinates":[106.6931,10.782]},"properties":{"name":"Ho Chi Minh City","name_en":"Ho Chi Minh City","name_zh":"胡志明","name_zht":"胡志明","name_ja":"ホーチミン市","name_ko":"호치민","name_de":"Ho-Chi-Minh-Stadt","name_fr":"Hô-Chi-Minh-Ville","name_es":"Ciudad Ho Chi Minh","name_pt":"Cidade de Ho Chi Minh","name_ru":"Хошимин","pop_max":5314000,"featurecla":"Populated place","worldcity":0}},{"type":"Feature","geometry":{"type":"Point","coordinates":[32.8624,39.9292]},"properties":{"name":"Ankara","name_en":"Ankara","name_zh":"安卡拉","name_zht":"安卡拉","name_ja":"アンカラ","name_ko":"앙카라","name_de":"Ankara","name_fr":"Ankara","name_es":"Ankara","name_pt":"Ancara","name_ru":"Анкара","pop_max":3716000,"featurecla":"Admin-0 capital","worldcity":0}},{"type":"Feature","geometry":{"type":"Point","coordinates":[19.0814,47.502]},"properties":{"name":"Budapest","name_en":"Budapest","name_zh":"布达佩斯","name_zht":"布达佩斯","name_ja":"ブダペスト","name_ko":"부다페스트","name_de":"Budapest","name_fr":"Budapest","name_es":"Budapest","name_pt":"Budapeste","name_ru":"Будапешт","pop_max":1679000,"featurecla":"Admin-0 capital","worldcity":1}},{"type":"Feature","geometry":{"type":"Point","coordinates":[44.2046,15.3567]},"properties":{"name":"Sanaa","name_en":"Sana'a","name_zh":"萨那","name_zht":"萨那","name_ja":"サヌア","name_ko":"사나","name_de":"Sanaa","name_fr":"Sanaa","name_es":"Saná","name_pt":"Sana","name_ru":"Сана","pop_max":2008000,"featurecla":"Admin-0 capital","worldcity":0}},{"type":"Feature","geometry":{"type":"Point","coordinates":[2.1814,41.3852]},"properties":{"name":"Barcelona","name_en":"Barcelona","name_zh":"巴塞罗那","name_zht":"巴塞罗那","name_ja":"バルセロナ","name_ko":"바르셀로나","name_de":"Barcelona","name_fr":"Barcelone","name_es":"Barcelona","name_pt":"Barcelona","name_ru":"Барселона","pop_max":4920000,"featurecla":"Admin-1 capital","worldcity":1}},{"type":"Feature","geometry":{"type":"Point","coordinates":[26.098,44.4353]},"properties":{"name":"Bucharest","name_en":"Bucharest","name_zh":"布加勒斯特","name_zht":"布加勒斯特","name_ja":"ブカレスト","name_ko":"부쿠레슈티","name_de":"Bukarest","name_fr":"Bucarest","name_es":"Bucarest","name_pt":"Bucareste","name_ru":"Бухарест","pop_max":1942000,"featurecla":"Admin-0 capital","worldcity":1}},{"type":"Feature","geometry":{"type":"Point","coordinates":[37.1681,36.2319]},"properties":{"name":"Aleppo","name_en":"Aleppo","name_zh":"阿勒颇","name_zht":"阿勒颇","name_ja":"アレッポ","name_ko":"알레포","name_de":"Aleppo","name_fr":"Alep","name_es":"Alepo","name_pt":"Alepo","name_ru":"Алеппо","pop_max":2738000,"featurecla":"Populated place","worldcity":0}},{"type":"Feature","geometry":{"type":"Point","coordinates":[36.2981,33.502]},"properties":{"name":"Damascus","name_en":"Damascus","name_zh":"大马士革","name_zht":"大马士革","name_ja":"ダマスカス","name_ko":"다마스쿠스","name_de":"Damaskus","name_fr":"Damas","name_es":"Damasco","name_pt":"Damasco","name_ru":"Дамаск","pop_max":2466000,"featurecla":"Admin-0 capital","worldcity":0}},{"type":"Feature","geometry":{"type":"Point","coordinates":[8.5481,47.3819]},"properties":{"name":"Zürich","name_en":"Zurich","name_zh":"苏黎世","name_zht":"苏黎世","name_ja":"チューリッヒ","name_ko":"취리히","name_de":"Zürich","name_fr":"Zurich","name_es":"Zúrich","name_pt":"Zurique","name_ru":"Цюрих","pop_max":1108000,"featurecla":"Admin-1 capital","worldcity":1}},{"type":"Feature","geometry":{"type":"Point","coordinates":[-9.1468,38.7247]},"properties":{"name":"Lisbon","name_en":"Lisbon","name_zh":"里斯本","name_zht":"里斯本","name_ja":"リスボン","name_ko":"리스본","name_de":"Lissabon","name_fr":"Lisbonne","name_es":"Lisboa","name_pt":"Lisboa","name_ru":"Лиссабон","pop_max":2812000,"featurecla":"Admin-0 capital","worldcity":1}},{"type":"Feature","geometry":{"type":"Point","coordinates":[32.5322,15.59]},"properties":{"name":"Khartoum","name_en":"Khartoum","name_zh":"喀土穆","name_zht":"喀土穆","name_ja":"ハルツーム","name_ko":"하르툼","name_de":"Khartum","name_fr":"Khartoum","name_es":"Jartum","name_pt":"Cartum","name_ru":"Хартум","pop_max":4754000,"featurecla":"Admin-0 capital","worldcity":0}},{"type":"Feature","geometry":{"type":"Point","coordinates":[39.2173,21.5188]},"properties":{"name":"Jeddah","name_en":"Jeddah","name_zh":"吉达","name_zht":"吉达","name_ja":"ジッダ","name_ko":"제다","name_de":"Dschidda","name_fr":"Djeddah","name_es":"Yeda","name_pt":"Jidá","name_ru":"Джидда","pop_max":3012000,"featurecla":"Populated place","worldcity":0}},{"type":"Feature","geometry":{"type":"Point","coordinates":[39.8181,21.432]},"properties":{"name":"Makkah","name_en":"Mecca","name_zh":"麥加","name_zht":"麥加","name_ja":"メッカ","name_ko":"메카","name_de":"Mekka","name_fr":"La Mecque","name_es":"La Meca","name_pt":"Meca","name_ru":"Мекка","pop_max":1385000,"featurecla":"Populated place","worldcity":0}},{"type":"Feature","geometry":{"type":"Point","coordinates":[10.748,59.9186]},"properties":{"name":"Oslo","name_en":"Oslo","name_zh":"奥斯陆","name_zht":"奥斯陆","name_ja":"オスロ","name_ko":"오슬로","name_de":"Oslo","name_fr":"Oslo","name_es":"Oslo","name_pt":"Oslo","name_ru":"Осло","pop_max":835000,"featurecla":"Admin-0 capital","worldcity":1}},{"type":"Feature","geometry":{"type":"Point","coordinates":[74.3481,31.5619]},"properties":{"name":"Lahore","name_en":"Lahore","name_zh":"拉合尔","name_zht":"拉合爾","name_ja":"ラホール","name_ko":"라호르","name_de":"Lahore","name_fr":"Lahore","name_es":"Lahore","name_pt":"Lahore","name_ru":"Лахор","pop_max":6577000,"featurecla":"Admin-1 capital","worldcity":0}},{"type":"Feature","geometry":{"type":"Point","coordinates":[66.9881,24.8719]},"properties":{"name":"Karachi","name_en":"Karachi","name_zh":"卡拉奇","name_zht":"卡拉奇","name_ja":"カラチ","name_ko":"카라치","name_de":"Karatschi","name_fr":"Karachi","name_es":"Karachi","name_pt":"Carachi","name_ru":"Карачи","pop_max":12130000,"featurecla":"Admin-1 capital","worldcity":0}},{"type":"Feature","geometry":{"type":"Point","coordinates":[30.9781,-29.8631]},"properties":{"name":"Durban","name_en":"Durban","name_zh":"德班","name_zht":"德班","name_ja":"ダーバン","name_ko":"더반","name_de":"Durban","name_fr":"Durban","name_es":"Durban","name_pt":"Durban","name_ru":"Дурбан","pop_max":2729000,"featurecla":"Populated place","worldcity":0}},{"type":"Feature","geometry":{"type":"Point","coordinates":[30.3141,59.941]},"properties":{"name":"St. Petersburg","name_en":"Saint Petersburg","name_zh":"圣彼得堡","name_zht":"圣彼得堡","name_ja":null,"name_ko":null,"name_de":"Sankt Petersburg","name_fr":"Saint-Pétersbourg","name_es":"San Petersburgo","name_pt":"São Petersburgo","name_ru":"Санкт-Петербург","pop_max":4553000,"featurecla":"Admin-1 capital","worldcity":0}},{"type":"Feature","geometry":{"type":"Point","coordinates":[-103.332,20.672]},"properties":{"name":"Guadalajara","name_en":"Guadalajara","name_zh":"瓜达拉哈拉","name_zht":"瓜达拉哈拉","name_ja":"グアダラハラ","name_ko":"과달라하라","name_de":"Guadalajara","name_fr":"Guadalajara","name_es":"Guadalajara","name_pt":"Guadalajara","name_ru":"Гвадалахара","pop_max":4198000,"featurecla":"Admin-1 capital","worldcity":0}},{"type":"Feature","geometry":{"type":"Point","coordinates":[-98.202,19.0519]},"properties":{"name":"Puebla","name_en":"Puebla City","name_zh":"普埃布拉","name_zht":"普埃布拉","name_ja":"プエブラ","name_ko":"푸에블라","name_de":"Puebla","name_fr":"Puebla","name_es":"Puebla de Zaragoza","name_pt":"Puebla","name_ru":"Пуэбла-де-Сарагоса","pop_max":2195000,"featurecla":"Admin-1 capital","worldcity":0}},{"type":"Feature","geometry":{"type":"Point","coordinates":[8.5181,12.0019]},"properties":{"name":"Kano","name_en":"Kano","name_zh":"卡諾","name_zht":"卡諾","name_ja":"カノ","name_ko":"카노","name_de":"Kano","name_fr":"Kano","name_es":"Kano","name_pt":"Kano","name_ru":"Кано","pop_max":3140000,"featurecla":"Admin-1 capital","worldcity":0}},{"type":"Feature","geometry":{"type":"Point","coordinates":[20.9981,52.2519]},"properties":{"name":"Warsaw","name_en":"Warsaw","name_zh":"華沙","name_zht":"华沙","name_ja":"ワルシャワ","name_ko":"바르샤바","name_de":"Warschau","name_fr":"Varsovie","name_es":"Varsovia","name_pt":"Varsóvia","name_ru":"Варшава","pop_max":1707000,"featurecla":"Admin-0 capital","worldcity":1}},{"type":"Feature","geometry":{"type":"Point","coordinates":[125.7527,39.0214]},"properties":{"name":"Pyongyang","name_en":"Pyongyang","name_zh":"平壤","name_zht":"平壤","name_ja":"平壌","name_ko":"평양직할시","name_de":"Pjöngjang","name_fr":"Pyongyang","name_es":"Pionyang","name_pt":"Pyongyang","name_ru":"Пхеньян","pop_max":3300000,"featurecla":"Admin-0 capital","worldcity":0}},{"type":"Feature","geometry":{"type":"Point","coordinates":[39.2664,-6.7981]},"properties":{"name":"Dar es Salaam","name_en":"Dar es Salaam","name_zh":"达累斯萨拉姆","name_zht":"达累斯萨拉姆","name_ja":"ダルエスサラーム","name_ko":"다르에스살람","name_de":"Daressalam","name_fr":"Dar es Salam","name_es":"Dar es Salaam","name_pt":"Dar es Salaam","name_ru":"Дар-эс-Салам","pop_max":2930000,"featurecla":"Admin-0 capital","worldcity":0}},{"type":"Feature","geometry":{"type":"Point","coordinates":[98.6481,3.5819]},"properties":{"name":"Medan","name_en":"Medan","name_zh":"棉蘭","name_zht":"棉蘭","name_ja":"メダン","name_ko":"메단","name_de":"Medan","name_fr":"Medan","name_es":"Medan","name_pt":"Medan","name_ru":"Медан","pop_max":2115000,"featurecla":"Admin-1 capital","worldcity":0}},{"type":"Feature","geometry":{"type":"Point","coordinates":[-6.2509,53.335]},"properties":{"name":"Dublin","name_en":"Dublin","name_zh":"都柏林","name_zht":"都柏林","name_ja":"ダブリン","name_ko":"더블린","name_de":"Dublin","name_fr":"Dublin","name_es":"Dublín","name_pt":"Dublin","name_ru":"Дублин","pop_max":1059000,"featurecla":"Admin-0 capital","worldcity":1}},{"type":"Feature","geometry":{"type":"Point","coordinates":[-10.7997,6.3146]},"properties":{"name":"Monrovia","name_en":"Monrovia","name_zh":"蒙罗维亚","name_zht":"蒙羅維亞","name_ja":"モンロビア","name_ko":"몬로비아","name_de":"Monrovia","name_fr":"Monrovia","name_es":"Monrovia","name_pt":"Monróvia","name_ru":"Монровия","pop_max":1041000,"featurecla":"Admin-0 capital","worldcity":0}},{"type":"Feature","geometry":{"type":"Point","coordinates":[14.2431,40.842]},"properties":{"name":"Naples","name_en":"Naples","name_zh":"那不勒斯","name_zht":"那不勒斯","name_ja":"ナポリ","name_ko":"나폴리","name_de":"Neapel","name_fr":"Naples","name_es":"Nápoles","name_pt":"Nápoles","name_ru":"Неаполь","pop_max":2250000,"featurecla":"Admin-1 region capital","worldcity":0}},{"type":"Feature","geometry":{"type":"Point","coordinates":[9.2031,45.4719]},"properties":{"name":"Milan","name_en":"Milan","name_zh":"米蘭","name_zht":"米蘭","name_ja":"ミラノ","name_ko":"밀라노","name_de":"Mailand","name_fr":"Milan","name_es":"Milán","name_pt":"Milão","name_ru":"Милан","pop_max":2945000,"featurecla":"Admin-1 region capital","worldcity":1}},{"type":"Feature","geometry":{"type":"Point","coordinates":[101.698,3.1686]},"properties":{"name":"Kuala Lumpur","name_en":"Kuala Lumpur","name_zh":"吉隆坡","name_zht":"吉隆坡","name_ja":"クアラルンプール","name_ko":"쿠알라룸푸르","name_de":"Kuala Lumpur","name_fr":"Kuala Lumpur","name_es":"Kuala Lumpur","name_pt":"Kuala Lumpur","name_ru":"Куала-Лумпур","pop_max":1448000,"featurecla":"Admin-0 capital","worldcity":1}},{"type":"Feature","geometry":{"type":"Point","coordinates":[103.7901,36.058]},"properties":{"name":"Lanzhou","name_en":"Lanzhou","name_zh":"兰州","name_zht":"蘭州","name_ja":"蘭州","name_ko":"란저우 시","name_de":"Lanzhou","name_fr":"Lanzhou","name_es":"Lanzhou","name_pt":"Lanzhou","name_ru":"Ланьчжоу","pop_max":2561000,"featurecla":"Admin-1 capital","worldcity":0}},{"type":"Feature","geometry":{"type":"Point","coordinates":[108.3181,22.8219]},"properties":{"name":"Nanning","name_en":"Nanning","name_zh":"南宁","name_zht":"南寧","name_ja":"南寧市","name_ko":"난닝 시","name_de":"Nanning","name_fr":"Nanning","name_es":"Nanning","name_pt":"Nanning","name_ru":"Наньнин","pop_max":2167000,"featurecla":"Admin-1 capital","worldcity":0}},{"type":"Feature","geometry":{"type":"Point","coordinates":[106.7181,26.582]},"properties":{"name":"Guiyang","name_en":"Guiyang","name_zh":"贵阳","name_zht":"貴陽","name_ja":"貴陽市","name_ko":"구이양 시","name_de":"Guiyang","name_fr":"Guiyang","name_es":"Guiyang","name_pt":"Guiyang","name_ru":"Гуйян","pop_max":3662000,"featurecla":"Admin-1 capital","worldcity":0}},{"type":"Feature","geometry":{"type":"Point","coordinates":[106.593,29.5669]},"properties":{"name":"Chongqing","name_en":"Chongqing","name_zh":"重庆","name_zht":"重庆","name_ja":"重慶市","name_ko":"충칭 시","name_de":"Chongqing","name_fr":"Chongqing","name_es":"Chongqing","name_pt":"Chongqing","name_ru":"Чунцин","pop_max":6461000,"featurecla":"Populated place","worldcity":0}},{"type":"Feature","geometry":{"type":"Point","coordinates":[119.2981,26.0819]},"properties":{"name":"Fuzhou","name_en":"Fuzhou","name_zh":"福州市","name_zht":"福州","name_ja":"福州市","name_ko":"푸저우 시","name_de":"Fuzhou","name_fr":"Fuzhou","name_es":"Fuzhou","name_pt":"Fucheu","name_ru":"Фучжоу","pop_max":2606000,"featurecla":"Admin-1 capital","worldcity":0}},{"type":"Feature","geometry":{"type":"Point","coordinates":[113.3231,23.1469]},"properties":{"name":"Guangzhou","name_en":"Guangzhou","name_zh":"广州","name_zht":"廣州","name_ja":"広州","name_ko":"광저우","name_de":"Guangzhou","name_fr":"Canton","name_es":"Cantón","name_pt":"Cantão","name_ru":"Гуанчжоу","pop_max":8829000,"featurecla":"Admin-1 capital","worldcity":0}},{"type":"Feature","geometry":{"type":"Point","coordinates":[113.7428,23.0508]},"properties":{"name":"Dongguan","name_en":"Dongguan","name_zh":"东莞市","name_zht":"东莞","name_ja":"東莞市","name_ko":"둥관 시","name_de":"Dongguan","name_fr":"Dongguan","name_es":"Dongguan","name_pt":"Dongguan","name_ru":"Дунгуань","pop_max":4528000,"featurecla":"Populated place","worldcity":0}},{"type":"Feature","geometry":{"type":"Point","coordinates":[107.5681,-6.9481]},"properties":{"name":"Bandung","name_en":"Bandung","name_zh":"万隆","name_zht":"萬隆","name_ja":"バンドン","name_ko":"반둥","name_de":"Bandung","name_fr":"Bandung","name_es":"Bandung","name_pt":"Bandung","name_ru":"Бандунг","pop_max":2394000,"featurecla":"Admin-1 capital","worldcity":0}},{"type":"Feature","geometry":{"type":"Point","coordinates":[112.7489,-7.2473]},"properties":{"name":"Surabaya","name_en":"Surabaya","name_zh":"泗水","name_zht":"泗水","name_ja":"スラバヤ","name_ko":"수라바야","name_de":"Surabaya","name_fr":"Surabaya","name_es":"Surabaya","name_pt":"Surabaia","name_ru":"Сурабая","pop_max":2845000,"featurecla":"Populated place","worldcity":0}},{"type":"Feature","geometry":{"type":"Point","coordinates":[-79.922,-2.2181]},"properties":{"name":"Guayaquil","name_en":"Guayaquil","name_zh":"瓜亞基爾","name_zht":"瓜亞基爾","name_ja":"グアヤキル","name_ko":"과야킬","name_de":"Guayaquil","name_fr":"Guayaquil","name_es":"Guayaquil","name_pt":"Guaiaquil","name_ru":"Гуаякиль","pop_max":2514000,"featurecla":"Admin-1 capital","worldcity":0}},{"type":"Feature","geometry":{"type":"Point","coordinates":[-75.577,6.2769]},"properties":{"name":"Medellín","name_en":"Medellín","name_zh":"麦德林","name_zht":"麦德林","name_ja":"メデジン","name_ko":"메데인","name_de":"Medellín","name_fr":"Medellín","name_es":"Medellín","name_pt":"Medellín","name_ru":"Медельин","pop_max":3297000,"featurecla":"Admin-1 capital","worldcity":0}},{"type":"Feature","geometry":{"type":"Point","coordinates":[-76.5019,3.4019]},"properties":{"name":"Cali","name_en":"Cali","name_zh":"卡利","name_zht":"卡利","name_ja":"サンティアゴ・デ・カリ","name_ko":"칼리","name_de":"Cali","name_fr":"Cali","name_es":"Cali","name_pt":"Cáli","name_ru":"Кали","pop_max":2254000,"featurecla":"Admin-1 capital","worldcity":0}},{"type":"Feature","geometry":{"type":"Point","coordinates":[-82.3661,23.1339]},"properties":{"name":"Havana","name_en":"Havana","name_zh":"哈瓦那","name_zht":"哈瓦那","name_ja":"ハバナ","name_ko":"아바나","name_de":"Havanna","name_fr":"La Havane","name_es":"La Habana","name_pt":"Havana","name_ru":"Гавана","pop_max":2174000,"featurecla":"Admin-0 capital","worldcity":0}},{"type":"Feature","geometry":{"type":"Point","coordinates":[29.9481,31.202]},"properties":{"name":"Alexandria","name_en":"Alexandria","name_zh":"亞歷山卓","name_zht":"亞歷山大港","name_ja":"アレクサンドリア","name_ko":"알렉산드리아","name_de":"Alexandria","name_fr":"Alexandrie","name_es":"Alejandría","name_pt":"Alexandria","name_ru":"Александрия","pop_max":4165000,"featurecla":"Populated place","worldcity":0}},{"type":"Feature","geometry":{"type":"Point","coordinates":[8.675,50.1]},"properties":{"name":"Frankfurt","name_en":"Frankfurt","name_zh":"法蘭克福","name_zht":"美茵河畔法蘭克福","name_ja":"フランクフルト・アム・マイン","name_ko":"프랑크푸르트","name_de":"Frankfurt am Main","name_fr":"Francfort-sur-le-Main","name_es":"Fráncfort del Meno","name_pt":"Francoforte do Meno","name_ru":"Франкфурт-на-Майне","pop_max":2895000,"featurecla":"Populated place","worldcity":1}},{"type":"Feature","geometry":{"type":"Point","coordinates":[9.9981,53.552]},"properties":{"name":"Hamburg","name_en":"Hamburg","name_zh":"汉堡市","name_zht":"汉堡","name_ja":"ハンブルク","name_ko":"함부르크","name_de":"Hamburg","name_fr":"Hambourg","name_es":"Hamburgo","name_pt":"Hamburgo","name_ru":"Гамбург","pop_max":1757000,"featurecla":"Admin-1 capital","worldcity":1}},{"type":"Feature","geometry":{"type":"Point","coordinates":[11.573,48.1319]},"properties":{"name":"Munich","name_en":"Munich","name_zh":"慕尼黑","name_zht":"慕尼黑","name_ja":"ミュンヘン","name_ko":"뮌헨","name_de":"München","name_fr":"Munich","name_es":"Múnich","name_pt":"Munique","name_ru":"Мюнхен","pop_max":1275000,"featurecla":"Admin-1 capital","worldcity":1}},{"type":"Feature","geometry":{"type":"Point","coordinates":[14.464,50.0853]},"properties":{"name":"Prague","name_en":"Prague","name_zh":"Královské Vinohrady","name_zht":"布拉格","name_ja":"Královské Vinohrady","name_ko":"Královské Vinohrady","name_de":"Prag","name_fr":"Prague","name_es":"Praga","name_pt":"Praga","name_ru":"Прага","pop_max":1162000,"featurecla":"Admin-0 capital","worldcity":1}},{"type":"Feature","geometry":{"type":"Point","coordinates":[47.9764,29.3717]},"properties":{"name":"Kuwait","name_en":"Kuwait City","name_zh":"科威特市","name_zht":"科威特","name_ja":"クウェート市","name_ko":"쿠웨이트시티","name_de":"Kuwait-Stadt","name_fr":"Koweït","name_es":"Ciudad de Kuwait","name_pt":"Kuwait","name_ru":"Кувейт","pop_max":2063000,"featurecla":"Admin-0 capital","worldcity":0}},{"type":"Feature","geometry":{"type":"Point","coordinates":[108.8931,34.277]},"properties":{"name":"Xian","name_en":"Xi'an","name_zh":"咸阳","name_zht":"西安","name_ja":"咸陽市","name_ko":"셴양 시","name_de":"Xi’an","name_fr":"Xi'an","name_es":"Xi'an","name_pt":"Xian","name_ru":"Сиань","pop_max":4009000,"featurecla":"Populated place","worldcity":0}},{"type":"Feature","geometry":{"type":"Point","coordinates":[112.5431,37.877]},"properties":{"name":"Taiyuan","name_en":"Taiyuan","name_zh":"太原","name_zht":"太原","name_ja":"太原","name_ko":"타이위안 시","name_de":"Taiyuan","name_fr":"Taiyuan","name_es":"Taiyuan","name_pt":"Taiyuan","name_ru":"Тайюань","pop_max":2913000,"featurecla":"Admin-1 capital","worldcity":0}},{"type":"Feature","geometry":{"type":"Point","coordinates":[114.2681,30.582]},"properties":{"name":"Wuhan","name_en":"Wuhan","name_zh":"武汉","name_zht":"武汉","name_ja":"武漢市","name_ko":"우한 시","name_de":"Wuhan","name_fr":"Wuhan","name_es":"Wuhan","name_pt":"Wuhan","name_ru":"Ухань","pop_max":7243000,"featurecla":"Admin-1 capital","worldcity":0}},{"type":"Feature","geometry":{"type":"Point","coordinates":[112.968,28.2019]},"properties":{"name":"Changsha","name_en":"Changsha","name_zh":"长沙市","name_zht":"长沙","name_ja":"長沙市","name_ko":"창사 시","name_de":"Changsha","name_fr":"Changsha","name_es":"Changsha","name_pt":"Changsha","name_ru":"Чанша","pop_max":2604000,"featurecla":"Admin-1 capital","worldcity":0}},{"type":"Feature","geometry":{"type":"Point","coordinates":[102.678,25.0719]},"properties":{"name":"Kunming","name_en":"Kunming","name_zh":"昆明","name_zht":"昆明","name_ja":"昆明市","name_ko":"쿤밍 시","name_de":"Kunming","name_fr":"Kunming","name_es":"Kunmíng","name_pt":"Kunming","name_ru":"Куньмин","pop_max":2931000,"featurecla":"Admin-1 capital","worldcity":0}},{"type":"Feature","geometry":{"type":"Point","coordinates":[113.6631,34.7569]},"properties":{"name":"Zhengzhou","name_en":"Zhengzhou","name_zh":"郑州","name_zht":"郑州","name_ja":"鄭州市","name_ko":"정저우 시","name_de":"Zhengzhou","name_fr":"Zhengzhou","name_es":"Zhengzhou","name_pt":"Zhengzhou","name_ru":"Чжэнчжоу","pop_max":2636000,"featurecla":"Populated place","worldcity":0}},{"type":"Feature","geometry":{"type":"Point","coordinates":[123.448,41.8069]},"properties":{"name":"Shenyeng","name_en":"Shenyang","name_zh":"瀋陽","name_zht":"瀋陽","name_ja":null,"name_ko":null,"name_de":"Shenyang","name_fr":"Shenyang","name_es":"Shenyang","name_pt":"Shenyang","name_ru":"Шэньян","pop_max":4787000,"featurecla":"Populated place","worldcity":0}},{"type":"Feature","geometry":{"type":"Point","coordinates":[116.9931,36.6769]},"properties":{"name":"Jinan","name_en":"Jinan","name_zh":"济南","name_zht":"济南","name_ja":"済南市","name_ko":"지난 시","name_de":"Jinan","name_fr":"Jinan","name_es":"Jinan","name_pt":"Jinan","name_ru":"Цзинань","pop_max":2798000,"featurecla":"Admin-1 capital","worldcity":0}},{"type":"Feature","geometry":{"type":"Point","coordinates":[117.1981,39.132]},"properties":{"name":"Tianjin","name_en":"Tianjin","name_zh":"天津","name_zht":"天津","name_ja":"天津市","name_ko":"톈진 시","name_de":"Tianjin","name_fr":"Tianjin","name_es":"Tianjin","name_pt":"Tianjin","name_ru":"Тяньцзинь","pop_max":7180000,"featurecla":"Admin-1 capital","worldcity":0}},{"type":"Feature","geometry":{"type":"Point","coordinates":[115.8781,28.6819]},"properties":{"name":"Nanchang","name_en":"Nanchang","name_zh":"南昌","name_zht":"南昌","name_ja":"南昌市","name_ko":"난창 시","name_de":"Nanchang","name_fr":"Nanchang","name_es":"Nanchang","name_pt":"Nanchang","name_ru":"Наньчан","pop_max":2350000,"featurecla":"Admin-1 capital","worldcity":0}},{"type":"Feature","geometry":{"type":"Point","coordinates":[118.778,32.052]},"properties":{"name":"Nanjing","name_en":"Nanjing","name_zh":"南京","name_zht":"南京","name_ja":"南京市","name_ko":"난징","name_de":"Nanjing","name_fr":"Nankin","name_es":"Nankín","name_pt":"Nanquim","name_ru":"Нанкин","pop_max":3679000,"featurecla":"Admin-1 capital","worldcity":0}},{"type":"Feature","geometry":{"type":"Point","coordinates":[120.1681,30.2519]},"properties":{"name":"Hangzhou","name_en":"Hangzhou","name_zh":"杭州","name_zht":"杭州","name_ja":"杭州市","name_ko":"항저우","name_de":"Hangzhou","name_fr":"Hangzhou","name_es":"Hangzhou","name_pt":"Hangzhou","name_ru":"Ханчжоу","pop_max":3007000,"featurecla":"Admin-1 capital","worldcity":0}},{"type":"Feature","geometry":{"type":"Point","coordinates":[132.441,34.3898]},"properties":{"name":"Hiroshima","name_en":"Hiroshima","name_zh":"广岛","name_zht":"广岛","name_ja":"広島市","name_ko":"히로시마 시","name_de":"Hiroshima","name_fr":"Hiroshima","name_es":"Hiroshima","name_pt":"Hiroshima","name_ru":"Хиросима","pop_max":2045000,"featurecla":"Admin-1 region capital","worldcity":0}},{"type":"Feature","geometry":{"type":"Point","coordinates":[125.338,43.867]},"properties":{"name":"Changchun","name_en":"Changchun","name_zh":"长春市","name_zht":"长春","name_ja":"長春市","name_ko":"창춘 시","name_de":"Changchun","name_fr":"Changchun","name_es":"Changchun","name_pt":"Changchun","name_ru":"Чанчунь","pop_max":3183000,"featurecla":"Admin-1 capital","worldcity":0}},{"type":"Feature","geometry":{"type":"Point","coordinates":[109.8201,40.6542]},"properties":{"name":"Baotou","name_en":"Baotou","name_zh":"包头","name_zht":"包头","name_ja":"包頭市","name_ko":"바오터우 시","name_de":"Baotou","name_fr":"Baotou","name_es":"Baotou","name_pt":"Baotou","name_ru":"Баотоу","pop_max":2036000,"featurecla":"Populated place","worldcity":0}},{"type":"Feature","geometry":{"type":"Point","coordinates":[126.648,45.7519]},"properties":{"name":"Harbin","name_en":"Harbin","name_zh":"哈尔滨","name_zht":"哈尔滨","name_ja":"ハルビン市","name_ko":"하얼빈 시","name_de":"Harbin","name_fr":"Harbin","name_es":"Harbin","name_pt":"Harbin","name_ru":"Харбин","pop_max":3621000,"featurecla":"Admin-1 capital","worldcity":0}},{"type":"Feature","geometry":{"type":"Point","coordinates":[141.3381,43.0769]},"properties":{"name":"Sapporo","name_en":"Sapporo","name_zh":"札幌市","name_zht":"札幌","name_ja":"札幌市","name_ko":"삿포로 시","name_de":"Sapporo","name_fr":"Sapporo","name_es":"Sapporo","name_pt":"Sapporo","name_ru":"Саппоро","pop_max":2544000,"featurecla":"Admin-1 region capital","worldcity":0}},{"type":"Feature","geometry":{"type":"Point","coordinates":[-69.902,18.472]},"properties":{"name":"Santo Domingo","name_en":"Santo Domingo","name_zh":"聖多明哥","name_zht":"聖多明哥","name_ja":null,"name_ko":"산토도밍고","name_de":"Santo Domingo","name_fr":"Saint-Domingue","name_es":"Santo Domingo","name_pt":"Santo Domingo","name_ru":"Санто-Доминго","pop_max":2154000,"featurecla":"Admin-0 capital","worldcity":0}},{"type":"Feature","geometry":{"type":"Point","coordinates":[-0.2187,5.552]},"properties":{"name":"Accra","name_en":"Accra","name_zh":"阿克拉","name_zht":"阿克拉","name_ja":"アクラ","name_ko":"아크라","name_de":"Accra","name_fr":"Accra","name_es":"Acra","name_pt":"Acra","name_ru":"Аккра","pop_max":2121000,"featurecla":"Admin-0 capital","worldcity":0}},{"type":"Feature","geometry":{"type":"Point","coordinates":[77.2281,28.6719]},"properties":{"name":"Delhi","name_en":"Delhi","name_zh":"德里","name_zht":"德里","name_ja":"デリー","name_ko":"델리","name_de":"Delhi","name_fr":"Delhi","name_es":"Delhi","name_pt":"Deli","name_ru":"Дели","pop_max":15926000,"featurecla":"Populated place","worldcity":0}},{"type":"Feature","geometry":{"type":"Point","coordinates":[78.478,17.4019]},"properties":{"name":"Hyderabad","name_en":"Hyderabad","name_zh":"海得拉巴","name_zht":"海得拉巴","name_ja":"ハイデラバード","name_ko":null,"name_de":"Hyderabad","name_fr":"Hyderabad","name_es":"Hyderabad","name_pt":"Hyderabad","name_ru":"Хайдарабад","pop_max":6376000,"featurecla":"Admin-1 capital","worldcity":0}},{"type":"Feature","geometry":{"type":"Point","coordinates":[73.8481,18.532]},"properties":{"name":"Pune","name_en":"Pune","name_zh":"浦那","name_zht":"浦那","name_ja":"プネー","name_ko":"푸네","name_de":"Pune","name_fr":"Pune","name_es":"Pune","name_pt":"Pune","name_ru":"Пуна","pop_max":4672000,"featurecla":"Populated place","worldcity":0}},{"type":"Feature","geometry":{"type":"Point","coordinates":[79.088,21.1719]},"properties":{"name":"Nagpur","name_en":"Nagpur","name_zh":"那格浦尔","name_zht":"那格浦尔","name_ja":"ナーグプル","name_ko":"나그푸르","name_de":"Nagpur","name_fr":"Nagpur","name_es":"Nagpur","name_pt":"Nagpur","name_ru":"Нагпур","pop_max":2454000,"featurecla":"Populated place","worldcity":0}},{"type":"Feature","geometry":{"type":"Point","coordinates":[13.18,32.8925]},"properties":{"name":"Tripoli","name_en":"Tripoli","name_zh":"的黎波里","name_zht":"的黎波里","name_ja":"トリポリ","name_ko":"트리폴리","name_de":"Tripolis","name_fr":"Tripoli","name_es":"Trípoli","name_pt":"Trípoli","name_ru":"Триполи","pop_max":2189000,"featurecla":"Admin-0 capital","worldcity":0}},{"type":"Feature","geometry":{"type":"Point","coordinates":[34.7681,32.0819]},"properties":{"name":"Tel Aviv-Yafo","name_en":"Tel Aviv","name_zh":"特拉维夫","name_zht":"特拉维夫","name_ja":null,"name_ko":null,"name_de":"Tel Aviv-Jaffa","name_fr":"Tel Aviv-Jaffa","name_es":"Tel Aviv","name_pt":"Tel Aviv","name_ru":"Тель-Авив","pop_max":3112000,"featurecla":"Admin-0 capital alt","worldcity":0}},{"type":"Feature","geometry":{"type":"Point","coordinates":[24.9322,60.1775]},"properties":{"name":"Helsinki","name_en":"Helsinki","name_zh":"赫尔辛基","name_zht":"赫尔辛基","name_ja":"ヘルシンキ","name_ko":"헬싱키","name_de":"Helsinki","name_fr":"Helsinki","name_es":"Helsinki","name_pt":"Helsínquia","name_ru":"Хельсинки","pop_max":1115000,"featurecla":"Admin-0 capital","worldcity":1}},{"type":"Feature","geometry":{"type":"Point","coordinates":[59.5681,36.272]},"properties":{"name":"Mashhad","name_en":"Mashhad","name_zh":"馬什哈德","name_zht":"馬什哈德","name_ja":"マシュハド","name_ko":"마슈하드","name_de":"Maschhad","name_fr":"Mashhad","name_es":"Mashhad","name_pt":"Meshed","name_ru":"Мешхед","pop_max":2469000,"featurecla":"Admin-1 capital","worldcity":0}},{"type":"Feature","geometry":{"type":"Point","coordinates":[75.808,26.9231]},"properties":{"name":"Jaipur","name_en":"Jaipur","name_zh":"齋浦爾","name_zht":"齋浦爾","name_ja":"ジャイプル","name_ko":"자이푸르","name_de":"Jaipur","name_fr":"Jaipur","name_es":"Jaipur","name_pt":"Jaipur","name_ru":"Джайпур","pop_max":2917000,"featurecla":"Admin-1 capital","worldcity":0}},{"type":"Feature","geometry":{"type":"Point","coordinates":[80.3181,26.4619]},"properties":{"name":"Kanpur","name_en":"Kanpur","name_zh":"坎普尔","name_zht":"坎普尔","name_ja":"カーンプル","name_ko":null,"name_de":"Kanpur","name_fr":"Kanpur","name_es":"Kanpur","name_pt":"Kanpur","name_ru":"Канпур","pop_max":3162000,"featurecla":"Populated place","worldcity":0}},{"type":"Feature","geometry":{"type":"Point","coordinates":[85.1281,25.6269]},"properties":{"name":"Patna","name_en":"Patna","name_zh":"巴特那","name_zht":"巴特那","name_ja":"パトナ","name_ko":"파트나","name_de":"Patna","name_fr":"Patna","name_es":"Patna","name_pt":"Patna","name_ru":"Патна","pop_max":2158000,"featurecla":"Admin-1 capital","worldcity":0}},{"type":"Feature","geometry":{"type":"Point","coordinates":[80.2781,13.0919]},"properties":{"name":"Chennai","name_en":"Chennai","name_zh":"金奈","name_zht":"金奈","name_ja":"チェンナイ","name_ko":"첸나이","name_de":"Chennai","name_fr":"Chennai","name_es":"Chennai","name_pt":"Chennai","name_ru":"Ченнаи","pop_max":7163000,"featurecla":"Admin-1 capital","worldcity":0}},{"type":"Feature","geometry":{"type":"Point","coordinates":[72.5781,23.032]},"properties":{"name":"Ahmedabad","name_en":"Ahmedabad","name_zh":"艾哈迈达巴德","name_zht":"艾哈迈达巴德","name_ja":"アフマダーバード","name_ko":"아마다바드","name_de":"Ahmedabad","name_fr":"Ahmedabad","name_es":"Ahmedabad","name_pt":"Ahmedabad","name_ru":"Ахмадабад","pop_max":5375000,"featurecla":"Populated place","worldcity":0}},{"type":"Feature","geometry":{"type":"Point","coordinates":[72.8381,21.2019]},"properties":{"name":"Surat","name_en":"Surat","name_zh":"苏拉特","name_zht":"苏拉特","name_ja":"スーラト","name_ko":null,"name_de":"Surat","name_fr":"Surate","name_es":"Surat","name_pt":"Surate","name_ru":"Сурат","pop_max":3842000,"featurecla":"Populated place","worldcity":0}},{"type":"Feature","geometry":{"type":"Point","coordinates":[12.5615,55.6805]},"properties":{"name":"København","name_en":"Copenhagen","name_zh":"København N","name_zht":"哥本哈根","name_ja":"København N","name_ko":"København N","name_de":"Kopenhagen","name_fr":"Copenhague","name_es":"Copenhague","name_pt":"Copenhaga","name_ru":"Копенгаген","pop_max":1085000,"featurecla":"Admin-0 capital","worldcity":1}},{"type":"Feature","geometry":{"type":"Point","coordinates":[-4.042,5.3219]},"properties":{"name":"Abidjan","name_en":"Abidjan","name_zh":"阿比让","name_zht":"阿比让","name_ja":"アビジャン","name_ko":"아비장","name_de":"Abidjan","name_fr":"Abidjan","name_es":"Abiyán","name_pt":"Abidjan","name_ru":"Абиджан","pop_max":3802000,"featurecla":"Admin-0 capital","worldcity":0}},{"type":"Feature","geometry":{"type":"Point","coordinates":[-48.482,-1.4481]},"properties":{"name":"Belém","name_en":"Belém","name_zh":"贝伦","name_zht":"贝伦","name_ja":"ベレン","name_ko":"벨렝","name_de":"Belém","name_fr":"Belém","name_es":"Belém","name_pt":"Belém","name_ru":"Белен","pop_max":2167000,"featurecla":"Admin-1 capital","worldcity":0}},{"type":"Feature","geometry":{"type":"Point","coordinates":[-47.918,-15.7814]},"properties":{"name":"Brasília","name_en":"Brasília","name_zh":"巴西利亚","name_zht":"巴西利亚","name_ja":"ブラジリア","name_ko":"브라질리아","name_de":"Brasília","name_fr":"Brasilia","name_es":"Brasilia","name_pt":"Brasília","name_ru":"Бразилиа","pop_max":3716996,"featurecla":"Admin-0 capital","worldcity":0}},{"type":"Feature","geometry":{"type":"Point","coordinates":[-51.202,-30.0481]},"properties":{"name":"Porto Alegre","name_en":"Porto Alegre","name_zh":"阿雷格里港","name_zht":"阿雷格里港","name_ja":"ポルト・アレグレ","name_ko":"포르투알레그리","name_de":"Porto Alegre","name_fr":"Porto Alegre","name_es":"Porto Alegre","name_pt":"Porto Alegre","name_ru":"Порту-Алегри","pop_max":3917000,"featurecla":"Admin-1 capital","worldcity":0}},{"type":"Feature","geometry":{"type":"Point","coordinates":[-49.3219,-25.4181]},"properties":{"name":"Curitiba","name_en":"Curitiba","name_zh":"庫里奇巴","name_zht":"庫里奇巴","name_ja":"クリチバ","name_ko":"쿠리치바","name_de":"Curitiba","name_fr":"Curitiba","name_es":"Curitiba","name_pt":"Curitiba","name_ru":"Куритиба","pop_max":3084000,"featurecla":"Admin-1 capital","worldcity":0}},{"type":"Feature","geometry":{"type":"Point","coordinates":[-38.5819,-3.7481]},"properties":{"name":"Fortaleza","name_en":"Fortaleza","name_zh":"福塔雷萨","name_zht":"福塔雷萨","name_ja":"フォルタレザ","name_ko":"포르탈레자","name_de":"Fortaleza","name_fr":"Fortaleza","name_es":"Fortaleza","name_pt":"Fortaleza","name_ru":"Форталеза","pop_max":3602319,"featurecla":"Admin-1 capital","worldcity":0}},{"type":"Feature","geometry":{"type":"Point","coordinates":[-38.4819,-12.968]},"properties":{"name":"Salvador","name_en":"Salvador","name_zh":"萨尔瓦多","name_zht":"萨尔瓦多","name_ja":"サルバドール","name_ko":"사우바도르","name_de":"Salvador","name_fr":"Salvador","name_es":"Salvador de Bahía","name_pt":"Salvador","name_ru":"Салвадор","pop_max":3484000,"featurecla":"Admin-1 capital","worldcity":0}},{"type":"Feature","geometry":{"type":"Point","coordinates":[-113.5019,53.552]},"properties":{"name":"Edmonton","name_en":"Edmonton","name_zh":"埃德蒙顿","name_zht":"埃德蒙顿","name_ja":"エドモントン","name_ko":"에드먼턴","name_de":"Edmonton","name_fr":"Edmonton","name_es":"Edmonton","name_pt":"Edmonton","name_ru":"Эдмонтон","pop_max":1058000,"featurecla":"Admin-1 capital","worldcity":0}},{"type":"Feature","geometry":{"type":"Point","coordinates":[-73.5852,45.5019]},"properties":{"name":"Montréal","name_en":"Montreal","name_zh":"蒙特利尔","name_zht":"蒙特利尔","name_ja":"モントリオール","name_ko":"몬트리올","name_de":"Montreal","name_fr":"Montréal","name_es":"Montreal","name_pt":"Montreal","name_ru":"Монреаль","pop_max":3678000,"featurecla":"Populated place","worldcity":0}},{"type":"Feature","geometry":{"type":"Point","coordinates":[-49.302,-16.7181]},"properties":{"name":"Goiânia","name_en":"Goiânia","name_zh":"戈亚尼亚","name_zht":"戈亚尼亚","name_ja":"ゴイアニア","name_ko":"고이아니아","name_de":"Goiânia","name_fr":"Goiânia","name_es":"Goiânia","name_pt":"Goiânia","name_ru":"Гояния","pop_max":2022000,"featurecla":"Admin-1 capital","worldcity":0}},{"type":"Feature","geometry":{"type":"Point","coordinates":[-34.9176,-8.0737]},"properties":{"name":"Recife","name_en":"Recife","name_zh":"累西腓","name_zht":"累西腓","name_ja":"レシフェ","name_ko":"헤시피","name_de":"Recife","name_fr":"Recife","name_es":"Recife","name_pt":"Recife","name_ru":"Ресифи","pop_max":3651000,"featurecla":"Admin-1 capital","worldcity":0}},{"type":"Feature","geometry":{"type":"Point","coordinates":[4.3314,50.8353]},"properties":{"name":"Brussels","name_en":"Brussels","name_zh":"布鲁塞尔","name_zht":"布鲁塞尔","name_ja":"ブリュッセル","name_ko":"브뤼셀","name_de":"Brüssel","name_fr":"Bruxelles","name_es":"Bruselas","name_pt":"Bruxelas","name_ru":"Брюссель","pop_max":1743000,"featurecla":"Admin-0 capital","worldcity":1}},{"type":"Feature","geometry":{"type":"Point","coordinates":[90.4066,23.725]},"properties":{"name":"Dhaka","name_en":"Dhaka","name_zh":"达卡","name_zht":"达卡","name_ja":"ダッカ","name_ko":"다카","name_de":"Dhaka","name_fr":"Dacca","name_es":"Daca","name_pt":"Daca","name_ru":"Дакка","pop_max":12797394,"featurecla":"Admin-0 capital","worldcity":0}},{"type":"Feature","geometry":{"type":"Point","coordinates":[13.2325,-8.8363]},"properties":{"name":"Luanda","name_en":"Luanda","name_zh":"罗安达","name_zht":"罗安达","name_ja":"ルアンダ","name_ko":"루안다","name_de":"Luanda","name_fr":"Luanda","name_es":"Luanda","name_pt":"Luanda","name_ru":"Луанда","pop_max":5172900,"featurecla":"Admin-0 capital","worldcity":0}},{"type":"Feature","geometry":{"type":"Point","coordinates":[3.0486,36.765]},"properties":{"name":"Algiers","name_en":"Algiers","name_zh":"阿爾及爾","name_zht":"阿爾及爾","name_ja":"アルジェ","name_ko":"알제","name_de":"Algier","name_fr":"Alger","name_es":"Argel","name_pt":"Argel","name_ru":"Алжир","pop_max":3354000,"featurecla":"Admin-0 capital","worldcity":0}},{"type":"Feature","geometry":{"type":"Point","coordinates":[91.798,22.3319]},"properties":{"name":"Chittagong","name_en":"Chittagong","name_zh":"沙赫阿馬納國際機場","name_zht":"吉大港","name_ja":"シャーアマーナト国際空港","name_ko":"샤아마나트 국제공항","name_de":"Chittagong","name_fr":"Chittagong","name_es":"Chittagong","name_pt":"Chittagong","name_ru":"Читтагонг","pop_max":4529000,"featurecla":"Admin-1 capital","worldcity":0}},{"type":"Feature","geometry":{"type":"Point","coordinates":[115.8381,-31.9531]},"properties":{"name":"Perth","name_en":"Perth","name_zh":"珀斯","name_zht":"珀斯","name_ja":"パース","name_ko":"퍼스","name_de":"Perth","name_fr":"Perth","name_es":"Perth","name_pt":"Perth","name_ru":"Перт","pop_max":1532000,"featurecla":"Admin-1 capital","worldcity":0}},{"type":"Feature","geometry":{"type":"Point","coordinates":[96.1647,16.7853]},"properties":{"name":"Rangoon","name_en":"Yangon","name_zh":"Ahlone","name_zht":"仰光","name_ja":"Ahlone","name_ko":"Ahlone","name_de":"Rangun","name_fr":"Rangoun","name_es":"Rangún","name_pt":"Yangon","name_ru":"Янгон","pop_max":4088000,"featurecla":"Admin-0 capital","worldcity":0}},{"type":"Feature","geometry":{"type":"Point","coordinates":[-122.4172,37.7692]},"properties":{"name":"San Francisco","name_en":"San Francisco","name_zh":"旧金山","name_zht":"舊金山","name_ja":"サンフランシスコ","name_ko":"샌프란시스코","name_de":"San Francisco","name_fr":"San Francisco","name_es":"San Francisco","name_pt":"São Francisco","name_ru":"Сан-Франциско","pop_max":3450000,"featurecla":"Populated place","worldcity":1}},{"type":"Feature","geometry":{"type":"Point","coordinates":[-104.986,39.7411]},"properties":{"name":"Denver","name_en":"Denver","name_zh":"丹佛","name_zht":"丹佛","name_ja":"デンバー","name_ko":"덴버","name_de":"Denver","name_fr":"Denver","name_es":"Denver","name_pt":"Denver","name_ru":"Денвер","pop_max":2313000,"featurecla":"Admin-1 capital","worldcity":0}},{"type":"Feature","geometry":{"type":"Point","coordinates":[-95.3419,29.8219]},"properties":{"name":"Houston","name_en":"Houston","name_zh":"休斯敦","name_zht":"休斯敦","name_ja":"ヒューストン","name_ko":"휴스턴","name_de":"Houston","name_fr":"Houston","name_es":"Houston","name_pt":"Houston","name_ru":"Хьюстон","pop_max":4459000,"featurecla":"Populated place","worldcity":0}},{"type":"Feature","geometry":{"type":"Point","coordinates":[-80.2261,25.7896]},"properties":{"name":"Miami","name_en":"Miami","name_zh":"迈阿密","name_zht":"迈阿密","name_ja":"マイアミ","name_ko":"마이애미","name_de":"Miami","name_fr":"Miami","name_es":"Miami","name_pt":"Miami","name_ru":"Майами","pop_max":5585000,"featurecla":"Populated place","worldcity":1}},{"type":"Feature","geometry":{"type":"Point","coordinates":[-84.4019,33.832]},"properties":{"name":"Atlanta","name_en":"Atlanta","name_zh":"亚特兰大","name_zht":"亚特兰大","name_ja":"アトランタ","name_ko":"애틀랜타","name_de":"Atlanta","name_fr":"Atlanta","name_es":"Atlanta","name_pt":"Atlanta","name_ru":"Атланта","pop_max":4506000,"featurecla":"Admin-1 capital","worldcity":1}},{"type":"Feature","geometry":{"type":"Point","coordinates":[-87.752,41.8319]},"properties":{"name":"Chicago","name_en":"Chicago","name_zh":"芝加哥","name_zht":"芝加哥","name_ja":"シカゴ","name_ko":"시카고","name_de":"Chicago","name_fr":"Chicago","name_es":"Chicago","name_pt":"Chicago","name_ru":"Чикаго","pop_max":8990000,"featurecla":"Populated place","worldcity":1}},{"type":"Feature","geometry":{"type":"Point","coordinates":[-66.919,10.5029]},"properties":{"name":"Caracas","name_en":"Caracas","name_zh":"卡拉卡斯","name_zht":"卡拉卡斯","name_ja":"カラカス","name_ko":"카라카스","name_de":"Caracas","name_fr":"Caracas","name_es":"Caracas","name_pt":"Caracas","name_ru":"Каракас","pop_max":2985000,"featurecla":"Admin-0 capital","worldcity":1}},{"type":"Feature","geometry":{"type":"Point","coordinates":[30.5147,50.4353]},"properties":{"name":"Kiev","name_en":"Kiev","name_zh":"基輔","name_zht":"基輔","name_ja":null,"name_ko":null,"name_de":"Kiew","name_fr":"Kiev","name_es":"Kiev","name_pt":"Kiev","name_ru":"Киев","pop_max":2709000,"featurecla":"Admin-0 capital","worldcity":0}},{"type":"Feature","geometry":{"type":"Point","coordinates":[55.278,25.2319]},"properties":{"name":"Dubai","name_en":"Dubai","name_zh":"迪拜","name_zht":"杜拜","name_ja":"ドバイ","name_ko":"두바이","name_de":"Dubai","name_fr":"Dubaï","name_es":"Dubái","name_pt":"Dubai","name_ru":"Дубай","pop_max":1379000,"featurecla":"Admin-1 capital","worldcity":1}},{"type":"Feature","geometry":{"type":"Point","coordinates":[69.293,41.3136]},"properties":{"name":"Tashkent","name_en":"Tashkent","name_zh":"塔什干","name_zht":"塔什干","name_ja":"タシュケント","name_ko":"타슈켄트","name_de":"Taschkent","name_fr":"Tachkent","name_es":"Taskent","name_pt":"Tashkent","name_ru":"Ташкент","pop_max":2184000,"featurecla":"Admin-0 capital","worldcity":0}},{"type":"Feature","geometry":{"type":"Point","coordinates":[-3.6853,40.402]},"properties":{"name":"Madrid","name_en":"Madrid","name_zh":"马德里","name_zht":"马德里","name_ja":"マドリード","name_ko":"마드리드","name_de":"Madrid","name_fr":"Madrid","name_es":"Madrid","name_pt":"Madrid","name_ru":"Мадрид","pop_max":5567000,"featurecla":"Admin-0 capital","worldcity":1}},{"type":"Feature","geometry":{"type":"Point","coordinates":[6.14,46.21]},"properties":{"name":"Geneva","name_en":"Geneva","name_zh":"日內瓦","name_zht":"日內瓦","name_ja":null,"name_ko":null,"name_de":"Genf","name_fr":"Genève","name_es":"Ginebra","name_pt":"Genebra","name_ru":"Женева","pop_max":1240000,"featurecla":"Admin-1 capital","worldcity":1}},{"type":"Feature","geometry":{"type":"Point","coordinates":[18.0954,59.3527]},"properties":{"name":"Stockholm","name_en":"Stockholm","name_zh":"斯德哥尔摩","name_zht":"斯德哥尔摩","name_ja":"ストックホルム","name_ko":"스톡홀름","name_de":"Stockholm","name_fr":"Stockholm","name_es":"Estocolmo","name_pt":"Estocolmo","name_ru":"Стокгольм","pop_max":1264000,"featurecla":"Admin-0 capital","worldcity":1}},{"type":"Feature","geometry":{"type":"Point","coordinates":[100.5147,13.7519]},"properties":{"name":"Bangkok","name_en":"Bangkok","name_zh":"曼谷","name_zht":"曼谷","name_ja":"バンコク","name_ko":"방콕","name_de":"Bangkok","name_fr":"Bangkok","name_es":"Bangkok","name_pt":"Banguecoque","name_ru":"Бангкок","pop_max":6704000,"featurecla":"Admin-0 capital","worldcity":1}},{"type":"Feature","geometry":{"type":"Point","coordinates":[-77.052,-12.0461]},"properties":{"name":"Lima","name_en":"Lima","name_zh":"利馬","name_zht":"利馬","name_ja":"リマ","name_ko":"리마","name_de":"Lima","name_fr":"Lima","name_es":"Lima","name_pt":"Lima","name_ru":"Лима","pop_max":8012000,"featurecla":"Admin-0 capital","worldcity":0}},{"type":"Feature","geometry":{"type":"Point","coordinates":[-17.4751,14.7178]},"properties":{"name":"Dakar","name_en":"Dakar","name_zh":"達喀爾","name_zht":"達喀爾","name_ja":"ダカール","name_ko":"다카르","name_de":"Dakar","name_fr":"Dakar","name_es":"Dakar","name_pt":"Dakar","name_ru":"Дакар","pop_max":2604000,"featurecla":"Admin-0 capital","worldcity":0}},{"type":"Feature","geometry":{"type":"Point","coordinates":[28.0281,-26.1681]},"properties":{"name":"Johannesburg","name_en":"Johannesburg","name_zh":"约翰内斯堡","name_zht":"约翰内斯堡","name_ja":"ヨハネスブルグ","name_ko":"요하네스버그","name_de":"Johannesburg","name_fr":"Johannesbourg","name_es":"Johannesburgo","name_pt":"Joanesburgo","name_ru":"Йоханнесбург","pop_max":3435000,"featurecla":"Admin-0 capital","worldcity":1}},{"type":"Feature","geometry":{"type":"Point","coordinates":[4.9147,52.3519]},"properties":{"name":"Amsterdam","name_en":"Amsterdam","name_zh":"阿姆斯特丹","name_zht":"阿姆斯特丹","name_ja":"Amusuterudamu","name_ko":"Amsŭt'erŭdam","name_de":"Amsterdam","name_fr":"Amsterdam","name_es":"Ámsterdam","name_pt":"Amesterdão","name_ru":"Амстердам","pop_max":1031000,"featurecla":"Admin-0 capital","worldcity":1}},{"type":"Feature","geometry":{"type":"Point","coordinates":[-7.6183,33.6019]},"properties":{"name":"Casablanca","name_en":"Casablanca","name_zh":"卡萨布兰卡","name_zht":"卡萨布兰卡","name_ja":"カサブランカ","name_ko":"카사블랑카","name_de":"Casablanca","name_fr":"Casablanca","name_es":"Casablanca","name_pt":"Casablanca","name_ru":"Касабланка","pop_max":3181000,"featurecla":"Admin-1 capital","worldcity":1}},{"type":"Feature","geometry":{"type":"Point","coordinates":[126.9978,37.5683]},"properties":{"name":"Seoul","name_en":"Seoul","name_zh":"首尔特别市","name_zht":"首爾","name_ja":"ソウル特別市","name_ko":"서울특별시","name_de":"Seoul","name_fr":"Séoul","name_es":"Seúl","name_pt":"Seul","name_ru":"Сеул","pop_max":9796000,"featurecla":"Admin-0 capital","worldcity":1}},{"type":"Feature","geometry":{"type":"Point","coordinates":[120.9803,14.6061]},"properties":{"name":"Manila","name_en":"Manila","name_zh":"馬尼拉","name_zht":"马尼拉","name_ja":"マニラ","name_ko":"마닐라","name_de":"Manila","name_fr":"Manille","name_es":"Manila","name_pt":"Manila","name_ru":"Манила","pop_max":11100000,"featurecla":"Admin-0 capital","worldcity":1}},{"type":"Feature","geometry":{"type":"Point","coordinates":[-100.3319,25.6719]},"properties":{"name":"Monterrey","name_en":"Monterrey","name_zh":"蒙特雷","name_zht":"蒙特雷","name_ja":"モンテレイ","name_ko":"몬테레이","name_de":"Monterrey","name_fr":"Monterrey","name_es":"Monterrey","name_pt":"Monterrei","name_ru":"Монтеррей","pop_max":3712000,"featurecla":"Admin-1 capital","worldcity":0}},{"type":"Feature","geometry":{"type":"Point","coordinates":[13.3996,52.5238]},"properties":{"name":"Berlin","name_en":"Berlin","name_zh":"柏林","name_zht":"柏林","name_ja":"ベルリン","name_ko":"베를린","name_de":"Berlin","name_fr":"Berlin","name_es":"Berlín","name_pt":"Berlim","name_ru":"Берлин","pop_max":3406000,"featurecla":"Admin-0 capital","worldcity":1}},{"type":"Feature","geometry":{"type":"Point","coordinates":[87.5731,43.807]},"properties":{"name":"Ürümqi","name_en":"Ürümqi","name_zh":"乌鲁木齐","name_zht":"乌鲁木齐","name_ja":"ウルムチ市","name_ko":"우루무치 시","name_de":"Ürümqi","name_fr":"Ürümqi","name_es":"Urumchi","name_pt":"Ürümqi","name_ru":"Урумчи","pop_max":2151000,"featurecla":"Admin-1 capital","worldcity":0}},{"type":"Feature","geometry":{"type":"Point","coordinates":[104.0681,30.6719]},"properties":{"name":"Chengdu","name_en":"Chengdu","name_zh":"成都","name_zht":"成都","name_ja":"成都市","name_ko":"청두 시","name_de":"Chengdu","name_fr":"Chengdu","name_es":"Chengdu","name_pt":"Chengdu","name_ru":"Чэнду","pop_max":4123000,"featurecla":"Admin-1 capital","worldcity":0}},{"type":"Feature","geometry":{"type":"Point","coordinates":[135.4582,34.752]},"properties":{"name":"Ōsaka","name_en":"Ōsaka","name_zh":"大阪市","name_zht":"大阪","name_ja":"大阪市","name_ko":"오사카 시","name_de":"Ōsaka","name_fr":"Osaka","name_es":"Osaka","name_pt":"Osaka","name_ru":"Осака","pop_max":11294000,"featurecla":"Admin-1 region capital","worldcity":1}},{"type":"Feature","geometry":{"type":"Point","coordinates":[15.313,-4.3278]},"properties":{"name":"Kinshasa","name_en":"Kinshasa","name_zh":"金夏沙","name_zht":"金夏沙","name_ja":"キンシャサ","name_ko":"킨샤사","name_de":"Kinshasa","name_fr":"Kinshasa","name_es":"Kinsasa","name_pt":"Kinshasa","name_ru":"Киншаса","pop_max":7843000,"featurecla":"Admin-0 capital","worldcity":0}},{"type":"Feature","geometry":{"type":"Point","coordinates":[77.2,28.6]},"properties":{"name":"New Delhi","name_en":"New Delhi","name_zh":"新德里","name_zht":"新德里","name_ja":"ニューデリー","name_ko":"뉴델리","name_de":"Neu-Delhi","name_fr":"New Delhi","name_es":"Nueva Delhi","name_pt":"Nova Deli","name_ru":"Нью-Дели","pop_max":317797,"featurecla":"Admin-0 capital","worldcity":1}},{"type":"Feature","geometry":{"type":"Point","coordinates":[77.5581,12.9719]},"properties":{"name":"Bangalore","name_en":"Bangalore","name_zh":"班加羅爾","name_zht":"班加羅爾","name_ja":null,"name_ko":null,"name_de":"Bangalore","name_fr":"Bangalore","name_es":"Bangalore","name_pt":"Bangalore","name_ru":"Бангалор","pop_max":6787000,"featurecla":"Admin-1 capital","worldcity":0}},{"type":"Feature","geometry":{"type":"Point","coordinates":[23.7314,37.9853]},"properties":{"name":"Athens","name_en":"Athens","name_zh":"雅典","name_zht":"雅典","name_ja":"アテネ","name_ko":"아테네","name_de":"Athen","name_fr":"Athènes","name_es":"Atenas","name_pt":"Atenas","name_ru":"Афины","pop_max":3242000,"featurecla":"Admin-0 capital","worldcity":1}},{"type":"Feature","geometry":{"type":"Point","coordinates":[44.3919,33.3406]},"properties":{"name":"Baghdad","name_en":"Baghdad","name_zh":"巴格达","name_zht":"巴格达","name_ja":"バグダード","name_ko":"바그다드","name_de":"Bagdad","name_fr":"Bagdad","name_es":"Bagdad","name_pt":"Bagdá","name_ru":"Багдад","pop_max":5054000,"featurecla":"Admin-0 capital","worldcity":0}},{"type":"Feature","geometry":{"type":"Point","coordinates":[38.6981,9.0353]},"properties":{"name":"Addis Ababa","name_en":"Addis Ababa","name_zh":"亚的斯亚贝巴","name_zht":"亚的斯亚贝巴","name_ja":"アディスアベバ","name_ko":"아디스아바바","name_de":"Addis Abeba","name_fr":"Addis-Abeba","name_es":"Adís Abeba","name_pt":"Adis Abeba","name_ru":"Аддис-Абеба","pop_max":3100000,"featurecla":"Admin-0 capital","worldcity":0}},{"type":"Feature","geometry":{"type":"Point","coordinates":[51.4224,35.6739]},"properties":{"name":"Tehran","name_en":"Tehran","name_zh":"德黑蘭","name_zht":"德黑兰","name_ja":"テヘラン","name_ko":"테헤란","name_de":"Teheran","name_fr":"Téhéran","name_es":"Teherán","name_pt":"Teerã","name_ru":"Тегеран","pop_max":7873000,"featurecla":"Admin-0 capital","worldcity":0}},{"type":"Feature","geometry":{"type":"Point","coordinates":[-123.1236,49.2754]},"properties":{"name":"Vancouver","name_en":"Vancouver","name_zh":"溫哥華","name_zht":"溫哥華","name_ja":"バンクーバー","name_ko":"밴쿠버","name_de":"Vancouver","name_fr":"Vancouver","name_es":"Vancouver","name_pt":"Vancouver","name_ru":"Ванкувер","pop_max":2313328,"featurecla":"Populated place","worldcity":0}},{"type":"Feature","geometry":{"type":"Point","coordinates":[-79.422,43.7019]},"properties":{"name":"Toronto","name_en":"Toronto","name_zh":"多伦多","name_zht":"多伦多","name_ja":"トロント","name_ko":"토론토","name_de":"Toronto","name_fr":"Toronto","name_es":"Toronto","name_pt":"Toronto","name_ru":"Торонто","pop_max":5213000,"featurecla":"Admin-1 capital","worldcity":1}},{"type":"Feature","geometry":{"type":"Point","coordinates":[-58.3995,-34.6006]},"properties":{"name":"Buenos Aires","name_en":"Buenos Aires","name_zh":"布宜诺斯艾利斯","name_zht":"布宜諾斯艾利斯","name_ja":"ブエノスアイレス","name_ko":"부에노스아이레스","name_de":"Buenos Aires","name_fr":"Buenos Aires","name_es":"Buenos Aires","name_pt":"Buenos Aires","name_ru":"Буэнос-Айрес","pop_max":12795000,"featurecla":"Admin-0 capital","worldcity":1}},{"type":"Feature","geometry":{"type":"Point","coordinates":[69.1813,34.5186]},"properties":{"name":"Kabul","name_en":"Kabul","name_zh":"喀布尔","name_zht":"喀布尔","name_ja":"カブール","name_ko":"카불","name_de":"Kabul","name_fr":"Kaboul","name_es":"Kabul","name_pt":"Cabul","name_ru":"Кабул","pop_max":3277000,"featurecla":"Admin-0 capital","worldcity":0}},{"type":"Feature","geometry":{"type":"Point","coordinates":[16.3647,48.202]},"properties":{"name":"Vienna","name_en":"Vienna","name_zh":"維也納","name_zht":"維也納","name_ja":"ウィーン","name_ko":"빈","name_de":"Wien","name_fr":"Vienne","name_es":"Viena","name_pt":"Viena","name_ru":"Вена","pop_max":2400000,"featurecla":"Admin-0 capital","worldcity":1}},{"type":"Feature","geometry":{"type":"Point","coordinates":[144.9731,-37.8181]},"properties":{"name":"Melbourne","name_en":"Melbourne","name_zh":"墨尔本","name_zht":"墨尔本","name_ja":"メルボルン","name_ko":"멜버른","name_de":"Melbourne","name_fr":"Melbourne","name_es":"Melbourne","name_pt":"Melbourne","name_ru":"Мельбурн","pop_max":4170000,"featurecla":"Admin-1 capital","worldcity":1}},{"type":"Feature","geometry":{"type":"Point","coordinates":[121.5683,25.0358]},"properties":{"name":"Taipei","name_en":"Taipei","name_zh":"台北市","name_zht":"臺北","name_ja":"台北市","name_ko":"타이베이","name_de":"Taipeh","name_fr":"Taipei","name_es":"Taipéi","name_pt":"Taipé","name_ru":"Тайбэй","pop_max":6900273,"featurecla":"Admin-0 capital","worldcity":1}},{"type":"Feature","geometry":{"type":"Point","coordinates":[174.763,-36.8481]},"properties":{"name":"Auckland","name_en":"Auckland","name_zh":"奧克蘭都會區","name_zht":"奧克蘭都會區","name_ja":"オークランド","name_ko":"오클랜드","name_de":"Auckland","name_fr":"Auckland","name_es":"Auckland","name_pt":"Auckland","name_ru":"Окленд","pop_max":1377200,"featurecla":"Admin-1 capital","worldcity":1}},{"type":"Feature","geometry":{"type":"Point","coordinates":[-118.1819,33.9919]},"properties":{"name":"Los Angeles","name_en":"Los Angeles","name_zh":"洛杉矶","name_zht":"洛杉矶","name_ja":"ロサンゼルス","name_ko":"로스앤젤레스","name_de":"Los Angeles","name_fr":"Los Angeles","name_es":"Los Ángeles","name_pt":"Los Angeles","name_ru":"Лос-Анджелес","pop_max":12500000,"featurecla":"Populated place","worldcity":1}},{"type":"Feature","geometry":{"type":"Point","coordinates":[-77.0114,38.9015]},"properties":{"name":"Washington, D.C.","name_en":"Washington, D.C.","name_zh":"华盛顿特区","name_zht":"華盛頓哥倫比亞特區","name_ja":"Washington","name_ko":"워싱턴 D.C.","name_de":"Washington, D.C.","name_fr":"Washington","name_es":"Washington D. C.","name_pt":"Washington","name_ru":"Вашингтон","pop_max":4338000,"featurecla":"Admin-0 capital","worldcity":1}},{"type":"Feature","geometry":{"type":"Point","coordinates":[-73.982,40.7519]},"properties":{"name":"New York","name_en":"New York City","name_zh":"纽约","name_zht":"纽约","name_ja":null,"name_ko":null,"name_de":"New York City","name_fr":"New York","name_es":"Nueva York","name_pt":"Nova Iorque","name_ru":"Нью-Йорк","pop_max":19040000,"featurecla":"Populated place","worldcity":1}},{"type":"Feature","geometry":{"type":"Point","coordinates":[-0.1187,51.5019]},"properties":{"name":"London","name_en":"London","name_zh":"倫敦","name_zht":"倫敦","name_ja":"ロンドン","name_ko":"런던","name_de":"London","name_fr":"Londres","name_es":"Londres","name_pt":"Londres","name_ru":"Лондон","pop_max":8567000,"featurecla":"Admin-0 capital","worldcity":1}},{"type":"Feature","geometry":{"type":"Point","coordinates":[29.0081,41.1069]},"properties":{"name":"Istanbul","name_en":"Istanbul","name_zh":"伊斯坦堡","name_zht":"伊斯坦堡","name_ja":"イスタンブール","name_ko":"이스탄불","name_de":"Istanbul","name_fr":"Istanbul","name_es":"Estambul","name_pt":"Istambul","name_ru":"Стамбул","pop_max":10061000,"featurecla":"Admin-1 capital","worldcity":1}},{"type":"Feature","geometry":{"type":"Point","coordinates":[46.7708,24.6428]},"properties":{"name":"Riyadh","name_en":"Riyadh","name_zh":"利雅德","name_zht":"利雅德","name_ja":"リヤド","name_ko":"리야드","name_de":"Riad","name_fr":"Riyad","name_es":"Riad","name_pt":"Riade","name_ru":"Эр-Рияд","pop_max":4465000,"featurecla":"Admin-0 capital","worldcity":1}},{"type":"Feature","geometry":{"type":"Point","coordinates":[18.433,-33.9181]},"properties":{"name":"Cape Town","name_en":"Cape Town","name_zh":"開普敦","name_zht":"開普敦","name_ja":"ケープタウン","name_ko":"케이프타운","name_de":"Kapstadt","name_fr":"Le Cap","name_es":"Ciudad del Cabo","name_pt":"Cidade do Cabo","name_ru":"Кейптаун","pop_max":3215000,"featurecla":"Admin-0 capital","worldcity":1}},{"type":"Feature","geometry":{"type":"Point","coordinates":[37.6136,55.7541]},"properties":{"name":"Moscow","name_en":"Moscow","name_zh":"莫斯科","name_zht":"莫斯科","name_ja":"モスクワ","name_ko":"모스크바","name_de":"Moskau","name_fr":"Moscou","name_es":"Moscú","name_pt":"Moscovo","name_ru":"Москва","pop_max":10452000,"featurecla":"Admin-0 capital","worldcity":1}},{"type":"Feature","geometry":{"type":"Point","coordinates":[-99.1329,19.4444]},"properties":{"name":"Mexico City","name_en":"Mexico City","name_zh":"墨西哥城","name_zht":"墨西哥城","name_ja":"メキシコシティ","name_ko":"멕시코시티","name_de":"Mexiko-Stadt","name_fr":"Mexico","name_es":"Ciudad de México","name_pt":"Cidade do México","name_ru":"Мехико","pop_max":19028000,"featurecla":"Admin-0 capital","worldcity":1}},{"type":"Feature","geometry":{"type":"Point","coordinates":[3.3896,6.4452]},"properties":{"name":"Lagos","name_en":"Lagos","name_zh":"拉哥斯","name_zht":"拉哥斯","name_ja":"ラゴス","name_ko":"라고스","name_de":"Lagos","name_fr":"Lagos","name_es":"Lagos","name_pt":"Lagos","name_ru":"Лагос","pop_max":9466000,"featurecla":"Admin-0 capital alt","worldcity":1}},{"type":"Feature","geometry":{"type":"Point","coordinates":[12.4813,41.8979]},"properties":{"name":"Rome","name_en":"Rome","name_zh":"罗马市","name_zht":"罗马","name_ja":"ローマ","name_ko":"로마","name_de":"Rom","name_fr":"Rome","name_es":"Roma","name_pt":"Roma","name_ru":"Рим","pop_max":3339000,"featurecla":"Admin-0 capital","worldcity":1}},{"type":"Feature","geometry":{"type":"Point","coordinates":[116.3863,39.9308]},"properties":{"name":"Beijing","name_en":"Beijing","name_zh":"北京","name_zht":"北京","name_ja":"北京市","name_ko":"베이징","name_de":"Peking","name_fr":"Pékin","name_es":"Pekín","name_pt":"Pequim","name_ru":"Пекин","pop_max":11106000,"featurecla":"Admin-0 capital","worldcity":1}},{"type":"Feature","geometry":{"type":"Point","coordinates":[36.8147,-1.2814]},"properties":{"name":"Nairobi","name_en":"Nairobi","name_zh":"奈洛比","name_zht":"奈洛比","name_ja":"ナイロビ","name_ko":"나이로비","name_de":"Nairobi","name_fr":"Nairobi","name_es":"Nairobi","name_pt":"Nairóbi","name_ru":"Найроби","pop_max":3010000,"featurecla":"Admin-0 capital","worldcity":1}},{"type":"Feature","geometry":{"type":"Point","coordinates":[106.8275,-6.1725]},"properties":{"name":"Jakarta","name_en":"Jakarta","name_zh":"雅加达","name_zht":"雅加达","name_ja":"ジャカルタ","name_ko":"자카르타","name_de":"Jakarta","name_fr":"Jakarta","name_es":"Yakarta","name_pt":"Jacarta","name_ru":"Джакарта","pop_max":9125000,"featurecla":"Admin-0 capital","worldcity":1}},{"type":"Feature","geometry":{"type":"Point","coordinates":[-74.0853,4.5984]},"properties":{"name":"Bogota","name_en":"Bogota","name_zh":"波哥大","name_zht":"波哥大","name_ja":"ボゴタ","name_ko":"보고타","name_de":"Bogotá","name_fr":"Bogota","name_es":"Bogotá","name_pt":"Bogotá","name_ru":"Богота","pop_max":7772000,"featurecla":"Admin-0 capital","worldcity":1}},{"type":"Feature","geometry":{"type":"Point","coordinates":[31.248,30.0519]},"properties":{"name":"Cairo","name_en":"Cairo","name_zh":"開羅","name_zht":"開羅","name_ja":"カイロ","name_ko":"카이로","name_de":"Kairo","name_fr":"Le Caire","name_es":"El Cairo","name_pt":"Cairo","name_ru":"Каир","pop_max":11893000,"featurecla":"Admin-0 capital","worldcity":1}},{"type":"Feature","geometry":{"type":"Point","coordinates":[121.4346,31.2184]},"properties":{"name":"Shanghai","name_en":"Shanghai","name_zh":"上海","name_zht":"上海","name_ja":"上海","name_ko":"상하이","name_de":"Shanghai","name_fr":"Shanghai","name_es":"Shanghái","name_pt":"Xangai","name_ru":"Шанхай","pop_max":14987000,"featurecla":"Admin-1 capital","worldcity":1}},{"type":"Feature","geometry":{"type":"Point","coordinates":[139.7495,35.687]},"properties":{"name":"Tokyo","name_en":"Tokyo","name_zh":"東京","name_zht":"東京都","name_ja":"東京都","name_ko":"도쿄","name_de":"Präfektur Tokio","name_fr":"Tokyo","name_es":"Tokio","name_pt":"Tóquio","name_ru":"Токио","pop_max":35676000,"featurecla":"Admin-0 capital","worldcity":1}},{"type":"Feature","geometry":{"type":"Point","coordinates":[72.855,19.0189]},"properties":{"name":"Mumbai","name_en":"Mumbai","name_zh":"孟买","name_zht":"孟买","name_ja":"ムンバイ","name_ko":"뭄바이","name_de":"Mumbai","name_fr":"Bombay","name_es":"Bombay","name_pt":"Bombaim","name_ru":"Мумбаи","pop_max":18978000,"featurecla":"Admin-1 capital","worldcity":1}},{"type":"Feature","geometry":{"type":"Point","coordinates":[2.3314,48.8686]},"properties":{"name":"Paris","name_en":"Paris","name_zh":"巴黎","name_zht":"巴黎","name_ja":"パリ","name_ko":"파리","name_de":"Paris","name_fr":"Paris","name_es":"París","name_pt":"Paris","name_ru":"Париж","pop_max":9904000,"featurecla":"Admin-0 capital","worldcity":1}},{"type":"Feature","geometry":{"type":"Point","coordinates":[-70.669,-33.4481]},"properties":{"name":"Santiago","name_en":"Santiago","name_zh":"圣地亚哥","name_zht":"圣地亚哥－德智利","name_ja":"サンティアゴ","name_ko":"산티아고","name_de":"Santiago de Chile","name_fr":"Santiago","name_es":"Santiago de Chile","name_pt":"Santiago","name_ru":"Сантьяго","pop_max":5720000,"featurecla":"Admin-0 capital","worldcity":1}},{"type":"Feature","geometry":{"type":"Point","coordinates":[88.3227,22.4969]},"properties":{"name":"Kolkata","name_en":"Kolkata","name_zh":"加尔各答","name_zht":"加尔各答","name_ja":"コルカタ","name_ko":"콜카타","name_de":"Kalkutta","name_fr":"Calcutta","name_es":"Calcuta","name_pt":"Calcutá","name_ru":"Калькутта","pop_max":14787000,"featurecla":"Admin-1 capital","worldcity":0}},{"type":"Feature","geometry":{"type":"Point","coordinates":[-43.227,-22.9231]},"properties":{"name":"Rio de Janeiro","name_en":"Rio de Janeiro","name_zh":"里约热内卢","name_zht":"里约热内卢","name_ja":"リオデジャネイロ","name_ko":"리우데자네이루","name_de":"Rio de Janeiro","name_fr":"Rio de Janeiro","name_es":"Río de Janeiro","name_pt":"Rio de Janeiro","name_ru":"Рио-де-Жанейро","pop_max":11748000,"featurecla":"Admin-1 capital","worldcity":1}},{"type":"Feature","geometry":{"type":"Point","coordinates":[-46.627,-23.5567]},"properties":{"name":"São Paulo","name_en":"São Paulo","name_zh":"圣保罗","name_zht":"聖保羅","name_ja":"サンパウロ","name_ko":"상파울루","name_de":"São Paulo","name_fr":"São Paulo","name_es":"São Paulo","name_pt":"São Paulo","name_ru":"Сан-Паулу","pop_max":18845000,"featurecla":"Admin-1 capital","worldcity":1}},{"type":"Feature","geometry":{"type":"Point","coordinates":[151.1832,-33.9181]},"properties":{"name":"Sydney","name_en":"Sydney","name_zh":"悉尼","name_zht":"悉尼","name_ja":"シドニー","name_ko":"시드니","name_de":"Sydney","name_fr":"Sydney","name_es":"Sídney","name_pt":"Sydney","name_ru":"Сидней","pop_max":4630000,"featurecla":"Admin-1 capital","worldcity":1}},{"type":"Feature","geometry":{"type":"Point","coordinates":[103.8539,1.295]},"properties":{"name":"Singapore","name_en":"Singapore","name_zh":"新加坡","name_zht":"新加坡","name_ja":"シンガポール","name_ko":"싱가포르","name_de":"Singapur","name_fr":"Singapour","name_es":"Singapur","name_pt":"Singapura","name_ru":"Сингапур","pop_max":5183700,"featurecla":"Admin-0 capital","worldcity":1}},{"type":"Feature","geometry":{"type":"Point","coordinates":[114.1831,22.3069]},"properties":{"name":"Hong Kong","name_en":"Hong Kong","name_zh":"香港","name_zht":"香港","name_ja":"香港","name_ko":"홍콩","name_de":"Hongkong","name_fr":"Hong Kong","name_es":"Hong Kong","name_pt":"Hong Kong","name_ru":"Гонконг","pop_max":7206000,"featurecla":"Admin-0 region capital","worldcity":1}}]}